Title,Brand,Price,Discount,Stock Status,Rating,Social Proof,URL
"HP Ink Advantage Ultra 4826 Print, Copy, Scan, Self Reset Dual Band WiFi, 2 Sets of Inbox Cartridges, Smart App Setup. Print per Page (44p for B/W and 81p for Colour), Ideal for Home",Visit the HP Store,"₹11,250","9,450",In stock,"4.1  4.1 out of 5 stars  (1,245)",,https://www.amazon.in/HP-Deskjet-Advantage-self-Reset-42-4X55-5X24-5/dp/B09HXR44XS
"HPRT MT800Q Carbon Tape Printer Portable Printer Support 8.5"" X 11"" US Letter & A4 Paper Bluetooth Wireless Travel Printer Compatible with Android and iOS, Suitable for On The Go (White)","Visit the store, HPRT    HPRT   Visit the store","₹23,680","16,200",In stock,Rating not found,,https://www.amazon.in/HPRT-MT800Q-Portable-Bluetooth-Compatible/dp/B0BR7N2FLR
Brother HL-L2351DW Monochrome Laser Printer with Auto Duplex & Wi-Fi Printing,Visit the Brother Store,Discount not found,"13,249",Stock info not found,4.3  4.3 out of 5 stars  (449),,https://www.amazon.in/Brother-HL-L2351DW-Laser-Printer-Black/dp/B07GLPXZKR
"HP Laser MFP 138fnw, Wireless, Print, Copy, Scan, Fax, 40-Sheet ADF, Ethernet, Hi-Speed USB 2.0, Up to 21 ppm, 150-sheet Input Tray, 100-sheet Output Tray, Black and White, 1-Year Warranty, 4ZB91A",Visit the HP Store,"₹34,500","28,999",Only 1 left in stock.,"4.0  4.0 out of 5 stars  (1,294)",,https://www.amazon.in/HP-Laser-138fnw-Network-Wireless/dp/B07RWL4TVF
"HP Laser 1008a Printer, Single Function, Print, Hi-Speed USB 2.0, Up to 21 ppm, 150-sheet Input Tray, 100-sheet Output Tray, 10,000-page Duty Cycle, 1-Year Warranty, Black and White, 714Z8A",Visit the HP Store,"₹14,204","11,499",In stock,3.5  3.5 out of 5 stars  (59),,https://www.amazon.in/HP-Function-150-sheet-100-sheet-714Z8A/dp/B0C28FHWFF
Canon PIXMA MegaTank G2770 All-in-one Inktank Colour Printer with 1 Year Additional Warranty on Product Registration,"Visit the store, Canon    Canon   Visit the store","₹15,840","11,499",In stock,Rating not found,,https://www.amazon.in/Canon-G2770-Inktank-Blaupunkt-Redemption/dp/B0BY94WDGF
"Epson Tm-T82 (USB Pos Monochrome Wired Home Inkjet Printers), Gray",Visit the Epson Store,"₹15,999","11,897",In stock,4.1  4.1 out of 5 stars  (78),,https://www.amazon.in/Epson-TM-T82-USB-Box-Printer/dp/B07GF6LLS4
SEIBEN XP320M 80MM Heavy Duty USB POS Thermal Printer with Auto Cutter.,,"₹6,000","4,499",In stock,4.3  4.3 out of 5 stars  (307),,https://www.amazon.in/SEIBEN-Xprinter-XP320M-Thermal-Interface/dp/B08X4DBGH1
"TSC Te210 Thermal Transfer Monochrome Wired Home Inkjet Printers, 4"" (Desktop), Black",Visit the TSC Store,"₹19,999","14,599",In stock,3.8  3.8 out of 5 stars,,https://www.amazon.in/TSC-TE210-Thermal-Transfer-Printer/dp/B07G79WF8G
Epson EcoTank L3256 Wi-Fi Multifunction InkTank Printer,Visit the Epson Store,"₹17,999","13,999",In stock,3.8  3.8 out of 5 stars  (83),,https://www.amazon.in/Epson-EcoTank-L3256-White-Printer/dp/B09Q63YWR3
"Epson Ecotank M205 Wi-Fi Multifunction B&W Wireless Colour Solid Ink Printers, Black",Visit the Epson Store,Discount not found,"19,899",In stock,4.1  4.1 out of 5 stars  (401),,https://www.amazon.in/Epson-M205-Wireless-Black-Printer/dp/B01565GBGK
"RIITEK PeriPage 304 DPI Ultra HD Resolution A6 Mini Printer; Wireless Bluetooth Portable Inkless Thermal Printer for Printing Label, Sticker, Photo, QR Code, Receipt (Pink)(1 Year Warranty)","Visit the store, RIITEK    RIITEK   Visit the store","₹4,990","2,700",In stock,Rating not found,,https://www.amazon.in/Riitek-PeriPage-Resolution-Wireless-Bluetooth/dp/B0BPYLWSQB
LENVII LV-275 2 inch Thermal Label Printer | Barcode Printer Machine | Thermal Sticker Printer | Compatible with Windows/Mac | Suitable Thermal Printer for Amazon Label Printing - NOT Receipt Printer,Visit the LENVII Store,Discount not found,Price not found,Stock info not found,4.0  4.0 out of 5 stars,,https://www.amazon.in/LENVII-LV-275-Printer-Barcode-Compatible/dp/B0BV9FJJX2
"ATPOS Hl-300 80Mm (3 Inches) Direct Thermal Monochrome Wired Home InkJet Printers | Esc/Pos Print Billing (Usb, 220Mm/S) | Auto Cutter, Black",,"₹5,500","3,999",In stock,4.2  4.2 out of 5 stars  (151),,https://www.amazon.in/HL-300-Inches-Thermal-Printer-Billing/dp/B084P9FV8Z
"KODAK Mini 3 Retro 4PASS Portable Photo Printer (3x3 inches) + 68 Sheets Bundle, Black","Visit the store, KODAK    KODAK   Visit the store","₹21,799","12,999",In stock,Rating not found,,https://www.amazon.in/Kodak-Square-Portable-Printer-Sheets/dp/B08FSZMMN1
Epson EcoTank M105 Wi-Fi Single Function B&W Printer,Visit the Epson Store,Discount not found,"11,699",Stock info not found,4.2  4.2 out of 5 stars  (157),,https://www.amazon.in/Epson-M105-Function-Monochrome-Printer/dp/B01582UPL8
Epson LQ-310 Dot Matrix Printer,Visit the Epson Store,"₹24,990","15,769",In stock,3.7  3.7 out of 5 stars  (45),,https://www.amazon.in/Epson-LQ-310-Dot-Matrix-Printer/dp/B00XKZRH44
Epson EcoTank Monochrome M2120 All-in-One InkTank WiFi Printer,Visit the Epson Store,"₹19,399","17,699",In stock,4.2  4.2 out of 5 stars  (50),,https://www.amazon.in/Epson-EcoTank-Monochrome-InkTank-Printer/dp/B08QD5GNQL
"HPRT Shipping Label Printer Thermal Printer 4x6, Barcode Printer for Shipping Packages, 150mm/s High-Speed Thermal Printer for Windows & MAC, Compatible with India Post DHL，Amazon","Visit the store, HPRT    HPRT   Visit the store",Discount not found,"6,930",Stock info not found,Rating not found,,https://www.amazon.in/HPRT-SL42-High-Speed-Compatible-Delhivery/dp/B0BR7JSGTH
"Canon imageCLASS MF275dw 4-in-1 (Print, Scan, Copy, Fax) Monochrome WiFi Laser Printer with Auto Duplex Printing for Home/Office","Visit the store, Canon    Canon   Visit the store",Discount not found,"22,299",Stock info not found,Rating not found,,https://www.amazon.in/Canon-imageCLASS-MF275dw-Monochrome-Printing/dp/B0CG8YSYR1
"Niyama BT-58 Thermal Receipt Printer Portable Mobile Mini Small Printer 2 Inch Bluetooth + USB 58MM for Restaurant, Sales, Kitchen, Retail Supports Window Android iOS (Without Adaptor)",,Discount not found,"2,848",Stock info not found,4.4  4.4 out of 5 stars  (17),,https://www.amazon.in/Niyama-BT-58-Portable-Bluetooth-Restaurant/dp/B0BCX5TXPH
Print Star MF244 ADF Hinges Compatible with Canon MF244 & MF4412,"Visit the store, Print Star    Print Star   Visit the store",₹599,269,In stock,Rating not found,,https://www.amazon.in/Print-Star-Hinges-Compatible-MF4412/dp/B0BWF2SZZQ
Onsitego 2 Years Extended Warranty for Printers and Scanners from Rs. 10001 to Rs. 20000 (Email Delivery - No Physical Kit),"Visit the store, ONSITEGO    ONSITEGO   Visit the store","₹1,999","1,495",In stock,Rating not found,,https://www.amazon.in/OnsiteGo-Extended-Warranty-Printers-Scanners/dp/B01N1QT3IG
"HipponixTech Disk Round Encoder Original for Canon G-Series G2000,G1000,G3000,G4000,G1010,G2010,G2020,G3010,G2002 Printer",,₹499,249,In stock,4.3  4.3 out of 5 stars  (14),,https://www.amazon.in/HipponixTech-Encoder-Original-Canon-Printer/dp/B0CGXXBRKJ
ATPOS AT-302 80mm (3 Inches) Direct Thermal Printer | Auto Cutter | ESC/POS Print Billing Invoice (USB+LAN),,"₹8,750","5,799",In stock,4.1  4.1 out of 5 stars  (32),,https://www.amazon.in/AT-302-Inches-Thermal-Printer-Billing/dp/B084D3NTNR
Canon PIXMA E3370 All-in-One Wireless Ink Efficient Color Printer (Black),"Visit the store, Canon    Canon   Visit the store","₹9,500","6,589",Only 2 left in stock.,Rating not found,,https://www.amazon.in/Canon-E3370-Wireless-Efficient-Printer/dp/B08237TT4L
Title not found,Brand not found,Discount not found,Price not found,Stock info not found,Rating not found,No social proof available,URL not found
Brother Ptouch PT-H105 Label Printer,Visit the Brother Store,"₹6,800","5,749",In stock,3.7  3.7 out of 5 stars  (49),,https://www.amazon.in/PT-H105-Portable-Handheld-Electronic-Labeller/dp/B00N2UET3E
"HP Ink Advantage Ultra 4826 Print, Copy, Scan, Self Reset Dual Band WiFi, 2 Sets of Inbox Cartridges",Visit the HP Store,"₹11,825","1,182",In stock,5.0  5.0 out of 5 stars  (2),,https://www.amazon.in/HP-Advantage-Cartridges-Original-Cartridge/dp/B0BQG35VXX
Epson EcoTank L3215 A4 All-in-One Ink Tank Printer,Visit the Epson Store,"₹14,999","13,696",In stock,3.3  3.3 out of 5 stars  (57),,https://www.amazon.in/Epson-L3215-Color-Printer-White/dp/B09L5XC1L8
"PeriPeri 4x6 Wireless USB+Bluetooth Direct Thermal Label Barcode, Receipt Printer Adjustable Label/Receipt Size Support Android iOS Windows Mac Linux Chrome OS 152mm/s Printing Speed (1Year Warranty)",Visit the PeriPeri Store,"₹19,999","7,399",In stock,3.4  3.4 out of 5 stars,,https://www.amazon.in/PeriPeri-4inch-Label-Printer-Compatible/dp/B0C7XGZNTV
Canon imageCLASS LBP6030w Wireless Laser Printer,"Visit the store, Canon    Canon   Visit the store",Discount not found,"13,499",Stock info not found,Rating not found,,https://www.amazon.in/Canon-USA-LBP6030W-Monochrome-Printer/dp/B00K5UZO0Q
"HP Laserjet Tank 1005 Print+Copy+Scan, Lowest Cost/Page - B&W Prints, Easy 15 Sec Toner Refill, Smart Guided Buttons, Best for Business",Visit the HP Store,"₹28,500","17,849",Only 1 left in stock.,3.6  3.6 out of 5 stars  (69),,https://www.amazon.in/HP-Laserjet-Tank-1005-Printer/dp/B09T3M8Q27
"HP Ink Advantage 4178 Wireless Color, Monochrome Home Inkjet Printers, Automatic Document Feeder, Co",Visit the HP Store,Discount not found,Price not found,Stock info not found,4.0  4.0 out of 5 stars  (1),,https://www.amazon.in/HP-Advantage-Automatic-Tri-Color-Cartridge/dp/B0BBKCPHYB
Brother Ptouch PT-D210 Label Printer,Visit the Brother Store,"₹12,990","8,000",Only 1 left in stock.,4.1  4.1 out of 5 stars,,https://www.amazon.in/Brother-Ptouch-PT-D210-Label-Machine/dp/B0892TVVQ5
TSC TE 244 Barcode Printer with One Label Roll and One Wax Ribbon Free,Visit the TSC Store,"₹19,999","13,900",In stock,3.5  3.5 out of 5 stars  (14),,https://www.amazon.in/TSC-TE-244-Barcode-Printer/dp/B09M8ML2T1
"M1005 Scanner Top Cover, Laser Jet M1005 CCD Cover CB376-60105 Imported",,₹799,680,In stock,3.9  3.9 out of 5 stars  (8),,https://www.amazon.in/M1005-Scanner-Top-Cover-CB376-60105/dp/B0C2KBVQ6P
Canon imageClass MF272dw All in One Monochrome WiFi 29ppm Laser Printer with Duplex,Visit the Canon Store,"₹30,500","22,899",Only 1 left in stock.,3.5  3.5 out of 5 stars,,https://www.amazon.in/Canon-imageClass-MF272dw-Monochrome-Printer/dp/B0C4NVVMLM
"Epson EcoTank L15150 Print, Scan, Copy, Fax, ADF, Auto Duplex,WiFi,Network A3 Printer, Black, Medium",Visit the Epson Store,Discount not found,"25,499",Stock info not found,4.0  4.0 out of 5 stars  (33),,https://www.amazon.in/Epson-EcoTank-L15150-Duplex-Printer/dp/B08X4CB3YC
"HP Ink Advantage 2778 Wireless Printer, Copy, Scan, Dual Band WiFi, Bluetooth, USB, Simple Setup SMA",Visit the HP Store,"₹9,626","19,499",Only 2 left in stock.,3.9  3.9 out of 5 stars  (75),,https://www.amazon.in/HP-2778-Advantage-Wireless-Printer/dp/B08KG9DT6F
"HP Colour Laser 150nw Wireless Color Laser Printer with Built-in Ethernet and WiFi-Direct, Smallest Color Laser in its Class",Visit the HP Store,"₹38,631","33,477",In stock,"3.8  3.8 out of 5 stars  (2,135)",,https://www.amazon.in/HP-Colour-Laser-Wireless-Printer/dp/B07R99FQ91
TVS ELECTRONICS RP-45 Shoppe POS Dot Matrix Printer | Faster Printing Speed | 4-in 1 Connectivity | Compact & User-Friendly,"Visit the store, TVS ELECTRONICS    TVS ELECTRONICS   Visit the store","₹14,495","10,192",Only 1 left in stock.,Rating not found,,https://www.amazon.in/TVS-ELECTRONICS-RP-45-Connectivity-User-Friendly/dp/B00HYUKLBM
"Original Hoin 58mm Portable Rechargeable Thermal Printer. Bluetooth + USB Interface, with Charger","Visit the store, HOIN    HOIN   Visit the store","₹3,000","1,999",In stock,Rating not found,,https://www.amazon.in/Portable-Rechargeable-Printer-Bluetooth-Interface/dp/B09YLR47WM
"LENVII Thermal Shipping Label Printer 4×6"" Label Sticker Printer | 203DPI 127mm/s Printing Speed Thermal Barcode Printer | Compatible with Windows,Mac | Use for Amazon,FK,UPS,DHL,FedEx Shipping Label",Visit the LENVII Store,"₹19,879","9,999",In stock,3.6  3.6 out of 5 stars,,https://www.amazon.in/LENVII-LV-1200-Thermal-Printer-Printer-Monochrome-Label/dp/B09JNQYBJK
"(Refurbished) Brother DCP-T820DW All-in One Ink Tank Refill System Printer with Wi-Fi and Auto Duplex Printing, Black, Medium",Visit the Amazon Renewed Store,Discount not found,Price not found,Stock info not found,3.3  3.3 out of 5 stars  (6),,https://www.amazon.in/Renewed-Brother-DCP-T820DW-Printer-Printing/dp/B0BFL971X9
HP Ink Tank 316 All-in-one Colour Printer with Upto 7500 Black and 8000 Colour Pages Included in The,Visit the HP Store,Discount not found,729,Stock info not found,Rating not found,,https://www.amazon.in/HP-Capacity-Borderless-Printing-Cartridge/dp/B0BK8LXWQ1
Dotpot Laserjet/PHOTOCOPIER Grease for All Laser Printers,"Visit the store, Dotpot    Dotpot   Visit the store",Discount not found,215,Stock info not found,Rating not found,,https://www.amazon.in/Dotpot-Laserjet-PHOTOCOPIER-Grease-Printers/dp/B09DL5VQ44
Brother MFC L2701DW Multi-Function Monochrome Laser Printer with Auto Duplex Printing & Wi-Fi,Visit the Brother Store,"₹29,999","21,235",Only 1 left in stock.,3.8  3.8 out of 5 stars  (119),,https://www.amazon.in/Brother-Solutions-MFC-L2701DW-Multifunction/dp/B00VUWJVFW
PeriPeri PeriPage A6 Mini Thermal Printer (1Year Warranty) Inkless Bluetooth Pocket Printer for Print Picture List Memo Tags Barcode Receipt Labels. (White),"Visit the store, PeriPeri    PeriPeri   Visit the store","₹4,499","2,299",In stock,Rating not found,,https://www.amazon.in/PeriPeri-PeriPage-A6-Warranty-Bluetooth/dp/B0C8HX597K
TSC TTP 244 PRO Barcode Printer 203 DPI Desktop Thermal Transfer Label Bar Code Printer,Visit the TSC Store,"₹18,000","14,100",In stock,3.9  3.9 out of 5 stars  (60),,https://www.amazon.in/TSC-TTP-244-Desktop-Barcode-Printer/dp/B07PZCKCXZ
"Canon imageCLASS MF274dn 4-in-1 (Print, Scan, Copy, Fax) Monochrome Laser Printer with Auto Duplex Printing for Home/Office","Visit the store, Canon    Canon   Visit the store","₹32,995","23,999",In stock,Rating not found,,https://www.amazon.in/Canon-imageCLASS-MF274dn-Monochrome-Printing/dp/B0CG9DWGWQ
"TSC Ttp 244 Pro Barcode Monochrome Wired Home Inkjet Printers 203 Dpi Desktop Thermal Transfer Label Bar Code, Black",Visit the TSC Store,"₹20,000","13,699",In stock,3.8  3.8 out of 5 stars  (70),,https://www.amazon.in/TSC-TTP-244-Barcode-Printer/dp/B07RHFCMKN
Lapcare LPC278A Toner Cartridge,Visit the Lapcare Store,"₹1,597",468,In stock,3.7  3.7 out of 5 stars,,https://www.amazon.in/Lapcare-LPC278A-Toner-Cartridge/dp/B01KC1ZDMQ
Pantum M6518 Monochrome Laser Multifunction | Black,,"₹18,990","14,980",In stock,3.7  3.7 out of 5 stars  (23),,https://www.amazon.in/Pantum-M6518-Monochrome-Laser-Multifunction/dp/B09MRR8BS2
Motor Gear Pully 5Pc Pack compatiable for HP Laserjet 1020 2900 M1005,,Discount not found,274,Stock info not found,4.0  4.0 out of 5 stars  (57),,https://www.amazon.in/CPS-Motor-Pully-compatiable-Laserjet/dp/B08L4TLMPG
CPS ADF Hinges for Sam CLX3170 3175 3185 3400 3401 3405 3406 SCX-4321ns SCX-4521nf SCX-4021 2876 2626,,Discount not found,745,Stock info not found,3.7  3.7 out of 5 stars  (34),,https://www.amazon.in/CPS-CLX3170-SCX-4321ns-SCX-4521nf-SCX-4021/dp/B08KF6MTRQ
Original HOIN 58mm Thermal Print Mechanism/Head for 58mm Thermal Printers. Compatible with Hoin/Everycom/ATPOS & all 58mm thermal printers.,"Visit the store, HOIN    HOIN   Visit the store",₹999,898,In stock,Rating not found,,https://www.amazon.in/58mm-Thermal-Print-Head-Printers/dp/B0966G9QRG
PANTUM P2518 Single funtion Mono Laser Printer 22PPM,,Discount not found,Price not found,Stock info not found,4.1  4.1 out of 5 stars,,https://www.amazon.in/PANTUM-P2518-Single-funtion-Printer/dp/B09VDDJXFK
Fujifilm Instax Mini Link 2 Starter Kit - Space Blue,Visit the Fujifilm Store,Discount not found,Price not found,Stock info not found,4.6  4.6 out of 5 stars,,https://www.amazon.in/Fujifilm-Instax-Mini-Link-Starter/dp/B0CJVHD69R
"HPRT MT800Q Carbon Tape Printer Portable Printer Support 8.5"" X 11"" US Letter & A4 Paper Bluetooth Wireless Travel Printer Compatible with Android and iOS, Suitable for On The Go (White)","Visit the store, HPRT    HPRT   Visit the store","₹23,680","16,200",In stock,Rating not found,,https://www.amazon.in/HPRT-MT800Q-Portable-Bluetooth-Compatible/dp/B0BR7N2FLR
"HP Laserjet Tank 2606dn Duplex Printer for Home: Print+Copy+Scan, Mess-Free 15-Sec Toner Refill, Lowest Cost Per Page for B&W Prints, Smart Guided Buttons, Easy Mobile Printing",Visit the HP Store,"₹28,653","16,999",In stock,3.4  3.4 out of 5 stars,,https://www.amazon.in/HP-Laserjet-2606dn-Duplex-Printer/dp/B09T3KM7Y1
ATPOS 80mm (3 Inch) High Speed Direct Thermal Printer HL- 58 Monochrome - Desktop | Receipt Print POS Printer | Invoice Billing | (USB),,"₹8,950","5,299",Only 2 left in stock.,3.9  3.9 out of 5 stars  (52),,https://www.amazon.in/ATPOS-Direct-Thermal-Printer-Monochrome/dp/B07KW9QBNK
"HP Color Laser 178nw All-in-One Wireless Color Laser Print, Scan & Copy with Built-in Ethernet and Wi-fi Direct, Smallest Color Laser in its Class",Visit the HP Store,"₹46,769","46,490",In stock,3.2  3.2 out of 5 stars  (17),,https://www.amazon.in/HP-178nw-Wireless-Ethernet-Smallest/dp/B08YZ28LQX
"HP Laserjet 3004dw Duplex Printer: Black & White Printer, Self Reset Dual Band WiFi with self heal, Ethernet, Fast Printing Upto 33ppm, Easy and Secure Setup, Smart App Enabled",Visit the HP Store,"₹23,562","17,999",In stock,3.6  3.6 out of 5 stars  (5),,https://www.amazon.in/HP-Laserjet-3004dw-Duplex-Printer/dp/B0B5MN5TMM
"UV Printhead, Easy to Install Compact 6 Color Printer Print Head ABS for XP600",,Discount not found,Price not found,Stock info not found,,,https://www.amazon.in/Printhead-Install-Compact-Color-Printer/dp/B0BZT92KK8
"Epson M2170 Monochrome All-in-One WiFi,Networking, Auto Duplex InkTank Printer, Black, Medium",Visit the Epson Store,"₹24,999","22,378",In stock,3.7  3.7 out of 5 stars  (56),,https://www.amazon.in/Epson-EcoTank-Monochrome-InkTank-Printer/dp/B083GX1WM3
ColorInk Paper Set CP Series,"Visit the store, Canon    Canon   Visit the store","₹12,249","8,570",,Rating not found,,https://www.amazon.in/ColorInk-Paper-Set-CP-Series/dp/B00C0ZX1SQ
Print Star ML4321 ADF Hinges Compatible with Samsung ML4321 & ML2876 Printers,"Visit the store, Print Star    Print Star   Visit the store",₹699,269,In stock,Rating not found,,https://www.amazon.in/Print-Star-Compatible-Samsung-Printers/dp/B0BWF15KJS
WEP BP 85T Plus 3-inch Billing Printer with Battery,,Discount not found,"18,000",In stock,3.5  3.5 out of 5 stars  (2),,https://www.amazon.in/BP-85T-Plus-Billing-Services/dp/B0B466JLMH
"HP Smart Tank 500 All-in-One Printer, Print, Copy, Scan, Hi-Speed USB 2.0, Up to 11/5 ppm (Black/Color), 100-sheet Input Tray, 30-Sheet Output Tray, 1000-page Duty Cycle, Color",Visit the HP Store,"₹15,566","14,990",Only 1 left in stock.,4.0  4.0 out of 5 stars  (482),,https://www.amazon.in/HP-Smart-500-Color-Printer/dp/B08GGGZ7CD
"(Refurbished) HP Deskjet Ink Advantage 2723 All-in-One Printer, Scanner and Copier for Home/Home Office, B&W Prints at Rs. 6/Page*, Color Prints at Rs 8/Page*, Easy Mobile Printing, Affordable",Visit the Amazon Renewed Store,Discount not found,Price not found,Stock info not found,2.1  2.1 out of 5 stars  (20),,https://www.amazon.in/Renewed-HP-Advantage-Printing-Affordable/dp/B0BB2X41CZ
Canon PIXMA MegaTank G6070 All-in-one Wi-Fi Colour Ink Tank Printer with Auto-Duplex Printing and Networking (Black),"Visit the store, Canon    Canon   Visit the store","₹29,495","21,699",In stock,Rating not found,,https://www.amazon.in/Canon-G6070-Auto-Duplex-Printing-Networking/dp/B07TMJ5JPP
Epson Workforce ES-60W Wireless Portable Sheet-fed Document Scanner for PC and Mac,Visit the Epson Store,"₹22,990","16,600",In stock,"4.2  4.2 out of 5 stars  (1,705)",,https://www.amazon.in/Epson-Workforce-ES-60W-Wireless-Sheet-fed/dp/B07KRXXWYY
"Limeink 10 Pack Compatible PGI-35 & CLI-36 Ink Cartridges (5 Black, 5 Color) Color Set Use for Canon PIXMA iP100 PIXMA iP110 Series Printers 1509b002 1511B002",,"₹10,615.80","5,194",,4.5  4.5 out of 5 stars  (482),,https://www.amazon.in/Compatible-Cartridges-Printers-1509b002-1511B002/dp/B015YALGV2
Epson EcoTank L805 WiFi Ink Tank Photo Printer,Visit the Epson Store,Discount not found,"13,699",Stock info not found,"4.0  4.0 out of 5 stars  (1,074)",,https://www.amazon.in/Epson-L805-Single-Function-Wireless-Printer/dp/B019C8HQ8Y
"HipponixTech Fuser Grease for Hp Laserjet Series Hp 1005,1020,128Nw,126Nw,1107,1108,1136,2900B (20 grm) (Pack of 1)",,Discount not found,215,Stock info not found,2.9  2.9 out of 5 stars  (2),,https://www.amazon.in/HipponixTech-Hp-Laserjet-1005-1020/dp/B0BX6G65HZ
"helett® H30C USB Direct Thermal 4×6 Shipping Label Printer(Barcode) Adjustable Label Size|203DPI Resolution|152mm/s Printing Speed Compatible with Windows,Mac,Linux Chrome OS|White(1Year Warranty)",,"₹14,999","6,889",In stock,4.3  4.3 out of 5 stars  (284),,https://www.amazon.in/Helett-H30C-Resolution-Shipping-Compatible/dp/B0CJVGCB4K
"Print Star Scanner Top Cover For Use In Hp M1005 Laserjet Printer With Accurate Fitting (1), Abs - Grey","Visit the store, Print Star    Print Star   Visit the store","₹1,999",575,In stock,Rating not found,,https://www.amazon.in/Print-Scanner-Laserjet-Printer-Accurate/dp/B0BR5WR45X
Canon PIXMA MegaTank G1010 Single Function Ink Tank Colour Printer,"Visit the store, Canon    Canon   Visit the store","₹8,195","7,580",In stock,Rating not found,,https://www.amazon.in/Canon-Single-Function-Colour-Printer/dp/B079W847RX
CPS CCD Scanner Cable used for HP M1005 or hp 1536 MFP 425 original,,₹100,94,In stock,3.8  3.8 out of 5 stars  (100),,https://www.amazon.in/CPS-Scanner-Cable-M1005-1536/dp/B081K6X4ZC
"Epson Tm-T82Ii (USB+Parallel Pos Monochrome Wired Home Inkjet Printers), Gray",Visit the Epson Store,"₹15,999","12,545",In stock,4.2  4.2 out of 5 stars  (164),,https://www.amazon.in/Epson-TM-T82II-USB-Parallel-Printer/dp/B01ETKSH92
Yukonics PVC Inkjet Chip Card SLE4428/ISSI 4428 Contact IC Card Big Chip for Inkjet Printers (10),,₹899,550,In stock,4.3  4.3 out of 5 stars,,https://www.amazon.in/Yukonics-Inkjet-SLE4428-Contact-Printers/dp/B09V1J9SSN
"Canon imageCLASS MF641CW Multi Function Laser Colour Printer, White / Black, Medium (MF 641CW)","Visit the store, Canon    Canon   Visit the store",Discount not found,"19,499",Stock info not found,Rating not found,,https://www.amazon.in/Canon-imageClass-MF641-CW-Function/dp/B07XT2BT2J
Kabeer Art Lino Rubber Roller Ink Roller Brayer 4 inch,"Visit the store, KABEER ART    KABEER ART   Visit the store",₹600,389,In stock,Rating not found,,https://www.amazon.in/KABEER-ART-Rubber-Roller-Brayer/dp/B0795WMNYK
"HipponixTech USB Port Connector for Formatter Board Used Model Name/Number Compatible with Hp Laserjet 1005,1010,1020,1136,1108,1007,2900,3010,6030 Printers",,Discount not found,Price not found,Stock info not found,5.0  5.0 out of 5 stars,,https://www.amazon.in/HipponixTech-Connector-Formatter-Board-Number/dp/B0BSH22RYN
(Refurbished) Epson EcoTank L3211 All-in-One Ink Tank Printer (Black),Visit the Amazon Renewed Store,Discount not found,"11,699",Stock info not found,2.1  2.1 out of 5 stars  (5),,https://www.amazon.in/Renewed-Epson-EcoTank-L3211-Printer/dp/B0BDY2LLHV
"HP Laserjet MFP M233sdw Printer: Print, Copy, Scan Multiple Page with ADF, Fastest Two-Sided Printing, Lightning Print Speed of 30ppm(Letter/29ppm(A4), Ethernet, Self Reset Dual Band WiFi, Gray White",Visit the HP Store,Discount not found,Price not found,Stock info not found,2.7  2.7 out of 5 stars,,https://www.amazon.in/HP-Laserjet-MFP-M233sdw-Printer/dp/B0B2FDJ81B
Canon imageClass MF271dn All in One Monochrome 29ppm Laser Printer with Duplex,"Visit the store, Canon    Canon   Visit the store","₹25,999","19,990",Only 1 left in stock.,Rating not found,,https://www.amazon.in/Canon-imageClass-MF271dn-Monochrome-Printer/dp/B0C4NVZ2SS
Upwade 80mm (3 Inches) Direct Thermal Printer USB + Bluetooth + Rechargable Battery (Receipt + Label),"Visit the store, Upwade    Upwade   Visit the store","₹12,499","5,499",Only 2 left in stock.,Rating not found,,https://www.amazon.in/Upwade-Thermal-Printer-Bluetooth-Rechargable/dp/B0BVN2MG4V
Amazin Homes® Attractive New Designed Dust Proof Water Proof Washable Printer Cover for HP 1005 Multifunction Laser Printer,"Visit the store, Amazin Homes    Amazin Homes   Visit the store",Discount not found,384,In stock,Rating not found,,https://www.amazon.in/Amazin-Attractive-Designed-Washable-Multifunction/dp/B0957RWGSF
Posiflex Rugtek Printer RP80 -USE (USB+Serial+Ethernet 3 in 1). With 1 Yrs Onsite Warranty by Posiflex Service Center.,,"₹11,500","10,999",In stock,3.0  3.0 out of 5 stars  (4),,https://www.amazon.in/Posiflex-Printer-Ethernet-Warranty-Service/dp/B0831M9NXN
Jet Black Teflon Fuser Film Sleeve for Canon -LBP2900 /L-120 /MF4150/LBP3000/3112/1210 Set of 3,,₹650,450,In stock,4.0  4.0 out of 5 stars  (39),,https://www.amazon.in/Teflon-Sleeve-LBP2900-MF4150-LBP3000/dp/B079VXJXHW
Print STAR Paper Pickup Roller Fully Compatible for Use in Hp M1005 Laserjet Printer (Pack of 10),"Visit the store, Print Star    Print Star   Visit the store",₹999,379,In stock,Rating not found,,https://www.amazon.in/Print-Pickup-Compatible-Laserjet-Printer/dp/B09RMQBMML
(Refurbished) Canon Pixma E477 All-in-One Wireless Ink Efficient Colour Printer (White/Blue),Visit the Amazon Renewed Store,Discount not found,"5,899",Stock info not found,3.7  3.7 out of 5 stars  (71),,https://www.amazon.in/Renewed-Canon-Wireless-Efficient-Printer/dp/B07JDGHTP2
(Refurbished) HP Smart Tank 589 All-in-one WiFi Colour Printer (Upto 6000 Black and 6000 Colour Pages In,Visit the Amazon Renewed Store,Discount not found,"11,499",Stock info not found,2.1  2.1 out of 5 stars  (7),,https://www.amazon.in/Refurbished-HP-Smart-Colour-Printer/dp/B0BYSYYQQ4
"LENVII Thermal Label Printer,4x6 Shipping Label Printer,Small Busines Direct Thermal Printer,Desktop Barcode Printer for with Amazon,FK, Shopify, Etsy, UPS, USPS, FedEx, DHL,Compatible Win & Mac","Visit the store, LENVII    LENVII   Visit the store",Discount not found,"6,750",Stock info not found,Rating not found,,https://www.amazon.in/LENVII-LV-480-Shipping-Compatible-Packages/dp/B0BQF2WYG5
"Print Star KYOCERA M2040 ADF Hinges Compatible with KYOCERA M2040, M2540, M2640 Printers",Visit the Print Star Store,Discount not found,Price not found,Stock info not found,5.0  5.0 out of 5 stars,,https://www.amazon.in/Print-Star-M2040-Compatible-Printers/dp/B0BVZRT3X3
Canon MG2570S Multi-Function Inkjet Colour Printer (Black),"Visit the store, Canon    Canon   Visit the store",Discount not found,"13,499",Stock info not found,Rating not found,,https://www.amazon.in/Canon-MG2570S-Multi-Function-Inkjet-Printer/dp/B013K75AJU
SHREYANS SRS406T Label Barcode Printer (Thermal Transfer + Direct Thermal) Compatible with Bar Tender Lite | for use in Industries Shops Warehouse Shipping Labels Retail Stores Medical Shops,"Visit the store, SHREYANS    SHREYANS   Visit the store","₹14,999","10,499",In stock,Rating not found,,https://www.amazon.in/SHREYANS-Compatible-Certified-Industries-Warehouse/dp/B0C6Y964XT
TVS MSP 250 Monochrome Dot Matrix Printer,Visit the TVS Store,Discount not found,Price not found,Stock info not found,3.7  3.7 out of 5 stars,,https://www.amazon.in/Tvs-MSP-250-Monochrome-Printer/dp/B00O1ZCXFU
Brother MFC L2701D Multi-Function Monochrome Laser Printer with Auto Duplex Printing,Visit the Brother Store,"₹24,490","20,099",In stock,3.6  3.6 out of 5 stars,,https://www.amazon.in/Brother-MFC-L2701D-Monochrome-Multifunction-Printer/dp/B00WS2YBTY
Canon Selphy SCP1000 Photo Printer (White),Visit the Canon Store,Discount not found,Price not found,Stock info not found,4.1  4.1 out of 5 stars,,https://www.amazon.in/Canon-Selphy-SCP1000-Photo-Printer/dp/B00W9WZADY
"Zebra ZD220t Thermal Transfer Desktop Printer for Labels,Barcodes, Tags, and Wrist Band Printing 4 Inch Width & 4”/sec Print Speed (ZD22042-T0GG00EZ, BIS 2020 Model)",Visit the Zebra Store,"₹20,500","13,769",Available to ship in 1-2 days,3.4  3.4 out of 5 stars  (38),,https://www.amazon.in/Zebra-ZD220t-Thermal-Transfer-Barcodes-Printing-ZD22042-T0GG00EZ/dp/B08RN4YNW1
Canon CANOSCAN LIDE 400 Color Flatbed Scanner,"Visit the store, Canon    Canon   Visit the store",Discount not found,"13,499",Stock info not found,Rating not found,,https://www.amazon.in/Canon-CANOSCAN-LIDE-400-Flatbed/dp/B07G13HG3V
Technobits Control Panel Cable for HP DeskJet GT-5810 GT-5820 Printer (10 Pin 179 MM) Printer (Pack of 1),,Discount not found,Price not found,Stock info not found,4.0  4.0 out of 5 stars  (12),,https://www.amazon.in/Technobits-Control-DeskJet-GT-5810-GT-5820/dp/B09PL8SVTL
"HP Ink Advantage Ultra 4829 Print, Copy, Scan, Self Reset Dual Band WiFi, 2 Sets of Inbox Cartridges, Smart App Setup B&W Prints",Visit the HP Store,Discount not found,"13,699",Stock info not found,3.6  3.6 out of 5 stars  (3),,https://www.amazon.in/HP-Advantage-Ultra-Cartridges-Prints/dp/B0C2VXZLKT
Ek Rag BTS Characters Bucket Hat - BT21 BTS Logo Print,,₹999,349,In stock,Rating not found,,https://www.amazon.in/Ek-Rag-BTS-Characters-Bucket/dp/B0CF9CPWVG
"(Refurbished) HP INK TANK 315 COLOR PRINTER, SCANNER, & COPIER WITH HIGH CAPACITY TANK FOR HOME, B&W PRINTS AT 10",Visit the Amazon Renewed Store,Discount not found,Price not found,Stock info not found,2.5  2.5 out of 5 stars  (5),,https://www.amazon.in/Renewed-HP-INK-TANK-CAPACITY/dp/B0BDY1Y6HH
"CPS Head Cable Set Comptiable For Epson L380 L210 Printer, White",,₹125,120,In stock,3.4  3.4 out of 5 stars  (57),,https://www.amazon.in/CPS-Head-Cable-EPSON-Printer/dp/B08RZC5Z7P
Alifiya Dust Proof Washable Printer Cover for HP LaserJet Pro MFP M126nw - Blue,Visit the ALIFIYA Store,₹499,289,In stock,4.1  4.1 out of 5 stars  (146),,https://www.amazon.in/Alifiya-LaserJet-Pro-MFP-M126nw/dp/B078SW32QW
(Refurbished) Canon Pixma TS307 Single Function Wireless Inkjet Colour Printer (Black),Visit the Amazon Renewed Store,Discount not found,"5,899",Stock info not found,3.3  3.3 out of 5 stars  (26),,https://www.amazon.in/CERTIFIED-REFURBISHED-Canon-Function-Wireless/dp/B07JW1L59K
"Phomemo M110 Label Maker, Portable Label Sticker Barcode Printer for Ingredient, Clothing, Address for Mailing,PhotoLogo, Jewelry, Retail, Office, Home, Print Black on White, for iOS & Android",Visit the Phomemo Store,"₹9,900","6,999",In stock,4.3  4.3 out of 5 stars  (506),,https://www.amazon.in/Phomemo-Portable-Thermal-Label-Maker/dp/B08CZDJBJN
epson EcoTank Monochrome M1180 Wi-Fi InkTank Printer,Visit the Epson Store,"₹20,999","20,249",Only 1 left in stock.,5.0  5.0 out of 5 stars  (1),,https://www.amazon.in/EPSON-EcoTank-Monochrome-InkTank-Printer/dp/B07TT3CKK8
Title not found,Brand not found,Discount not found,Price not found,Stock info not found,Rating not found,No social proof available,URL not found
JT SEIBEN XP320M Heavy Duty 80mm Bluetooth + USB Thermal Printer with Auto Cutter,,"₹9,000","5,499",In stock,3.8  3.8 out of 5 stars  (205),,https://www.amazon.in/JT-XP320MBT-Bluetooth-Thermal-Printer/dp/B08ZCQCX5H
Title not found,Brand not found,Discount not found,Price not found,Stock info not found,Rating not found,No social proof available,URL not found
Title not found,Brand not found,Discount not found,Price not found,Stock info not found,Rating not found,No social proof available,URL not found
Title not found,Brand not found,Discount not found,Price not found,Stock info not found,Rating not found,No social proof available,URL not found
Title not found,Brand not found,Discount not found,Price not found,Stock info not found,Rating not found,No social proof available,URL not found
"BluPrints P2000, 3 inch Thermal Reciept Printer, Bluetooth Compatible with Windows & Android -2000mAH Battery | Wireless Mini Portable Printer|FBA",Visit the BLUPRINTS INNOVATIONS IN BUSINESS MOBILITY Store,Discount not found,Price not found,Stock info not found,3.3  3.3 out of 5 stars,,https://www.amazon.in/Bluprints-80mmThermal-Connectivity-Bluetooth-Compatible/dp/B0BBS2SZNV
Forza Horizon 3,,"₹3,999","3,499",In stock,Rating not found,,https://www.amazon.in/Microsoft-Forza-Horizon-PS7-00001-Xbox/dp/B01GW3LRD2
"Epson Tm-M30 (USB+Ethernet Pos Monochrome Wired Home Inkjet Printers), Black",Visit the Epson Store,"₹19,999","16,990",In stock,3.0  3.0 out of 5 stars  (7),,https://www.amazon.in/Epson-TM-m30-Box-Printer-Black/dp/B07GDZBMBB
"Epson Wireless Ecotank L4260 A4 Wi-Fi Duplex All-in-One Ink Tank Color LED Printers, Black",Visit the Epson Store,Discount not found,"16,499",Stock info not found,Rating not found,,https://www.amazon.in/Epson-EcoTank-Duplex-Printer-Bottle/dp/B0CKT8G2F7
Title not found,Brand not found,Discount not found,Price not found,Stock info not found,Rating not found,No social proof available,URL not found
Title not found,Brand not found,Discount not found,Price not found,Stock info not found,Rating not found,No social proof available,URL not found
Title not found,Brand not found,Discount not found,Price not found,Stock info not found,Rating not found,No social proof available,URL not found
Title not found,Brand not found,Discount not found,Price not found,Stock info not found,Rating not found,No social proof available,URL not found
Title not found,Brand not found,Discount not found,Price not found,Stock info not found,Rating not found,No social proof available,URL not found
Title not found,Brand not found,Discount not found,Price not found,Stock info not found,Rating not found,No social proof available,URL not found
Title not found,Brand not found,Discount not found,Price not found,Stock info not found,Rating not found,No social proof available,URL not found
Title not found,Brand not found,Discount not found,Price not found,Stock info not found,Rating not found,No social proof available,URL not found
"(Refurbished) HP Deskjet Plus Ink Advantage 6075 WiFi Colour Printer, Scanner and Copier for Home/Small",Visit the Amazon Renewed Store,Discount not found,Price not found,Stock info not found,4.0  4.0 out of 5 stars,,https://www.amazon.in/HP-Advantage-Printing-Automatic-Double-Sided/dp/B0BGCQGLB2
Title not found,Brand not found,Discount not found,Price not found,Stock info not found,Rating not found,No social proof available,URL not found
Title not found,Brand not found,Discount not found,Price not found,Stock info not found,Rating not found,No social proof available,URL not found
Title not found,Brand not found,Discount not found,Price not found,Stock info not found,Rating not found,No social proof available,URL not found
"HP Laserjet Tank MFP 2606sdw, Wireless, Print, Copy, Scan, 40-Sheet ADF, Hi-Speed USB 2.0, Ethernet,",Visit the HP Store,Discount not found,"19,499",Stock info not found,5.0  5.0 out of 5 stars  (2),,https://www.amazon.in/HP-Laserjet-2606sdw-Duplex-Printer/dp/B0BBZWXXSN
Title not found,Brand not found,Discount not found,Price not found,Stock info not found,Rating not found,No social proof available,URL not found
CPS CCD Scanner Cable replacement for Canon 3010 4450 4820 (FK3-1160) 12 Pin 647mm,,Discount not found,Price not found,Stock info not found,3.7  3.7 out of 5 stars  (14),,https://www.amazon.in/CPS-Scanner-Cable-Replacement-FK3-1160/dp/B08R92V3DJ
Title not found,Brand not found,Discount not found,Price not found,Stock info not found,Rating not found,No social proof available,URL not found
Title not found,Brand not found,Discount not found,Price not found,Stock info not found,Rating not found,No social proof available,URL not found
Yukonics-Control Panel Sticker for H-P Laserjet M1005MFP,,Discount not found,Price not found,Stock info not found,3.7  3.7 out of 5 stars  (7),,https://www.amazon.in/ICONS-HP-Laserjet-M1005MFP-Control-No-9999759902/dp/B07J12MMHY
Epson FX-2175II Impact Printer,Visit the Epson Store,"₹30,300","27,549",Only 2 left in stock.,3.4  3.4 out of 5 stars  (16),,https://www.amazon.in/Epson-FX-2175II-Dot-Matrix-Printer/dp/B005VQWSEE
Title not found,Brand not found,Discount not found,Price not found,Stock info not found,Rating not found,No social proof available,URL not found
Title not found,Brand not found,Discount not found,Price not found,Stock info not found,Rating not found,No social proof available,URL not found
"HP Sprocket Portable 2X3"" Instant Wireless Photo Color LED Printers (Lilac) Print Pictures On Zink Sticky-Backed Paper From You, Gray",Visit the HP Store,Discount not found,Price not found,Stock info not found,4.5  4.5 out of 5 stars,,https://www.amazon.in/HP-Sprocket-Instant-Printer-1AS91A/dp/B07JM42QDX
Title not found,Brand not found,Discount not found,Price not found,Stock info not found,Rating not found,No social proof available,URL not found
Title not found,Brand not found,Discount not found,Price not found,Stock info not found,Rating not found,No social proof available,URL not found
DIVYE 58MM Wireless Portable Bluetooth Thermal Receipt Printer Machine for Windows Android iOS Thermal Receipt Printer,"Visit the store, DIVYE    DIVYE   Visit the store","₹8,999","5,570",In stock,Rating not found,,https://www.amazon.in/DIVYE-Wireless-Portable-Bluetooth-Thermal/dp/B09GVY3W1F
"LENVII LV-390 Thermal Label Printer Barcode Printer,150mm/s 4x6 Desktop Thermal Label Maker Printer for Shipping Packages, Business, FedEx, Shopify, Amazon,Compatible with Windows & Mac","Visit the store, LENVII    LENVII   Visit the store",Discount not found,Price not found,Stock info not found,Rating not found,,https://www.amazon.in/LENVII-LV-390-Shipping-Packages-Compatible/dp/B0BGL8HLY3
Title not found,Brand not found,Discount not found,Price not found,Stock info not found,Rating not found,No social proof available,URL not found
Title not found,Brand not found,Discount not found,Price not found,Stock info not found,Rating not found,No social proof available,URL not found
Title not found,Brand not found,Discount not found,Price not found,Stock info not found,Rating not found,No social proof available,URL not found
Title not found,Brand not found,Discount not found,Price not found,Stock info not found,Rating not found,No social proof available,URL not found
Title not found,Brand not found,Discount not found,Price not found,Stock info not found,Rating not found,No social proof available,URL not found
Title not found,Brand not found,Discount not found,Price not found,Stock info not found,Rating not found,No social proof available,URL not found
Title not found,Brand not found,Discount not found,Price not found,Stock info not found,Rating not found,No social proof available,URL not found
Title not found,Brand not found,Discount not found,Price not found,Stock info not found,Rating not found,No social proof available,URL not found
Title not found,Brand not found,Discount not found,Price not found,Stock info not found,Rating not found,No social proof available,URL not found
Title not found,Brand not found,Discount not found,Price not found,Stock info not found,Rating not found,No social proof available,URL not found
Title not found,Brand not found,Discount not found,Price not found,Stock info not found,Rating not found,No social proof available,URL not found
Title not found,Brand not found,Discount not found,Price not found,Stock info not found,Rating not found,No social proof available,URL not found
Title not found,Brand not found,Discount not found,Price not found,Stock info not found,Rating not found,No social proof available,URL not found
"Print Star Clutch Drive Gear, Feeder Gear Compatible with HP Laserjet 1020+,1010,1012,1015,1018,1020,3015,3020,3030,m1005, Canon LBP2900,LBP3000.4320,4350 Printer (Pack of 1)",Visit the Print Star Store,₹399,195,In stock,,,https://www.amazon.in/Print-Star-Compatible-Laserjet-LBP3000-4320/dp/B09W5Y3HT3
Title not found,Brand not found,Discount not found,Price not found,Stock info not found,Rating not found,No social proof available,URL not found
Title not found,Brand not found,Discount not found,Price not found,Stock info not found,Rating not found,No social proof available,URL not found
Title not found,Brand not found,Discount not found,Price not found,Stock info not found,Rating not found,No social proof available,URL not found
Title not found,Brand not found,Discount not found,Price not found,Stock info not found,Rating not found,No social proof available,URL not found
Title not found,Brand not found,Discount not found,Price not found,Stock info not found,Rating not found,No social proof available,URL not found
Title not found,Brand not found,Discount not found,Price not found,Stock info not found,Rating not found,No social proof available,URL not found
Title not found,Brand not found,Discount not found,Price not found,Stock info not found,Rating not found,No social proof available,URL not found
Title not found,Brand not found,Discount not found,Price not found,Stock info not found,Rating not found,No social proof available,URL not found
Title not found,Brand not found,Discount not found,Price not found,Stock info not found,Rating not found,No social proof available,URL not found
Title not found,Brand not found,Discount not found,Price not found,Stock info not found,Rating not found,No social proof available,URL not found
HipponixTech Top Cover for Hp LaserJet 1018/1020 /1020 Plus (White),,Discount not found,Price not found,Stock info not found,4.2  4.2 out of 5 stars  (6),,https://www.amazon.in/HipponixTech-Hp-Laserjet-1018-1020/dp/B0BZP9KF4S
Title not found,Brand not found,Discount not found,Price not found,Stock info not found,Rating not found,No social proof available,URL not found
"(Refurbished) Canon PIXMA GM4070 All in One (Print, Scan, Copy) Inktank Monochrome Printer (Black 6000 Prints) with ADF and Auto Duplex Printing (Print Speed- Black 13.0 ipm)",Visit the Amazon Renewed Store,Discount not found,Price not found,Stock info not found,Rating not found,,https://www.amazon.in/Refurbished-Canon-Inktank-Monochrome-Printing/dp/B0CK6R9TYL
Title not found,Brand not found,Discount not found,Price not found,Stock info not found,Rating not found,No social proof available,URL not found
(Refurbished) Brother DCP-B7500D Multi-Function Centre with Automatic 2-Sided Printing,Visit the Amazon Renewed Store,Discount not found,Price not found,Stock info not found,3.7  3.7 out of 5 stars,,https://www.amazon.in/Brother-DCP-B7500D-Multi-Function-Automatic-Printing/dp/B07L97CMC4
Title not found,Brand not found,Discount not found,Price not found,Stock info not found,Rating not found,No social proof available,URL not found
Title not found,Brand not found,Discount not found,Price not found,Stock info not found,Rating not found,No social proof available,URL not found
Title not found,Brand not found,Discount not found,Price not found,Stock info not found,Rating not found,No social proof available,URL not found
Title not found,Brand not found,Discount not found,Price not found,Stock info not found,Rating not found,No social proof available,URL not found
Title not found,Brand not found,Discount not found,Price not found,Stock info not found,Rating not found,No social proof available,URL not found
Title not found,Brand not found,Discount not found,Price not found,Stock info not found,Rating not found,No social proof available,URL not found
Title not found,Brand not found,Discount not found,Price not found,Stock info not found,Rating not found,No social proof available,URL not found
Title not found,Brand not found,Discount not found,Price not found,Stock info not found,Rating not found,No social proof available,URL not found
Title not found,Brand not found,Discount not found,Price not found,Stock info not found,Rating not found,No social proof available,URL not found
Title not found,Brand not found,Discount not found,Price not found,Stock info not found,Rating not found,No social proof available,URL not found
Title not found,Brand not found,Discount not found,Price not found,Stock info not found,Rating not found,No social proof available,URL not found
Title not found,Brand not found,Discount not found,Price not found,Stock info not found,Rating not found,No social proof available,URL not found
Title not found,Brand not found,Discount not found,Price not found,Stock info not found,Rating not found,No social proof available,URL not found
"PANTUM M7102DN Laser MFP (Black and White) with ADF,Duplex and Network",,Discount not found,569,Stock info not found,3.7  3.7 out of 5 stars  (33),,https://www.amazon.in/Pantum-M7102DN-Laserjet-Black-White/dp/B07HKFKNDJ
Title not found,Brand not found,Discount not found,Price not found,Stock info not found,Rating not found,No social proof available,URL not found
Print Star Printer Side Cover Set Compatible with HP Laserjet 1020 with Accurate Fitting,"Visit the store, Print Star    Print Star   Visit the store","₹1,199",675,In stock,Rating not found,,https://www.amazon.in/Print-Star-Compatible-Laserjet-Accurate/dp/B09THDCB47
Title not found,Brand not found,Discount not found,Price not found,Stock info not found,Rating not found,No social proof available,URL not found
Title not found,Brand not found,Discount not found,Price not found,Stock info not found,Rating not found,No social proof available,URL not found
Title not found,Brand not found,Discount not found,Price not found,Stock info not found,Rating not found,No social proof available,URL not found
Title not found,Brand not found,Discount not found,Price not found,Stock info not found,Rating not found,No social proof available,URL not found
"Zebra ZD230t Thermal Transfer Desktop Printer for Labels, Receipts, Barcodes, Tags, and Wrist Bands, Print Width 4 in, Prints",Visit the Zebra Store,Discount not found,Price not found,Stock info not found,3.0  3.0 out of 5 stars  (18),,https://www.amazon.in/Zebra-Thermal-Transfer-Receipts-Barcodes/dp/B084BF61QP
Title not found,Brand not found,Discount not found,Price not found,Stock info not found,Rating not found,No social proof available,URL not found
Title not found,Brand not found,Discount not found,Price not found,Stock info not found,Rating not found,No social proof available,URL not found
"HP ScanJet Pro 2600 f1, Fast 2-Sided scanning and auto Document Feeder (20G05A)",Visit the HP Store,"₹32,000","27,759",In stock,4.4  4.4 out of 5 stars  (40),,https://www.amazon.in/HP-2600-f1-scanning-Document/dp/B09V1WCCY2
LBP 2900 Top Cover Compatible,,Discount not found,Price not found,Stock info not found,4.2  4.2 out of 5 stars  (2),,https://www.amazon.in/LBP-2900-Top-Cover-Compatible/dp/B09JMSFZR8
Title not found,Brand not found,Discount not found,Price not found,Stock info not found,Rating not found,No social proof available,URL not found
HP Sprocket Portable Photo Printer (2nd Edition) Instantly Print 2x3 Sticky-Backed Photos from Your Phone [Luna Pearl] [1AS85A],Visit the HP Store,Discount not found,"2,997",Stock info not found,"4.4  4.4 out of 5 stars  (6,973)",,https://www.amazon.in/HP-Sprocket-Portable-Photo-Printer/dp/B07GFP7H8C
"Print Star Upper Scanner Cable or CCD Cable Compatible for HP LaserJet M1005, 425, and 1536 Printers (Black)",Visit the Print Star Store,₹299,199,In stock,3.9  3.9 out of 5 stars,,https://www.amazon.in/Print-Star-Compatible-LaserJet-Printers/dp/B0B1J7ZDD7
Title not found,Brand not found,Discount not found,Price not found,Stock info not found,Rating not found,No social proof available,URL not found
Title not found,Brand not found,Discount not found,Price not found,Stock info not found,Rating not found,No social proof available,URL not found
Upwade 3 inch Portable Label + Receipt Thermal Printer with 2600mah Battery,Visit the Upwade Store,"₹12,499","6,999",In stock,4.5  4.5 out of 5 stars,,https://www.amazon.in/Upwade-Portable-Receipt-Thermal-Printer/dp/B0BD41KCJX
Title not found,Brand not found,Discount not found,Price not found,Stock info not found,Rating not found,No social proof available,URL not found
"Phomemo M04S Bluetooth Portable Printer-Wireless Thermal Printer, Support 53/80/110mm Printing Width, 300dpi, Compatible for Phones and Pads for Document, Notes, Sticker, Journal",,Discount not found,"1,899",,4.2  4.2 out of 5 stars  (110),,https://www.amazon.in/Phomemo-M04S-Bluetooth-Printer-Wireless-Compatible/dp/B09H78QCQ2
HP Laserjet MFP M438nda,Visit the HP Store,Discount not found,759,Stock info not found,1.0  1.0 out of 5 stars  (1),,https://www.amazon.in/HP-8AF45A-Laserjet-MFP-M438nda/dp/B092RBNRJW
BROTHER Ptouch PT-D600 Label Printer,Visit the Brother Store,"₹18,790","15,215",Only 1 left in stock.,4.7  4.7 out of 5 stars,,https://www.amazon.in/BROTHER-Ptouch-PT-D600-Label-Machine/dp/B0892XK8HG
KRK Compatible for HP Laserjet P1007 P1008 P1108 Printer,,Discount not found,Price not found,Stock info not found,1.0  1.0 out of 5 stars  (1),,https://www.amazon.in/Compatible-Laserjet-P1007-P1008-Printer/dp/B09Y28ZYT9
Pegasus PM5822 Portable Thermal Printer | Mobile Printing Solution | Supports 1D & 2D Barcode Printing | 50MM Large Diameter Rolls,"Visit the store, Pegasus    Pegasus   Visit the store","₹5,750","1,800",In stock,Rating not found,,https://www.amazon.in/Portable-Printer-Printing-Printing-Diameter/dp/B0CCP6TYWC
Title not found,Brand not found,Discount not found,Price not found,Stock info not found,Rating not found,No social proof available,URL not found
Epson LX-1310 Serial Impact Printer,Visit the Epson Store,Discount not found,"25,499",Stock info not found,3.0  3.0 out of 5 stars  (7),,https://www.amazon.in/Epson-LX-1310-Serial-Impact-Printer/dp/B07FQZ2NTJ
"Wep Bp Joy Pro 2 Inch Monochrome Wired Billing Laser Printers Without Battery Ds,White",,Discount not found,"9,790",In stock,2.9  2.9 out of 5 stars  (4),,https://www.amazon.in/Bp-Joy-Billing-Printer-Services/dp/B0B3XRFF38
SEIBEN 58mm Compact Bluetooth + USB POS Thermal Printer. No Battery Backup.1 Year Warranty.,,"₹5,000","2,199",In stock,4.0  4.0 out of 5 stars  (40),,https://www.amazon.in/SEIBEN-Bluetooth-Thermal-Printer-Model/dp/B0932Y4BLD
"Ranger Tim Holtz Distress Oxide Ink Pad- Fired Brick, 3in x 3in, 1 pc",,Discount not found,Price not found,Stock info not found,5.0  5.0 out of 5 stars  (1),,https://www.amazon.in/Ranger-Holtz-Distress-Oxide-Fired/dp/B07TRM3KLD
Canon Image Class LBP6030B,"Visit the store, Canon    Canon   Visit the store",Discount not found,"19,599",Stock info not found,Rating not found,,https://www.amazon.in/Canon-8468B006-Image-Class-LBP6030B/dp/B00NFGAFJC
Ranger DIY Archival Ink Pad - Empty - Rectangular Rubber Stamp Ink Pad - Rubber,,"₹2,699","1,755",,Rating not found,,https://www.amazon.in/Ranger-AIP48077-DIY-Archival-Pad-Empty/dp/B016A88EAI
Title not found,Brand not found,Discount not found,Price not found,Stock info not found,Rating not found,No social proof available,URL not found
T JET TECHNOLOGIES Heavy-Duty Handheld Thermal Inkjet Printer for Batch Code| Date| Number| Logo| Label| Plastic Bottle Quick-Drying and Portable Printer (1 Inch),,"₹20,999","18,000",In stock,Rating not found,,https://www.amazon.in/JET-TECHNOLOGIES-Heavy-Duty-Handheld-Quick-Drying/dp/B0CFHGKCT9
"KYOCERA Kyom2040Dn 1102S32Us0 Monochrome Mono wired Laser Printers Multifunction, Multicolor",,Discount not found,"22,299",Stock info not found,4.0  4.0 out of 5 stars  (217),,https://www.amazon.in/Kyocera-Kyom2040Dn-1102S32Us0-Laser-Multifunction/dp/B01N8OM3CX
"Portable Print Head, Printer Head, for Easy to Use Office Waterproof",,Discount not found,"19,499",Stock info not found,1.0  1.0 out of 5 stars  (6),,https://www.amazon.in/Portable-Print-Printer-Office-Waterproof/dp/B0BMPV5FSP
Canon Pixma TR150 Wireless Portable WiFi Inkjet Printer USB,"Visit the store, Canon    Canon   Visit the store","₹50,900","39,490",Only 1 left in stock.,Rating not found,,https://www.amazon.in/Canon-TR150-Wireless-Portable-Printer/dp/B085VMW9YD
"Zebra ZD420 Thermal Transfer Desktop Printer for Labels,Barcodes, Tags, and Wrist Band Printing 4 Inch Width, 300 DPI (ZD42043-T0G000EZ)",,Discount not found,"1,598",Stock info not found,2.1  2.1 out of 5 stars  (5),,https://www.amazon.in/Zebra-ZD42043-T0G000EZ-Transfer-Stickers-Printing/dp/B07XQHQMVX
"Dotpot TK1114 Tone Chip for use in Kyocera Ecosys FS-1020MFP, Ecosys FS-1025MFP, Ecosys FS-1040, Ecosys FS-1060DN, Ecosys FS-1120MFP, Ecosys FS-1125MFP Printers Pack of 5","Visit the store, Dotpot    Dotpot   Visit the store","₹2,500",543,In stock,Rating not found,,https://www.amazon.in/Dotpot-FS-1020MFP-FS-1025MFP-FS-1120MFP-FS-1125MFP/dp/B08TMP2QKG
HP Store Sprocket Select Portable Photo Printer Stylize Social Media Photos and Print 30% Larger Pictures on 2.3x3.4 Sticky-Backed Paper (5XH49A),Visit the HP Store,Discount not found,"1,599",Stock info not found,"4.4  4.4 out of 5 stars  (6,343)",,https://www.amazon.in/HP-Sprocket-Select-Portable-Printer/dp/B07SXVJFYN
"A.C.I. PACKAGING Fully Upgraded Handheld Inkjet Monochrome Wired Home InkJet Printers For Batch Code Date Number Logo Expiry Date Label Plastic Bottle Hand Jet Handheld Thermal Inkjet, Black",,"₹32,000","13,775",In stock,4.2  4.2 out of 5 stars  (11),,https://www.amazon.in/C-I-PACKAGING-Handheld-Printer-Plastic/dp/B0BS765X7V
"HP Laserjet 3104fdw Duplex Printer: Print, Copy, Scan, Self Reset Dual Band WiFi with self heal, Ethernet, Fast Printing Upto 33ppm, Easy and Secure Setup",Visit the HP Store,"₹39,270","28,999",In stock,3.8  3.8 out of 5 stars  (7),,https://www.amazon.in/HP-Laserjet-3104fdw-Duplex-Printer/dp/B0BN37HJKQ
"PANTUM BM 5100ADW high Speed,WiFi Multi Function Laser Printer - 40 ppm",,"₹39,500","31,400",Only 2 left in stock.,3.0  3.0 out of 5 stars,,https://www.amazon.in/Pantum-5100ADW-Speed-Function-Printer/dp/B0B3F1BFM6
(Refurbished) Canon PIXMA TS3370s All-in-One Wireless Inkjet Color Printer (Black),Visit the Amazon Renewed Store,Discount not found,"5,899",Stock info not found,2.1  2.1 out of 5 stars  (6),,https://www.amazon.in/Renewed-Canon-TS3370s-Wireless-Printer/dp/B08LNYGYW3
TVS MSP 240 Classic Plus Printer,"Visit the store, TVS    TVS   Visit the store","₹19,999","14,409",Only 1 left in stock.,Rating not found,,https://www.amazon.in/Tvs-MSP-240-Classic-Printer/dp/B00NVFXF08
SGCE™ Metal Inkjet Printer | TIJ 2.5 Thermal Foaming Handheld Manual Touch Screen | Barcode & QR Code Inbuilt | USB Storage Support Heavy Duty Model | Include Black Ink Cartridge | 1500m AH Capacity,,"₹25,000","15,999",In stock,5.0  5.0 out of 5 stars,,https://www.amazon.in/SGCE-P100-Handheld-Inkjet-Printer/dp/B0B2K6GNMB
"HP Sprocket Portable 2x3"" Instant Photo Printer (Blush Pink) Print Pictures on Zink Sticky-Backed Paper from your iOS & Android Device.",Visit the HP Store,Discount not found,830,Stock info not found,"4.5  4.5 out of 5 stars  (3,774)",,https://www.amazon.in/HP-Sprocket-Portable-Photo-Printer/dp/B07GG3MDPB
"HipponixTech Timing Belt and CR Encoder Strip -Combo for Epson L-Series L210,L220,L360,L361,L380,L381,L385,L405 Printers",,Discount not found,Price not found,Stock info not found,2.5  2.5 out of 5 stars  (3),,https://www.amazon.in/HipponixTech-Timing-Encoder-Epson-L210/dp/B0BWK5B4PC
Generic CPVKLCIE Laser Module,,₹369,165,In stock,3.5  3.5 out of 5 stars  (10),,https://www.amazon.in/Generic-CPVKLCIEa-CPVKLCIE-Laser-Module/dp/B01HI7GA56
HP Color Laserjet Pro MFP M183FW,Visit the HP Store,"₹73,542","69,459",In stock,3.4  3.4 out of 5 stars  (6),,https://www.amazon.in/HP-Color-Laserjet-Pro-M183FW/dp/B08YFNPK8S
AVANT GARDE 12.7mm Handheld Thermal Inkjet Printer|Batch Coding|Exp and Mfg Printing Machine with Premium Solvent Ink Cartridge,"Visit the store, AVANT GARDE    AVANT GARDE   Visit the store","₹23,000","14,599",In stock,Rating not found,,https://www.amazon.in/AVANT-GARDE-Plastic-Handheld-Printing/dp/B0C4HHJL5T
"Brother DCP-L2531DW Automatic Duplex Laser Printer with 30 PPM Print Speed, Multifunction Print Scan",Visit the Brother Store,Discount not found,"22,299",Stock info not found,5.0  5.0 out of 5 stars  (1),,https://www.amazon.in/Brother-DCP-L2531DW-Multi-Function-Monochrome-Auto-Duplex/dp/B0BBQ7B9FS
"PANTUM M6559NW Multi Function,high Speed,Heavy Duty, WiFi with ADF Printer",,Discount not found,"20,399",Stock info not found,3.8  3.8 out of 5 stars  (12),,https://www.amazon.in/PANTUM-M6559NW-Multi-Function-Printer/dp/B09VLF8JQ6
"Tim Holtz Ranger Distress Oxide Ink Bundle - Four 3"" x 3"" Pads (W - Washed Out : Old Paper, Frayed Burlap, Iced Spruce, and Hickory Smoke)",,"₹14,330.55","4,538",,Rating not found,,https://www.amazon.in/Tim-Holtz-Ranger-Distress-Bundle/dp/B08DDLDS9J
(Refurbished) Brother DCP-T420W All-in One Ink Tank Refill System Printer with Built-in-Wireless Technology,Visit the Amazon Renewed Store,Discount not found,Price not found,Stock info not found,,,https://www.amazon.in/Refurbished-Brother-DCP-T420W-Wireless-Technology/dp/B0C9X4QN85
Print Star Printer Front Cover Compatible with Canon LBP 2900 with Accurate Fitting,"Visit the store, Print Star    Print Star   Visit the store",Discount not found,534,Stock info not found,Rating not found,,https://www.amazon.in/Print-Star-Printer-Compatible-Accurate/dp/B09SWRVT8H
Verena CCD Scanner Motor Compatible with HP LaserJet Printer LJ M1005 (New Model),"Visit the store, VERENA    VERENA   Visit the store",Discount not found,"1,199",Stock info not found,Rating not found,,https://www.amazon.in/Scanner-Compatible-Laserjet-Printer-M1005/dp/B0BQBC1HB6
"KonicaMinolta bizhub 165en Multi-Functional 16 PPM Scanner/Copier/Network Laser Printer (A3, A4 & A5 Print Size Capabilities Grey, 570 X 531 X 449 mm)",,Discount not found,"20,399",Stock info not found,3.7  3.7 out of 5 stars  (35),,https://www.amazon.in/Minolta-Multi-Functional-Printer-bizhub-PPM-Network/dp/B09CD53R4S
(Refurbished) Brother DCP-L2520D Multi-Function Monochrome Laser Printer with Auto-Duplex Printing,Visit the Amazon Renewed Store,Discount not found,"22,299",Stock info not found,2.7  2.7 out of 5 stars  (5),,https://www.amazon.in/REFURBISHED-Brother-DCP-L2520D-Multi-Function-Auto-Duplex/dp/B07K46S96P
Canon Store Canon Selphy Mobile Compact Photo Printer - (Black),"Visit the store, Canon    Canon   Visit the store",Discount not found,"15,499",Stock info not found,Rating not found,,https://www.amazon.in/Canon-Selphy-Mobile-Compact-Printer/dp/B073YHRPV5
"LabelCreate T02 Portable Pocket Thermal Printer,Small T02 White Sticker Maker Machine Printer with 3 Rolls Paper,Portable Wireless Bluetooth Photo Printer Compatible with iOS & Android,White",,Discount not found,Price not found,Stock info not found,4.2  4.2 out of 5 stars  (165),,https://www.amazon.in/LabelCreate-T02-Printer-Bluetooth-Compatible/dp/B0C6T3WBL3
MFH Disk Encoder Round for USE in Canon G1000 G1010 G2000 G2002 G3000 G3010 G4000 G4010 Printer.,,₹499,149,Only 1 left in stock.,2.0  2.0 out of 5 stars,,https://www.amazon.in/Encoder-Round-Canon-G2000-Printer/dp/B0CGJHJYHV
Epson Workforce DS-770II Color One Pass Duplex A4 Document Scanner/Scan Speed - 45ppm/90ipm / OCR/ADF,Visit the Epson Store,"₹46,999","37,899",In stock,Rating not found,,https://www.amazon.in/Epson-Workforce-DS-770II-Document-Scanner/dp/B0B46K89PL
DYMO Industrial RHINO 5200 Label Maker (1755749),Visit the DYMO Store,"₹34,339.51","25,626",,4.5  4.5 out of 5 stars,,https://www.amazon.in/RhinoPRO-Industrial-Label-Printer-1755749/dp/B002M1DEM6
Pantum Refill Kit,,Discount not found,Price not found,Stock info not found,3.6  3.6 out of 5 stars  (28),,https://www.amazon.in/PANTUM-Pantum-Refill-Kit/dp/B07VB48DLF
"XEROX B235, A4 Mono All in 1",,Discount not found,"19,599",Stock info not found,4.0  4.0 out of 5 stars  (197),,https://www.amazon.in/Xerox-B235-A4-Mono-All/dp/B099X6TK1B
Canon SELPHY CP1300 Wireless Photo Printer (White),"Visit the store, Canon    Canon   Visit the store",Discount not found,"13,499",Stock info not found,Rating not found,,https://www.amazon.in/Canon-SELPHY-CP1300-Wireless-Printer/dp/B073YGJ636
PGSA2Z 4mm 40-135mm Universal Mix Cassette Rubber Drive Flat Belt for Tape Machine (Pack of 10),"Visit the store, PGSA2Z    PGSA2Z   Visit the store",₹700,390,In stock,Rating not found,,https://www.amazon.in/PGSA2Z-40-135mm-Universal-Cassette-Machine/dp/B0B5TDTCFD
(Refurbished) Brother DCP-L2541DW Multi-Function Wireless Monochrome Laser Printer with Network & Auto Duplex Printing,Visit the Amazon Renewed Store,Discount not found,"13,249",Stock info not found,5.0  5.0 out of 5 stars  (2),,https://www.amazon.in/REFURBISHED-Brother-DCP-L2541DW-Multi-Function-Monochrome/dp/B07J4SZRK5
Epson FX-890II Dot Matrix Printer - Monochrome - 9-pin - 738 Mono - USB - Parallel - Ethernet,Visit the Epson Store,"₹30,000","23,500",In stock,3.8  3.8 out of 5 stars  (7),,https://www.amazon.in/Epson-FX-890II-Dot-Matrix-Printer/dp/B077BT426T
Dotpot 18x18 Teeth Fixing Black Gear for USE in KONICA MINOLTA BIZHUB 164 184 165 7718 Copier,"Visit the store, Dotpot    Dotpot   Visit the store","₹1,299",319,In stock,Rating not found,,https://www.amazon.in/Dotpot-Fixing-KONICA-MINOLTA-BIZHUB/dp/B09PL7N4VM
Evolis RCT023NAA printer ribbon,,Discount not found,"5,899",In stock,4.3  4.3 out of 5 stars  (31),,https://www.amazon.in/Evolis-RCT023NAA-Colour-ribbon-blackmonochrome/dp/B00ILC10X0
INKSTON 12.7mm Handheld Thermal Inkjet Printer (TIJ Printer with Cartridge),,Discount not found,"15,199",Stock info not found,3.5  3.5 out of 5 stars  (6),,https://www.amazon.in/INKSTON-Handheld-Thermal-Printer-Cartridge/dp/B0CDCP7G32
"HP Laserjet 3104fdn Duplex Printer: Print, Copy, Scan, High Speed USB, Ethernet, Fast Printing Upto 33ppm, Easy and Secure Setup",Visit the HP Store,"₹37,842","33,849",In stock,Rating not found,,https://www.amazon.in/HP-Laserjet-3104fdn-Duplex-Printer/dp/B0BN37R5N2
Epson LQ-50 Dot Matrix Printer,Visit the Epson Store,Discount not found,"4,989",Stock info not found,4.1  4.1 out of 5 stars  (9),,https://www.amazon.in/Epson-Serial-Impact-Matrix-Printer/dp/B07GF6S2CX
"Canon PIXMA E4570 All in One (Print, Scan, Copy) WiFi Ink Efficient Colour Printer with FAX and Auto","Visit the store, Canon    Canon   Visit the store",Discount not found,"5,899",Stock info not found,Rating not found,,https://www.amazon.in/Canon-Efficient-Printing-Compatible-Cartridge/dp/B0BC14LPMK
"Canon imageCLASS MF643CDW Multi Function Laser Colour Printer, White/Black",Visit the Canon Store,Discount not found,Price not found,Stock info not found,4.7  4.7 out of 5 stars,,https://www.amazon.in/Canon-ImageClass-MF643CDW-Colour-Printer/dp/B07XT6PJ4G
"HP Laserjet Tank MFP 1005W,Wireless,Print,Copy,Scan,Hi-Speed USB 2.0,Bluetooth Monochrome Laser Prin",Visit the HP Store,Discount not found,Price not found,Stock info not found,4.0  4.0 out of 5 stars  (1),,https://www.amazon.in/HP-Laserjet-Tank-1005w-Printer/dp/B0BC149WF8
"Kosh Laserjet 1018, 1020, 1020Plus Input Paper Tray Printer Cover",,"₹1,199",475,In stock,4.0  4.0 out of 5 stars  (1),,https://www.amazon.in/Laserjet-1018-1020-1020Plus-Printer/dp/B09TXX44QR
"ATN OTS-XLT Compact Lightweight Thermal Viewer, 2-8x",,Discount not found,"4,500",Stock info not found,4.0  4.0 out of 5 stars  (122),,https://www.amazon.in/ATN-OTS-XLT-2-8x-Thermal-Viewer/dp/B09HGZV9VS
"CPS Encoder Strip and Carriage Belt Combo Pack Compatible for Canon G-Series G1000,G2000,G2010,G3000, G3010, G4000",,Discount not found,"2,599",Stock info not found,1.0  1.0 out of 5 stars  (1),,https://www.amazon.in/CPS-Encoder-Strip-Carriage-Compatible/dp/B09B4V4CN5
FOS LED Driver pF >0.95 for External use with 28W-32W Luminary (White),,Discount not found,Price not found,Stock info not found,1.0  1.0 out of 5 stars,,https://www.amazon.in/FOS-Driver-28-32W-0-95-External/dp/B07MKS7419
"(Refurbished) Brother DCP-T525W - Wi-Fi Color Ink Tank Multifunction (Print, Scan & Copy) All in One Printer for Home & Office",Visit the Amazon Renewed Store,Discount not found,Price not found,Stock info not found,2.4  2.4 out of 5 stars  (3),,https://www.amazon.in/Renewed-Brother-DCP-T525W-Multifunction-Printer/dp/B0BHDQB1H1
"HP Laserjet 108W Single Function Monochrome Wi-Fi, USB Laser Printers for Home/Office, Compact Desig",Visit the HP Store,Discount not found,Price not found,Stock info not found,5.0  5.0 out of 5 stars,,https://www.amazon.in/HP-Laserjet-Function-Monochrome-Printing/dp/B0BK8N5QZ9
Epson Label Writer LW-1000P,Visit the Epson Store,Discount not found,"25,499",Stock info not found,3.7  3.7 out of 5 stars  (7),,https://www.amazon.in/Epson-Writer-LW-1000P-Matrix-Printer/dp/B0793LPRC6
Fujifilm Instax Mini Link 2 Smartphone Printer - Clay White,Visit the Fujifilm Store,"₹28,364","21,010",,"4.8  4.8 out of 5 stars  (1,445)",,https://www.amazon.in/Fujifilm-Instax-Mini-Smartphone-Printer/dp/B0B1NF5NBN
Canon PIXMA G2021 All-in-One Ink Tank Colour Printer (Black) with 1 Additional Black Ink Bottle,"Visit the store, Canon    Canon   Visit the store",Discount not found,"13,499",Stock info not found,Rating not found,,https://www.amazon.in/Canon-G2021-Colour-Printer-Additional/dp/B08VTCCX8P
King Online Laserjet/PHOTOCOPIER Grease for All Laser Printers,,Discount not found,Price not found,Stock info not found,Rating not found,,https://www.amazon.in/Online-Laserjet-PHOTOCOPIER-Grease-Printers/dp/B0CGTX7HGX
Technobits Scanner Cable for HP Laserjet Printer M1005-MFP (Pack of 1),,Discount not found,Price not found,Stock info not found,3.0  3.0 out of 5 stars  (2),,https://www.amazon.in/Technobits-Scanner-Laserjet-Printer-M1005-MFP/dp/B09PGJRBXW
"Epson M1140 Monochrome InkTank Printer with Auto Duplex, Black, Medium",Visit the Epson Store,Discount not found,"25,499",Stock info not found,3.2  3.2 out of 5 stars  (9),,https://www.amazon.in/Epson-EcoTank-Monochrome-InkTank-Printer/dp/B083GX6JWY
Title not found,Brand not found,Discount not found,Price not found,Stock info not found,Rating not found,No social proof available,URL not found
DARAHS USB 2.0 Type A Male to B Male 5 m Printer Scanner Cable (Color May Very),"Visit the store, DARAHS    DARAHS   Visit the store",Discount not found,359,Stock info not found,Rating not found,,https://www.amazon.in/Meter-Printer-Scanner-Cable-CABLES/dp/B0716NZM4V
Dotpot| CCD Scanner Bracket with Gear (Old Type) for USE in HP M1005 MFP-1120 CM1312 1015 1017 Printers|,"Visit the store, Dotpot    Dotpot   Visit the store",Discount not found,Price not found,Stock info not found,Rating not found,,https://www.amazon.in/Dotpot-Scanner-Bracket-MFP-1120-Printers/dp/B09PTGYN76
New Trailing Cable for HP DesignJet 500 500PS 800 800PS C7770-60147 C7770-60274 42,,"₹3,499","2,494",,5.0  5.0 out of 5 stars  (1),,https://www.amazon.in/Trailing-Cable-DesignJet-C7770-60147-C7770-60274/dp/B00GPZRMYG
"Xerox B315, A4 Mono All in 1",,Discount not found,"11,999",Stock info not found,2.8  2.8 out of 5 stars  (5),,https://www.amazon.in/Xerox-B315-A4-Mono-All/dp/B09S9TT72G
Pantum M6518NW Monochrome Laser Multifunction | Black,,Discount not found,"19,499",Stock info not found,3.7  3.7 out of 5 stars  (10),,https://www.amazon.in/Pantum-M6518NW-Monochrome-Laser-Multifunction/dp/B09MRSC8R2
Title not found,Brand not found,Discount not found,Price not found,Stock info not found,Rating not found,No social proof available,URL not found
Title not found,Brand not found,Discount not found,Price not found,Stock info not found,Rating not found,No social proof available,URL not found
"Genuine ( Sonico ) PVC ID Card Tray for Inkjet Printers for 800, L805, L810 and L850 Printer and 5 Blank Cards - Pack of 1 Tray",,₹699,300,In stock,3.0  3.0 out of 5 stars  (1),,https://www.amazon.in/Genuine-Sonico-id-card-traygenuine/dp/B01H3UP53G
"Image Print 05A / CE505A Compatible for HP Laserjet P2032, P2035, P2035n, P2055, P2055d, P2055dn, P2055x (Pack of 1)",,"₹1,499",649,In stock,Rating not found,,https://www.amazon.in/Image-Print-05A-Compatible-Laserjet/dp/B0BZZ651HS
"Niyama BT-III Wireless Bluetooth Thermal Printer 80 mm (3 inch) | Battery Backup + Chargeable | Android, iOS, Any Bluetooth Devices",,Discount not found,"1,899",Stock info not found,4.1  4.1 out of 5 stars  (34),,https://www.amazon.in/Niyama-Wireless-Bluetooth-Thermal-Chargeable/dp/B09NDQMG2V
"LYLA Print Head Replacement Kit for Brother MFC-J430 / J625 / J925 J5610 Printers | Printers, Scanners & Supplies | Printer & Scanner Parts & Accs",,Discount not found,Price not found,Stock info not found,Rating not found,,https://www.amazon.in/Replacement-MFC-J430-Printers-Scanners-Supplies/dp/B0C8NR896Z
"Canon PIXMA E4570 All in One (Print, Scan, Copy) WiFi Ink Efficient Colour Printer with FAX and Auto","Visit the store, Canon    Canon   Visit the store",Discount not found,"13,499",Stock info not found,Rating not found,,https://www.amazon.in/Canon-Efficient-Printing-Compatible-Cartridge/dp/B0BBQF1458
PosBox 58mm Portable Thermal Receipt Printer with 1500mAh Rechargeable Battery for Pocket Biller,,"₹4,999","2,599",In stock,5.0  5.0 out of 5 stars  (1),,https://www.amazon.in/PosBox-Portable-Thermal-Receipt-Rechargeable/dp/B0BSVHJNJ6
TVS ELECTRONICS RP 3220 Star Thermal Receipt|3 inch / 80 mm Paper Width | USB & Ethernet | Auto Cutter |2 MB Flash Memory |180 DPI High Resolution Printing,"Visit the store, TVS ELECTRONICS    TVS ELECTRONICS   Visit the store","₹14,995","14,299",Only 2 left in stock.,Rating not found,,https://www.amazon.in/TVS-Electronics-Thermal-Receipt-Printer/dp/B08B4VBW7D
"(Refurbished) HP Smart Tank 529 All-in-one Colour Printer (Upto 6000 Black and 6000 Colour Pages Included in The Box). - Print, Scan & Copy for Office/Home",Visit the Amazon Renewed Store,Discount not found,"11,499",Stock info not found,4.1  4.1 out of 5 stars  (5),,https://www.amazon.in/Refurbished-HP-Colour-Printer-Included/dp/B0BZSDQP8P
Xerox 3020 | 20 PPM | Monochrome Laser Printer | Wi-Fi | Hi-Speed USB 2.0 | 150-sheet Input Tray | 1-Year Warranty | Single Function Printer,,"₹21,215","11,999",In stock,3.7  3.7 out of 5 stars  (317),,https://www.amazon.in/Xerox-Monochrome-150-sheet-Geography-Dependent/dp/B00QMIUJFU
HP Ink Tank 316 All-in-one Colour Printer with Upto 7500 Black and 8000 Colour Pages Included in The,Visit the HP Store,Discount not found,Price not found,Stock info not found,Rating not found,,https://www.amazon.in/HP-Capacity-Laserjet-Monochrome-Connectivity/dp/B0BBMC8W38
"HP Laser MFP 138fnw, Wireless, Print, Copy, Scan, Fax, 40-Sheet ADF, Ethernet, Hi-Speed USB 2.0, Up",Visit the HP Store,Discount not found,"22,299",Stock info not found,3.5  3.5 out of 5 stars  (3),,https://www.amazon.in/HP-Wireless-40-Sheet-Ethernet-Hi-Speed/dp/B08KHH35X2
"Print Star Motor Drive Gear Compatible with HP Laserjet HP Laserjet 1020, 1010, 1020+, M1005 and Canon LBP 2900B & LBP3000 Printers (Pack of 3)","Visit the store, Print Star    Print Star   Visit the store",₹599,299,In stock,Rating not found,,https://www.amazon.in/Print-Star-Compatible-Laserjet-Printers/dp/B09W9JCJ18
Dotpot Paper Pickup Roller for HP LaserJet-101810201020PlusM1005mfpCanon LBP-2900B A One Quality,Visit the Dotpot Store,₹999,299,In stock,3.0  3.0 out of 5 stars,,https://www.amazon.in/Dotpot-LaserJet-1018-1020Plus-M1005mfp-LBP-2900B/dp/B09LV6NJXD
Epson POS Tm-m30 II 422 USB and lan Port thermal Printer,Visit the Epson Store,"₹20,999","14,150",In stock,4.1  4.1 out of 5 stars  (39),,https://www.amazon.in/Epson-Tm-M30Ii-Thermal-Autocutter-Ethernet/dp/B0965K63LH
"MOREL Motor Brass Pulley/Motor Gear Compatible for Laserjet 1010, 1012, 1015, 1018, 1020, 3015, 3020, 3030, M1005, LBP2900, LBP3000 Printers (Pack of 5)",,₹500,249,In stock,3.0  3.0 out of 5 stars,,https://www.amazon.in/MOREL-Compatible-Laserjet-LBP2900-Printers/dp/B09FT5Q98Y
"Impact POS+ Portable Thermal Printer with High-Speed Printing, 80mm (3 Inch) Android, iOS, Any Bluetooth Devices",,Discount not found,"1,598",Stock info not found,Rating not found,,https://www.amazon.in/Impact-Portable-High-Speed-Printing-Bluetooth/dp/B0CBKJWM6G
HP 932XL-933XL 4 Pack Set- Black and Color Inkjet Set 1 HP 932XL Black CB053AN,Visit the HP Store,Discount not found,"12,682",,4.5  4.5 out of 5 stars,,https://www.amazon.in/HP-932XL-933XL-Black-Inkjet-CB053AN/dp/B00FSBC9VO
Numex Printing Machine Ink Pad (Model No 253) (Pack of 10),,₹250,213,In stock,3.0  3.0 out of 5 stars  (7),,https://www.amazon.in/Numex-Printing-Machine-Model-Pack/dp/B07YWCD33K
"(Refurbished) Canon PIXMA G3770 BK All-in-one (Print, Scan, Copy) WiFi Inktank Colour Printer (Black 6000 Prints and Colour 7700 Prints) for Home and Office",Visit the Amazon Renewed Store,Discount not found,Price not found,Stock info not found,5.0  5.0 out of 5 stars,,https://www.amazon.in/Refurbished-Canon-Inktank-Colour-Printer/dp/B0C5QZPPXW
"HP Color Laser 178nw All-in-One Wireless Color Laser Print, Scan & Copy with Built-in Ethernet and Wi-fi Direct, Smallest Color Laser in its Class",Visit the HP Store,"₹46,769","46,490",In stock,3.2  3.2 out of 5 stars  (17),,https://www.amazon.in/HP-178nw-Wireless-Ethernet-Smallest/dp/B08YZ28LQX
"Print Star Double Drive Gear Compatible with HP Laserjet HP Laserjet 1020, 1010, 1020+, M1005 and Canon LBP 2900B & LBP3000 Printers (Pack of 03)","Visit the store, Print Star    Print Star   Visit the store",₹599,299,In stock,Rating not found,,https://www.amazon.in/Print-Star-Compatible-Laserjet-Printers/dp/B09W9J16R1
(Refurbished) HP 419 All-in-One Wireless Ink Tank Color Printer (Black),Visit the Amazon Renewed Store,Discount not found,499,Stock info not found,2.1  2.1 out of 5 stars  (20),,https://www.amazon.in/Renewed-HP-Wireless-Color-Printer/dp/B083RDTFBL
"Ranger Tim Holtz Distress Ink Pad - Shaded Lilac, 3in x 3in, 1pc",,Discount not found,Price not found,Stock info not found,Rating not found,,https://www.amazon.in/Ranger-Tim-Holtz-Distress-Ink/dp/B07TS2SFD4
DARAHS USB 2.0 Type A Male to B Male 3 Meter Printer Scanner Cable(COLOR MAY VERY),"Visit the store, DARAHS    DARAHS   Visit the store",₹799,399,In stock,Rating not found,,https://www.amazon.in/Meter-Printer-Scanner-Cable-CABLES/dp/B072BL6ZBN
Apple Watch 41mm Ink Leather Link - S/M,"Visit the store, Apple    Apple   Visit the store",Discount not found,Price not found,Stock info not found,Rating not found,,https://www.amazon.in/Apple-Watch-41mm-Leather-Link/dp/B0BDJ2HX3J
PROPRINT Scanner Top Cover for Use In Hp M1005 Laserjet Printer with Accurate Fitting (Pack of 1),,₹999,692,In stock,3.1  3.1 out of 5 stars  (9),,https://www.amazon.in/PROPRINT-Top-Cover-Laserjet-Accurate/dp/B0B1ZVKS55
"PrintStar MLT-D105S-Black Toner Cartridge for Samsung ML-1915, ML-1910, ML-2525, ML-2580N, ML-2525W, SCX-4600, SCX-4623F, SCX-4623FN, SF-650, SF-650P Single Color Toner (Black)","Visit the store, Print Star    Print Star   Visit the store","₹2,199",849,In stock,Rating not found,,https://www.amazon.in/PrintStar-MLT-D105S-Black-Cartridge-SCX-4623F-SCX-4623FN/dp/B0786M45M5
"Budhrani By Master Machines Monochrome Wired Handheld Business Inkjet Printers, Mini Smart LED Touch Screen Printer Rechargable USB Portable For Label, Production Date, Barcode Mm-35,Blue","Visit the store, Budhrani    Budhrani   Visit the store","₹19,999","13,989",In stock,Rating not found,,https://www.amazon.in/Budhrani%C2%AE-Machines-Handheld-Rechargable-Production/dp/B0CBWYG78M
(Refurbished) Epson EcoTank L3250 A4 Wi-Fi All-in-One Ink Tank Printer Ink,Visit the Amazon Renewed Store,Discount not found,"19,499",Stock info not found,2.1  2.1 out of 5 stars  (15),,https://www.amazon.in/Renewed-Epson-EcoTank-L3250-Printer/dp/B0BF4LJKKX
Title not found,Brand not found,Discount not found,Price not found,Stock info not found,Rating not found,No social proof available,URL not found
Kyocera FS-1020 Monochrome Multi Function Laser Printer,,Discount not found,"11,999",Stock info not found,3.6  3.6 out of 5 stars  (74),,https://www.amazon.in/Kyocera-FS-1020-Monochrome-Function-Printer/dp/B00G22VRBG
CYSNO BIS Certified 80mm (3 Inches) Direct Thermal Printer CYP-E801 - Monochrome - Desktop - Auto Cutter - Receipt Print POS Printer,Visit the CYSNO Store,Discount not found,Price not found,Stock info not found,3.6  3.6 out of 5 stars  (52),,https://www.amazon.in/CYSNO-Certified-Thermal-Printer-CYP-E801/dp/B07D6FHHNT
TSC TTP 244 PRO Barcode Printer with 5 Nos Label Roll Free,Visit the TSC Store,"₹18,000","14,499",In stock,4.0  4.0 out of 5 stars  (4),,https://www.amazon.in/TSC-TTP-244-PRO-Barcode/dp/B09M8KFK1J
"Canon MAXIFY MegaTank GX7070 All-in-One (with FAX) Wireless Ink Tank (Colour) Business Printer for High Volume Document Printing, White and Black, Standard","Visit the store, Canon    Canon   Visit the store","₹79,000","56,149",Only 1 left in stock.,Rating not found,,https://www.amazon.in/Canon-GX7070-Wireless-Business-Document/dp/B099ZVTDRJ
FASTTOBUY Original Portable Ink Cartridge Replacement 42ml Durable Non-Quick Dry Ink Cartridge for Handheld Inkjet Printer Jet Printer（Black）,,Discount not found,"11,874",Stock info not found,3.8  3.8 out of 5 stars  (7),,https://www.amazon.in/FASTTOBUY-Cartridge-Replacement-Non-Quick-Printer%EF%BC%88Black%EF%BC%89/dp/B0868M9VKM
Lamy Blue Ink 5 Cartridges - 2 Pk,"Visit the store, Lamy    Lamy   Visit the store",Discount not found,660,Only 2 left in stock.,Rating not found,,https://www.amazon.in/Lamy-Blue-Ink-Cartridges-Pk/dp/B009ZHKHKC
Kores Endura 2801 Barcode Label Printer | Direct Thermal + Thermal Transfer Technology | 1 Year Warranty,"Visit the store, Kores    Kores   Visit the store","₹17,490","13,990",In stock,Rating not found,,https://www.amazon.in/Kores-2801-Transfer-Technology-Warranty/dp/B0778K8TWK
"Avant Garde 12.7mm Handheld Industrial Thermal Inkjet Printer with Premium Solvent Cartridge || Print Height Upto 12.7mm (Print MRP, EXP, MFG, Batch Numbers Logos and Barcode)",Visit the Generic Store,"₹25,999","16,999",In stock,4.0  4.0 out of 5 stars,,https://www.amazon.in/Handheld-Black-White-Inkjet-Printer/dp/B09W5GBJWN
"Sanyipace Portable Printer, Mini Pocket Wireless Bluetooth Thermal Printers with 1 Rolls Printing Paper for Android iOS Smartphone, Work Study Photo Label Notes Memo Picture Inkless Printing (Blue)",,Discount not found,"2,199",Stock info not found,3.0  3.0 out of 5 stars  (18),,https://www.amazon.in/Portable-Printer-Wireless-Bluetooth-Smartphone/dp/B097MTTVFY
Laser Scanner Printer Unit for HP Laserjet 1020 Plus Printer,,Discount not found,Price not found,Stock info not found,,,https://www.amazon.in/Laser-Scanner-Printer-Unit-Laserjet/dp/B07N8ZJSVK
"Canboc Case for HP Sprocket, Kodak Step, Lifeprint 2x3 Photo Printers, Rose Gold, Portable, Travel, Outdoor, Unisex",,"₹6,092.34","2,997",,Rating not found,,https://www.amazon.in/Canboc-Carrying-Sprocket-Portable-Lifeprint/dp/B0BN1LWDBY
"Canon PIXMA MegaTank G7070 All-in-One Wireless Ink Tank Color Printer with Network, FAX and ADF (Black)","Visit the store, Canon    Canon   Visit the store","₹45,999","34,770",Only 1 left in stock.,Rating not found,,https://www.amazon.in/Canon-GM7070-Wireless-Printer-Network/dp/B08238B4Y8
Print Star Printer Side Cover Set Compatible with Canon LBP 2900 with Accurate Fitting,"Visit the store, Print Star    Print Star   Visit the store","₹1,199",675,Only 2 left in stock.,Rating not found,,https://www.amazon.in/Print-Star-Printer-Compatible-Accurate/dp/B09SWPJ683
Pantum M6502NW Laser MFP (Black and White),,Discount not found,"19,499",Stock info not found,3.4  3.4 out of 5 stars  (55),,https://www.amazon.in/Pantum-M6502NW-Laserjet-Black-White/dp/B07HKQFDYS
"KOPYBAKE Photo Cake Printer Kit Canon Pixma G3010 All in one Including 25 Icing Sheets and 1 Edible Ink Set (CMYK, 100 ML)",,Discount not found,"16,499",Stock info not found,2.0  2.0 out of 5 stars  (1),,https://www.amazon.in/KOPYBAKE-Printer-Including-Sheets-Edible/dp/B0B19TNPYN
Technobits Teflon Fuser Film Sleeve Compatible for Canon -LBP2900 /L-120 /MF4150/LBP3000/3112/1210 Set of 3,,Discount not found,Price not found,Stock info not found,4.0  4.0 out of 5 stars  (2),,https://www.amazon.in/Technobits-Teflon-Compatible-LBP2900-LBP3000/dp/B09FZFYZH1
Epson EcoTank L3250 A4 Wi-Fi All-in-One Ink Tank Printer Ink,Visit the Epson Store,Discount not found,"13,499",Stock info not found,Rating not found,,https://www.amazon.in/Epson-EcoTank-L3250-Printer-Bottle/dp/B0BBKGTZXC
"Print Star Belt Drive Gear Compatible with HP Laserjet HP Laserjet 1020, 1010, 1020+, M1005 and Canon LBP 2900B & LBP3000 Printers (Pack of 3)","Visit the store, Print Star    Print Star   Visit the store",₹599,299,In stock,Rating not found,,https://www.amazon.in/Print-Star-Compatible-Laserjet-Printers/dp/B09W9HDGMC
"Morel GI790 Multi Color Ink Compatible for Canon G1000, G2000, G3000, G4000 Inkjet Printer",,₹999,269,In stock,4.4  4.4 out of 5 stars  (2),,https://www.amazon.in/MOREL-Compatible-Inkjet-Printer-Multicolour/dp/B0789B1CT2
Pegasus PR5821 58mm 2 Inch USB Thermal Receipt Printer for Retail and Restaurant,"Visit the store, Pegasus    Pegasus   Visit the store",Discount not found,"6,649",Stock info not found,Rating not found,,https://www.amazon.in/Pegasus-PR5821-Thermal-Receipt-Printer/dp/B076CJ4N1V
DESMAT88A,,"₹1,299",549,Only 1 left in stock.,3.8  3.8 out of 5 stars  (16),,https://www.amazon.in/Desmat-DESMAT88A-Toner-Cartidge-Black/dp/B00KG3AKE2
"Print Star Motor Gear Pulley Compatible with HP Laserjet HP Laserjet 1020, 1010, 1020+, M1005 and Canon LBP 2900 Printers (Pack of 10)","Visit the store, Print Star    Print Star   Visit the store",Discount not found,Price not found,Stock info not found,Rating not found,,https://www.amazon.in/Print-Star-Compatible-Laserjet-Printers/dp/B09W9GX9PG
(Refurbished) HP 415 All-in-One Ink Tank Wireless Color Printer (Black),Visit the Amazon Renewed Store,Discount not found,"13,499",Stock info not found,3.6  3.6 out of 5 stars  (8),,https://www.amazon.in/Renewed-HP-Wireless-Color-Printer/dp/B083QQF2MS
Xerox Work Centre 3025V_BI Multi-Function Wireless Printer,,Discount not found,"11,999",Stock info not found,3.0  3.0 out of 5 stars  (97),,https://www.amazon.in/Xerox-3025V_BI-Multi-Function-Wireless-Printer/dp/B018U40PRA
PANTUM M6518 Multifunction Mono Printer,,Discount not found,Price not found,Stock info not found,3.1  3.1 out of 5 stars,,https://www.amazon.in/PANTUM-M6518-Multifunction-Mono-Printer/dp/B09VDGWJNN
Fino Wireless mPOS Device,,Discount not found,"5,599",Stock info not found,2.3  2.3 out of 5 stars  (8),,https://www.amazon.in/Fino-Payments-Bank-D180-Wireless/dp/B086LD3H9H
"LOVEDAY 100pc 5.1"" Square Rectangle Foam Cleaning Swab Sticks For Solvent Format Inkjet Printer Roland Optical Equipment",,"₹4,982.18",259,,4.1  4.1 out of 5 stars  (6),,https://www.amazon.in/LOVEDAY-Rectangle-Cleaning-Solvent-Equipment/dp/B01HQAU7F4
"Ranger Tim Holtz Distress Ink Pad - Scattered Straw, 3in x 3in, 1pc",,Discount not found,Price not found,Stock info not found,5.0  5.0 out of 5 stars  (1),,https://www.amazon.in/Ranger-Tim-Holtz-Distress-Ink/dp/B07TV4LYG8
Canon Maxify MB5170 All in One Inkjet Printer (Black),"Visit the store, Canon    Canon   Visit the store",Discount not found,"19,499",Stock info not found,Rating not found,,https://www.amazon.in/Canon-Maxify-MB5170-Inkjet-Printer/dp/B06XJ2X9MP
M&M HARIS Scanner Top Cover for Use in Hp M1005 Laserjet Printer,,"₹1,399",699,In stock,5.0  5.0 out of 5 stars  (2),,https://www.amazon.in/HARIS-Scanner-Cover-Laserjet-Printer/dp/B0BX6QXQ15
"HP Laserjet Tank 1020w Printer, Wireless, Print, Hi-Speed USB 2.0, Bluetooth LE, Up to 22 ppm, 150-s",Visit the HP Store,Discount not found,"13,249",Stock info not found,Rating not found,,https://www.amazon.in/HP-Laserjet-Printer-Business-Original/dp/B0BBQCVPTW
"(Refurbished) Brother DCP-T426W - Wi-Fi Color Ink Tank Multifunction (Print, Scan & Copy) All in One Pri",Visit the Amazon Renewed Store,Discount not found,Price not found,Stock info not found,3.0  3.0 out of 5 stars,,https://www.amazon.in/Renewed-Brother-DCP-T426W-Multifunction-Printer/dp/B0BHKQ5LZR
"Bestow Bluetooth(BT) Thermal Receipt Printer 58mm (2 Inch for Office and Small Business, Compatible with ESC/POS Print Billing Invoice Android & Windows Support",,"₹6,500","3,599",In stock,5.0  5.0 out of 5 stars,,https://www.amazon.in/Bestow-Bluetooth-Commands-Business-Compatible/dp/B09RSQZTJR
2900 Top Cover (Imported) Use for Canon 2900 Printer,,Discount not found,Price not found,Stock info not found,1.0  1.0 out of 5 stars  (1),,https://www.amazon.in/2900-Top-Cover-Canon-Printer/dp/B09PD5HZ54
CPS Head Cable for EPSON L3110 L3115 L3116 L3150 3110,,Discount not found,Price not found,Stock info not found,4.5  4.5 out of 5 stars  (2),,https://www.amazon.in/CPS-Cable-EPSON-L3110-L3150/dp/B08HJL6VBY
HP Color Laserjet Pro Multifunction M479fdw,Visit the HP Store,Discount not found,759,Stock info not found,"4.4  4.4 out of 5 stars  (3,799)",,https://www.amazon.in/HP-LaserJet-M479fdw-Multifunction-Wireless/dp/B07RQB5WJW
Trailing Cable for HP Designjet T830 520 Printer Plotter Part,,"₹1,300","1,119",In stock,2.6  2.6 out of 5 stars  (3),,https://www.amazon.in/Trailing-Cable-Designjet-Printer-Plotter/dp/B07JQBQXBD
Tvs Printer-240 Monochrome Dot Matrix Printer,"Visit the store, TVS    TVS   Visit the store",Discount not found,Price not found,Stock info not found,Rating not found,,https://www.amazon.in/Tvs-Printer-240-Monochrome-Matrix-Printer/dp/B0090O9GOS
KOPYBAKE Canon G1010 Photo Cake Printer Kit Including 25 Icing Sheets and 1 Edible Ink Set (CMYK 100ml),,Discount not found,Price not found,Stock info not found,,,https://www.amazon.in/KOPYBAKE-Printer-Including-Sheets-Edible/dp/B0C4P8NS96
HipponixTech Control Panel Cable for HP DeskJet GT-5810 GT-5820 Printer (10 Pin 179 MM) Printer (Pack of 1),,Discount not found,Price not found,Stock info not found,5.0  5.0 out of 5 stars  (1),,https://www.amazon.in/HipponixTech-Control-Panel-DeskJet-GT-5810/dp/B0BVG1TF2M
Epson SureColor SC-F130 A4 Dye-Sublimation Textile Printer,Visit the Epson Store,"₹44,999","34,799",Only 1 left in stock.,2.0  2.0 out of 5 stars  (3),,https://www.amazon.in/Epson-SureColor-SC-F130-Dye-Sublimation-Textile/dp/B09XV6GLBL
Technotech LPT Printer Cable Wire for Dot Matrix and Old Inkjets Printer (5 Meter),Visit the Technotech Store,₹799,687,In stock,4.0  4.0 out of 5 stars  (13),,https://www.amazon.in/Technotech-Printer-Cable-Matrix-Inkjets/dp/B06Y2QCP12
HP Sprocket Portable 2x3 Inch Instant Photo Printer (Black Noir) Print Pictures on Zink Sticky-Backed Paper From,Visit the HP Store,Discount not found,"15,499",Stock info not found,"4.5  4.5 out of 5 stars  (4,448)",,https://www.amazon.in/HP-Sprocket-Portable-Photo-Printer/dp/B07GFT91Z1
"Citizen CL-E331 Barcode Printer Bluetooth Thermal Label Maker Wireless Easy Set Up Compatible with LAN, USB, Linux, Windows, Mac","Visit the store, Citizen    Citizen   Visit the store","₹24,999","24,311",Available to ship in 1-2 days,Rating not found,,https://www.amazon.in/Citizen-CL-E331-Bluetooth-Wireless-Compatible/dp/B0BRBDJ1C2
"KOPYBAKE Photo Cake Printer KIT Epson L130 Including 25 Icing Sheets and 1 Edible Ink Set (CMYK, 100 ML)",,Discount not found,"5,899",Stock info not found,1.0  1.0 out of 5 stars  (1),,https://www.amazon.in/KOPYBAKE-Printer-Including-Sheets-Edible/dp/B0B1DNHRTX
Canon imageClass LBP223dw Single Function (Print only) Monochrome WiFi 33ppm Laser Printer with Duplex,"Visit the store, Canon    Canon   Visit the store",Discount not found,"22,299",Stock info not found,Rating not found,,https://www.amazon.in/Canon-imageClass-LBP223dw-Function-Monochrome/dp/B09GX96CY7
"Kodak Printomatic Digital Instant Print Camera (Neon Green), Full Color Prints On Zink 2x3 Sticky-Backed Photo Paper - Print Memories Instantly","Visit the store, KODAK    KODAK   Visit the store","₹27,000","12,485",,Rating not found,,https://www.amazon.in/Kodak-PRINTOMATIC-Digital-Instant-Sticky-Backed/dp/B07FCRLPJC
3 INCH Thermal Printer Mechanism,,Discount not found,Price not found,Stock info not found,,,https://www.amazon.in/3-INCH-Thermal-Printer-Mechanism/dp/B096Y3Y6W1
Encrust Ventures Tastycrafts Edible Printer Food Ink Baking Edible Printing Special for Photo Cake Decor Compatible with All Printers Use with Edible Sheet Cyan - 100 ml,,Discount not found,"1,598",Stock info not found,4.4  4.4 out of 5 stars  (2),,https://www.amazon.in/Tastycrafts-Printer-Printing-Compatible-Printers/dp/B08HZ7MVJG
"Brother DCP-L3551CDW Colour LED Multifunction Centre with Duplex, Wireless & Networking Technology",Visit the Brother Store,Discount not found,"13,249",Stock info not found,3.7  3.7 out of 5 stars  (52),,https://www.amazon.in/Brother-DCP-L3551CDW-Multifunction-Networking-Technology/dp/B07NYVN7GP
"Itsy Bitsy Ranger Tim Holtz Distress Ink Pad (Iced Spruce, 3 x 3-in)",,Discount not found,Price not found,Stock info not found,5.0  5.0 out of 5 stars  (1),,https://www.amazon.in/Ranger-Tim-Holtz-Distress-Ink/dp/B07TS2WRF3
(Refurbished) Brother DCP-T220 All-in One Ink Tank Refill System Printer,Visit the Amazon Renewed Store,Discount not found,Price not found,Stock info not found,5.0  5.0 out of 5 stars  (1),,https://www.amazon.in/Refurbished-Brother-DCP-T220-Refill-Printer/dp/B0C46KTLCR
SANCTrix Attack On Titan Laptop Skin Stickers for Dell/Lenovo/Acer/HP (15.6 Inch) with Three Mobile Sticker,,Discount not found,269,Stock info not found,3.1  3.1 out of 5 stars  (7),,https://www.amazon.in/SANCTrix-Attack-Laptop-Stickers-Sticker/dp/B09RSJ69MT
"Xerox C230, A4 Colour Printer",,Discount not found,"19,499",Stock info not found,3.7  3.7 out of 5 stars  (124),,https://www.amazon.in/Xerox-C230-A4-Colour-Printer/dp/B099X3HJQK
Tastycrafts Edible Printer Ink | Food Ink | Baking Edible Printing | Special for Photo Cake Decor | Compatible with All Printers | Use with Edible Sheet | Yellow - 100 ml,,Discount not found,"1,598",Stock info not found,4.0  4.0 out of 5 stars  (1),,https://www.amazon.in/Tastycrafts-Printer-Printing-Compatible-Printers/dp/B08HZ89MY5
(Refurbished) HP Z6Z13A 319 All-in-One Ink Tank Colour Printer,Visit the Amazon Renewed Store,Discount not found,"5,899",Stock info not found,5.0  5.0 out of 5 stars  (2),,https://www.amazon.in/Renewed-HP-Z6Z13A-Colour-Printer/dp/B07MCLDLKY
"Tim Holtz Ranger Distress Oxide Ink Bundle E - Four 3"" x 3"" Pads - Black Soot, Walnut Stain, Vintage Photo, and Antique Linen",,Discount not found,"3,797",,Rating not found,,https://www.amazon.in/Tim-Holtz-Ranger-Distress-Bundle/dp/B07D2MLD8D
"3DInnovations 3D Printer Platform/Heat Bed/Hot Bed Supporting Spring (Quantity: 8 pcs, Color: Black, Diameter: 4.8 mm; Length: 8 mm in Elastic State)","Visit the store, 3DINNOVATIONS    3DINNOVATIONS   Visit the store",Discount not found,235,In stock,Rating not found,,https://www.amazon.in/3D-Innovations-CHPSS520-Platform-Supporting/dp/B01MTAQCJS
Epson LQ-1310 Impact Printer,Visit the Epson Store,Discount not found,Price not found,Stock info not found,3.8  3.8 out of 5 stars,,https://www.amazon.in/Epson-LQ-1310-Dot-Matrix-Printer/dp/B00P3ZXFMM
SATO Printhead Cleaning Kit for Thermal Transfer Printers,,Discount not found,Price not found,Stock info not found,Rating not found,,https://www.amazon.in/SATO-Printhead-Cleaning-Transfer-Printers/dp/B01LBM1FVI
SEIBEN XP 437B High Resolution 300 DPI 4 inch Direct/Transfer Thermal Barcode Label Printer,,"₹20,000","12,999",Only 2 left in stock.,3.9  3.9 out of 5 stars  (13),,https://www.amazon.in/SEIBEN-Resolution-Transfer-Thermal-Barcode/dp/B0BB6V1N4Q
PRINT HOME 1020 Pressure Roller Lower Bush for USE in HP Laserjet 1020 1010 M1005 Canon LBP-2900B Printer Pack of 10,,Discount not found,Price not found,Stock info not found,2.7  2.7 out of 5 stars  (3),,https://www.amazon.in/PRINT-HOME-Pressure-Laserjet-LBP-2900B/dp/B09GRGFC7Q
Lipi Pb2 passbook Printer Cartridge,,₹550,429,Only 1 left in stock.,3.6  3.6 out of 5 stars  (5),,https://www.amazon.in/Lipi-Pb2-passbook-Printer-Cartridge/dp/B08X4BYG7J
Epson EcoTank L6580 Wi-Fi Duplex Multifunction ADF InkTank Office Printer with PCL Support,Visit the Epson Store,"₹81,000","73,990",,5.0  5.0 out of 5 stars  (2),,https://www.amazon.in/Epson-EcoTank-L6580-Multifunction-InkTank/dp/B09TY96QGC
Scanner Cable for Ink Tank Wireless HP 410 All-in-One Color Printer,"Visit the store, Truvic    Truvic   Visit the store",₹700,340,,Rating not found,,https://www.amazon.in/Scanner-Cable-Wireless-Color-Printer/dp/B08H52HRWD
3DInnovations 3D Printer Heating Block/Heat Block for E3D V6 J-Head hotend (Quantity: 1 pc),"Visit the store, 3DINNOVATIONS    3DINNOVATIONS   Visit the store",Discount not found,260,In stock,Rating not found,,https://www.amazon.in/3DInnovations-Printer-Heating-J-Head-Quantity/dp/B0722D5SXS
HP Colour Laserjet Pro MFP M479dw Wireless Multifunction Printer,Visit the HP Store,Discount not found,Price not found,Stock info not found,4.4  4.4 out of 5 stars  (475),,https://www.amazon.in/HP-Laserjet-Wireless-Multifunction-Printer/dp/B07S5GD3Z6
HP Laserjet Mfp M72625Dn wired Monochrome Laser Printers,Visit the HP Store,Discount not found,"19,499",Stock info not found,2.3  2.3 out of 5 stars  (2),,https://www.amazon.in/HP-Laserjet-MFP-M72625dn-Printer/dp/B07H57N93S
(Refurbished) Brother MFC-T920DW All-in One Ink Tank Refill System Printer with Wi-Fi and Auto Duplex Printing,Visit the Amazon Renewed Store,Discount not found,Price not found,Stock info not found,,,https://www.amazon.in/Refurbished-Brother-MFC-T920DW-Printer-Printing/dp/B0BYSPTG72
Printer CCD Scanner Cable for Laser MFP 1200a / 1200W Hp,,₹600,390,,3.1  3.1 out of 5 stars  (2),,https://www.amazon.in/Printer-Scanner-Cable-Laser-1200a/dp/B0BQJWSVZQ
HP Ink Tank 316 All-in-one Colour Printer with Upto 7500 Black and 8000 Colour Pages Included in The,Visit the HP Store,Discount not found,Price not found,Stock info not found,Rating not found,,https://www.amazon.in/HP-316-Printer-Magenta-Bottles/dp/B08KH398BS
"Encrust Ventures Tastycrafts Edible Baking Food Printer Ink for Photo Cake Decor (Magenta, Compatible with All Printers, Use with Edible Sheet, 100 ml)",,Discount not found,"1,598",Stock info not found,4.5  4.5 out of 5 stars  (2),,https://www.amazon.in/Tastycrafts-Printer-Printing-Compatible-Printers/dp/B08HZB1MM4
HP Color Laserjet Pro MFP M183fw Laser Printer,Visit the HP Store,"₹72,500","62,999",In stock,4.2  4.2 out of 5 stars  (4),,https://www.amazon.in/HP-Color-Laserjet-M183fw-Printer/dp/B089Y8P967
Rugtek Posiflex RP 76-4inch Width Thermal Printer,,Discount not found,"4,989",Stock info not found,Rating not found,,https://www.amazon.in/Posiflex-Rugtek-76-4inch-Thermal-Printer/dp/B07PB34DZ4
Ricoh Aficio 3510DN A4 Monochrome Laser Printer,Visit the Ricoh Store,Discount not found,Price not found,Stock info not found,3.3  3.3 out of 5 stars,,https://www.amazon.in/Ricoh-Aficio-3510DN-Monochrome-Printer/dp/B008QN9JM8
"BTBESTTON compatible with Hp Full Gear Set for Use in Hp 1020, 1010, LBP 2900, 3000 Compatible for M1005, Printers",Visit the BTBESTTON Store,Discount not found,Price not found,Stock info not found,,,https://www.amazon.in/BTBESTTON-1020-1010-LBP-2900/dp/B0CFLRCK9P
ELEGOO 9.1 Inches 4K Mono LCD for Saturn S 3D Printer,"Visit the store, Protomont TECHNOLOGIES    Protomont TECHNOLOGIES   Visit the store",Discount not found,Price not found,Stock info not found,Rating not found,,https://www.amazon.in/ELEGOO-Inches-Mono-Saturn-Printer/dp/B0BH4RBJ2D
"Gainscha Desktop Barcode Label Printer 4 inch Thermal Transfer Printer GS-2406T SUEH, 203dpi, 64MB SDRAM, Inbuilt LAN Port and Free Label Design & Database Software (Worth of Rs.15,000/-)",,Discount not found,Price not found,Stock info not found,,,https://www.amazon.in/Gainscha-Desktop-Thermal-Transfer-GS-2406T/dp/B09TKGW81D
CPS USB Connector for Printer Formatter Card (5 PC Bundle),,Discount not found,Price not found,Stock info not found,4.0  4.0 out of 5 stars  (1),,https://www.amazon.in/CPS-Connector-Printer-Formatter-Bundle/dp/B0852MLTGQ
Epson WorkForce ES-50 Portable Sheet-Fed Document Scanner for PC and Mac,Visit the Epson Store,Discount not found,"19,499",Stock info not found,"4.4  4.4 out of 5 stars  (5,088)",,https://www.amazon.in/Epson-Workforce-ES-50-Portable-Sheet-fed/dp/B07KQZWPYN
Tvs LP-45 Barcode Label Printer,"Visit the store, TVS    TVS   Visit the store",Discount not found,"6,889",Stock info not found,Rating not found,,https://www.amazon.in/Tvs-LP-45-Barcode-Label-Printer/dp/B01A5PS0OW
Argox CP-2140 Barcode Printer,,Discount not found,"6,750",Stock info not found,4.9  4.9 out of 5 stars  (6),,https://www.amazon.in/Argox-CP2140-CP-2140-Barcode-Printer/dp/B007OZP4GO
HP 126A Laserjet Imaging Drum,Visit the HP Store,Discount not found,Price not found,Stock info not found,4.6  4.6 out of 5 stars  (810),,https://www.amazon.in/Ce314A-Laserjet-Imaging-Printer-Cartridges/dp/B0044UEXT6
"HipponixTech Head Cable set Original for Canon G-Series G1000, G1010,G2000, G2002, G2010, G2012, G3000, G3010, G3012,G4000, G4010 Printers",,₹499,249,In stock,Rating not found,,https://www.amazon.in/HipponixTech-set-Original-Canon-G2010/dp/B0CCF343FB
Dotpot Black Lower Fuser Pressure Roller Compatible for Canon -LBP2900 /L-120 /MF4150/LBP3000/3112/1210,"Visit the store, Dotpot    Dotpot   Visit the store",₹999,549,In stock,Rating not found,,https://www.amazon.in/Dotpot-Pressure-Compatible-LBP2900-LBP3000/dp/B09SQ1BPWC
Assuretech Scanner Top Cover/Top Door for Laserjet M1005 MFP Printer,,Discount not found,Price not found,Stock info not found,3.5  3.5 out of 5 stars  (9),,https://www.amazon.in/Assuretech-Scanner-Cover-Laserjet-Printer/dp/B08R5WFWK6
HP Laserjet Pro MFP M429fdw (W1A35A) Printer,Visit the HP Store,Discount not found,"22,299",Stock info not found,1.7  1.7 out of 5 stars  (4),,https://www.amazon.in/HP-Laserjet-M429fdw-W1A35A-Printer/dp/B0851911VC
"Zebra ZD420t Thermal Transfer Desktop Printer for Labels, Receipts, Barcodes, Tags, and Wrist Bands, Print Width 4 in, 300 dpi, USB, ZD42043-T0G000EZ - BIS 2020 Model",,Discount not found,Price not found,Stock info not found,3.2  3.2 out of 5 stars  (2),,https://www.amazon.in/Zebra-Transfer-Receipts-Barcodes-ZD42043-T0G000EZ/dp/B084BDTF92
HESPLUS Shockproof Hard Storage Case for Canon Selphy CP1500 CP1300 CP1200 Wireless Color Photo Printer,,"₹14,546.40","4,680",,4.7  4.7 out of 5 stars,,https://www.amazon.in/HESPLUS-Shockproof-Storage-Wireless-Printer/dp/B07KGCH1G8
JET BLACK Teflon Fuser Film Sleeve for Canon -LBP2900 /L-120 /MF4150/LBP3000/3112/1210,,₹499,299,In stock,3.6  3.6 out of 5 stars  (3),,https://www.amazon.in/JET-BLACK-Teflon-LBP2900-LBP3000/dp/B079VTXWYZ
"Canon Genuine Toner, Cartridge 045 Magenta (1240C001), 1 Pack, for Canon Color imageCLASS MF634Cdw, MF632Cdw","Visit the store, Canon    Canon   Visit the store","₹16,500","15,500",In stock,Rating not found,,https://www.amazon.in/Canon-Original-045-Toner-Cartridge/dp/B06Y171NQT
"GPS Compatible Toner Cartridge 329 Magenta for Use in Canon Printer imageCLASS LBP7010C, Canon imageCLASS LBP7018C, Canon imageCLASS LBP7510 Color(s): Magenta",Visit the GPS Colour Your Dreams Store,"₹1,299",682,In stock,1.0  1.0 out of 5 stars,,https://www.amazon.in/GPS-Toner-Cartridge-329-Magenta/dp/B01JM6QIZI
"56X HP CF256X Original Toner Cartridge For Hp M436n, M436NDA Printer Copier Machine",Visit the HP Store,"₹2,853","2,750",In stock,4.4  4.4 out of 5 stars,,https://www.amazon.in/Yield-Black-LaserJet-Cartridge-CF256X/dp/B0745Z6PNV
"Print Star Fuser Drive Gear Compatible with HP Laserjet HP Laserjet 1020, 1010, 1020+, M1005 and Canon LBP 2900B & LBP3000 Printers (Pack of 1)","Visit the store, Print Star    Print Star   Visit the store",₹399,199,In stock,Rating not found,,https://www.amazon.in/Print-Star-Compatible-Laserjet-Printers/dp/B09W9KYL12
"Dzazner Full Panel Laptop Skins Compatible with 13.3, 14.1, 15.6 inch - No Residue, Bubble Free - Removable HD Printed Vinyl/Sticker/Cover Compatible for Dell-Lenovo-Acer-HP (Black Yeloow Sparkle)",,₹599,259,In stock,2.5  2.5 out of 5 stars  (2),,https://www.amazon.in/Dzazner-Panel-Laptop-Skins-Compatible/dp/B09GKPHBZZ
HP Sprocket Portable 2x3 Instant Photo Printer (Black Noir) Zink Paper Bundle,Visit the HP Store,Discount not found,"15,499",Stock info not found,4.4  4.4 out of 5 stars  (214),,https://www.amazon.in/HP-Sprocket-Portable-Instant-Printer/dp/B08LNZW1HZ
Polaroid Originals Lab - Digital to Analog Polaroid Photo Printer (9019),"Visit the store, Polaroid    Polaroid   Visit the store","₹45,984.90","15,499",,Rating not found,,https://www.amazon.in/Polaroid-Lab-Digital-Analog-Printer/dp/B07WHMKXQB
Brother MFC-L3735CDN Colour LED Multifunction Centre with Duplex & Networking Technology,Visit the Brother Store,Discount not found,"22,299",Stock info not found,2.5  2.5 out of 5 stars  (7),,https://www.amazon.in/Brother-MFC-L3735CDN-Multifunction-Networking-Technology/dp/B07NYY18GJ
Epson L1455 A3 All-in-One Color Inkjet Printer (Black),Visit the Epson Store,Discount not found,"65,399",Only 1 left in stock.,3.3  3.3 out of 5 stars  (37),,https://www.amazon.in/Epson-L1455-Color-Inkjet-Printer/dp/B075JG42MZ
HP A3 Laserjet Pro M706n,Visit the HP Store,Discount not found,"22,299",Stock info not found,3.8  3.8 out of 5 stars  (5),,https://www.amazon.in/HP-A3-LaserJet-Pro-M706n/dp/B01M0UP599
Fastening Tape 0.75inch One Wrap Hook & Loop Fastening Tape 5 Yard/Roll - Black,,₹999,504,Only 1 left in stock.,4.0  4.0 out of 5 stars  (139),,https://www.amazon.in/Fastening-Tape-0-75inch-Wrap-Hook/dp/B004AF9II6
"Limeink 8 Pack Compatible PGI-35 & CLI-36 Ink Cartridges (5 Black, 3 Color) Color Set Use for Canon PIXMA iP100 PIXMA iP110 Series Printers 1509b002 1511B002",,"₹10,241.40","3,297",,4.5  4.5 out of 5 stars  (354),,https://www.amazon.in/Compatible-Cartridges-Printers-1509b002-1511B002/dp/B015YALJ0U
"Direct Thermal Printer Label Printer for Shipping Package, 100mm/s Shipping Label Printer, Support Windows, Mac & Android, Thermal Label Printer Compatible",,Discount not found,"7,979",Stock info not found,3.0  3.0 out of 5 stars  (1),,https://www.amazon.in/Thermal-Printer-Shipping-Package-Compatible/dp/B0BS3WZ3PJ
QUALYPRINT LBP 2900 Printer Top Cover Compatible (Black),,Discount not found,Price not found,Stock info not found,3.5  3.5 out of 5 stars  (2),,https://www.amazon.in/QUALYPRINT-Printer-Cover-Compatible-Black/dp/B09W383XBY
Dotpot 1010 CLUCH Gear for USE in| HP 1010/1020 / M1005 Canon-LBP 2900/3000 Printer|,"Visit the store, Dotpot    Dotpot   Visit the store","₹3,999",249,In stock,Rating not found,,https://www.amazon.in/Dotpot-CLUCH-M1005-Canon-LBP-Printer/dp/B09Q332VS2
Technobits Pressure Roller 1007/1008 for use in HP Laserjet P1005 / P1006 / P1007 / P1008 / P1108 (Pack of 1),,"₹3,999",425,In stock,5.0  5.0 out of 5 stars  (1),,https://www.amazon.in/Technobits-Pressure-Roller-Laserjet-P1005/dp/B09PLGBW7K
Dotpot 1010 FUSER Drive Gear for USE in HP Laserjet 1010/1020 / 1018/3020 / 3030/3015 / M1005 Canon LBP-2900/3000 Printers,Visit the Dotpot Store,₹999,229,In stock,,,https://www.amazon.in/Dotpot-FUSER-Laserjet-LBP-2900-Printers/dp/B09GRGH3NW
Biznext 58mm Portable Rechargeable Thermal Bluetooth Printer with USB Connectivity,,Discount not found,Price not found,Stock info not found,4.5  4.5 out of 5 stars  (4),,https://www.amazon.in/Biznext-Portable-Rechargeable-Bluetooth-Connectivity/dp/B08XB4TT5T
Konica Minolta Bizhub 205i,,Discount not found,"20,399",Stock info not found,4.0  4.0 out of 5 stars  (6),,https://www.amazon.in/Konica-Bizhub-205i-Minolta/dp/B0827VFZCF
Duggad company Bloomerang Handheld Intelligent Inkjet Printer Ink Date Coder Coding Machine with LED Screen,,Discount not found,"5,899",Stock info not found,3.3  3.3 out of 5 stars  (6),,https://www.amazon.in/Duggad-company-Bloomerang-Handheld-Intelligent/dp/B0819P24G7
(Refurbished) HP MFP M128fw LaserJet Pro Printer,Visit the Amazon Renewed Store,Discount not found,Price not found,Stock info not found,3.0  3.0 out of 5 stars  (1),,https://www.amazon.in/Renewed-HP-MFP-LaserJet-Printer/dp/B07MJVYH6Y
NGX BTP 320 Bluetooth Thermal Printer,,Discount not found,Price not found,Stock info not found,1.0  1.0 out of 5 stars,,https://www.amazon.in/NGX-BTP-Bluetooth-Thermal-Printer/dp/B07LDT45JL
Kodak Mini 2 HD Wireless Mobile Instant Photo Printer w/4PASS Patented Printing Technology (Black) - Compatible w/iOS & Android Devices - Real Ink in an Instant,"Visit the store, KODAK    KODAK   Visit the store","₹17,667","16,411",,Rating not found,,https://www.amazon.in/Kodak-Wireless-Patented-Printing-Technology/dp/B077BFDT2V
Ranger Tholtz Distress Ink Pad Oxide Sdlss Prsrvs,,₹999,698,In stock,3.9  3.9 out of 5 stars  (3),,https://www.amazon.in/Ranger-Prsrvs-THoltz-Distress-Oxides/dp/B073V6R2XM
Storin 1.37 Meter Power Cable Computer/Printer/Desktop/PC/SMPS Power Cable Cord Black,"Visit the store, Storin    Storin   Visit the store",Discount not found,Price not found,Stock info not found,Rating not found,,https://www.amazon.in/Storin%C2%AE-Power-Cable-Computer-Printer/dp/B06XJN5PJY
Canon Maxify MB5470 All in One Inkjet Printer (Black),Visit the Canon Store,"₹32,000","29,990",,2.2  2.2 out of 5 stars,,https://www.amazon.in/Canon-Maxify-MB5470-Multifunctional-Printer/dp/B06XJ1NB5Y
Ranger RGRTDO.55846 THoltz Distress Oxides BrChina,,₹999,699,In stock,Rating not found,,https://www.amazon.in/Ranger-RGRTDO-55846-THoltz-Distress-BrChina/dp/B06X6JC2W7
TVS MSP 245 Monochrome Dot Matrix Printer,"Visit the store, TVS    TVS   Visit the store",Discount not found,465,Stock info not found,Rating not found,,https://www.amazon.in/Tvs-MSP-245-Monochrome-Printer/dp/B00NSHK124
Golden Heavy Body Acrylic Introductory Set (0000074-0),,"₹17,900","6,592",,4.7  4.7 out of 5 stars  (905),,https://www.amazon.in/Golden-Heavy-Acrylic-Introductory-0000074-0/dp/B001H77Z7G
"Printhead for Tx800 F192040 6 Color Photo Machine, Oil Based Uv Flat Plate Printer, Simple to Operate, Clear Print, Strong Compatibility for Dx8 Dx10 F1940 Tx800 Tx700",,"₹11,099","5,529",,Rating not found,,https://www.amazon.in/Printhead-F192040-Machine-Printer-Compatibility/dp/B0CBSNCNFM
"DCode (DC3M- 70mm/s, 3 inch Mobile Label Printer USB, Bluetooth Direct Thermal Transfer Printing 203dpi 1D, 2D Barcode Printer",Visit the DCode Store,Discount not found,"7,979",Stock info not found,Rating not found,,https://www.amazon.in/DCode-Printer-Bluetooth-Transfer-Printing/dp/B0C9MNMWL7
KOSH CCD Scanner Motor Compatible with HP Laserjet Printer LJ M1005 (New Model) (Pack of 1),,"₹1,499",850,In stock,Rating not found,,https://www.amazon.in/KOSH-Compatible-Laserjet-LJ-M1005/dp/B0BQDRCS79
Print Star Printer Back Cover Compatible with Canon LBP2900 with Accurate Fitting,"Visit the store, Print Star    Print Star   Visit the store",₹699,335,In stock,Rating not found,,https://www.amazon.in/Print-Star-Printer-Compatible-Accurate/dp/B0BD8WZ427
"QUALYPRINT Solonite Planger for HPP -1018,1020Plus,1022,M1005mfp & Cannon LBP 2900B Printer",,Discount not found,Price not found,Stock info not found,Rating not found,,https://www.amazon.in/QUALYPRINT-Solonite-HPP-1018-1020Plus/dp/B0B7J7HPLL
Epson EcoTank L15180 A3 Wi-Fi Duplex Multi-Function Ink Tank Printer,Visit the Epson Store,"₹1,59,999","99,999",Only 1 left in stock.,1.0  1.0 out of 5 stars  (1),,https://www.amazon.in/Epson-EcoTank-L15180-Multi-Function-Printer/dp/B0B15K1LQ3
"Print Star Clutch Gear & Pickup Gear Compatible with HP Laserjet 1020+,1010,1012,1015,1018,1020,3015,3020,3030,m1005, Canon LBP2900,LBP3000.4320,4350 Printer (Pack of 5)","Visit the store, Print Star    Print Star   Visit the store","₹1,199",549,In stock,Rating not found,,https://www.amazon.in/Print-Star-Compatible-Laserjet-LBP3000-4320/dp/B09W5XFJHY
"INDIAN DECOR. 35112 Printer Stand 2 Tiers Wood Desk Organizer, Home Desktop Printer Shelf Fax Scanner Office, Home Printer Stand Desk Metal Frame & Wood, White",,"₹4,999","1,999",In stock,1.0  1.0 out of 5 stars  (1),,https://www.amazon.in/INDIAN-Desktop-Printer-Organizer-Anti-Skid/dp/B09CD84MPB
Handheld Intelligent Inkjet Printer Ink Date Coder Coding Machine with LED Screen,,"₹36,000","16,999",In stock,3.1  3.1 out of 5 stars  (2),,https://www.amazon.in/Handheld-Intelligent-Inkjet-Printer-Machine/dp/B09497YK35
(Refurbished) HP Laserjet Pro M128fn All-in-One Monochrome Printer,Visit the Amazon Renewed Store,Discount not found,"19,599",Stock info not found,5.0  5.0 out of 5 stars  (1),,https://www.amazon.in/Renewed-HP-Laserjet-Monochrome-Printer/dp/B08TMSG77N
"105mm x 300Meter - Thermal Transfer Barcode Printer Ribbon Premium Wax For Printer TSC, Zebra, Citzen, Datamax, Thosiba, Sato Etc. (SADHU ROLL INDUSTRIES) (Pack Of 20)",,"₹3,999","3,299",In stock,Rating not found,,https://www.amazon.in/105mm-300Meter-Thermal-Transfer-INDUSTRIES/dp/B08QGP41XX
HP Laserjet Pro M405n,Visit the HP Store,Discount not found,400,Stock info not found,Rating not found,,https://www.amazon.in/HP-Laserjet-Pro-M405n/dp/B08L3QZHMH
Konica-Minolta bh 165e Multi-Functional Printer,,Discount not found,"13,249",Stock info not found,2.4  2.4 out of 5 stars  (2),,https://www.amazon.in/Konica-Minolta-bh-165e-Multi-Functional-Printer/dp/B08DJ2V6TP
"Epson Monochrome M3140 All-in-One Duplex InkTank Printer Print,Copy,Scan FAX,ADF, Black, Medium",Visit the Epson Store,Discount not found,"25,499",Stock info not found,2.9  2.9 out of 5 stars  (7),,https://www.amazon.in/Epson-EcoTank-Monochrome-InkTank-Printer/dp/B083PNT98K
79866M Main Drive Belt for Zebra ZT410 ZT420 Thermal Label Printer 203dpi,,"₹5,000","2,300",,,,https://www.amazon.in/ZT410-ZT420-Thermal-Printer-203dpi/dp/B083K6H7VM
Top Print Developer Gear Set of 5 for use in Ricoh Aficio 1015 1018 2016 2020 2001 2501 1813L Photocopier,Visit the TOP PRINT Store,Discount not found,Price not found,Stock info not found,Rating not found,,https://www.amazon.in/Top-Print-Developer-1015-Photocopier/dp/B081V6C5R2
Top Print Fuser Film Grease for Laser Printers Pack of 2,Visit the TOP PRINT Store,Discount not found,Price not found,Stock info not found,1.8  1.8 out of 5 stars,,https://www.amazon.in/Top-Print-Fuser-Grease-Printers/dp/B07ZC2J3Y6
Embossing Ink Pad & Acrylic Block,,Discount not found,Price not found,Stock info not found,,,https://www.amazon.in/Embossing-Ink-Pad-Acrylic-Block/dp/B07YX27N5Q
(Refurbished) Canon E560 Multifunction Wireless Ink Efficient Colour Printer with Auto-Duplex Printing,Visit the Amazon Renewed Store,Discount not found,Price not found,Stock info not found,3.9  3.9 out of 5 stars,,https://www.amazon.in/Canon-E560-Multifunction-Efficient-Auto-Duplex/dp/B07JMVJVTS
"Canon Image Class MF264DW Multi Function WiFi Laser Monochrome Printer with ADF, Black","Visit the store, Canon    Canon   Visit the store",Discount not found,"11,999",Stock info not found,Rating not found,,https://www.amazon.in/Canon-imageCLASS-MF264DW-Printer-Duplex/dp/B07H5WF9TY
"PALMTEC Portable Mini Thermal Printer with USB & Bluetooth Connectivity - 58mm , 2 Inch",,Discount not found,"1,598",Stock info not found,2.0  2.0 out of 5 stars  (1),,https://www.amazon.in/PALMTEC-Portable-Thermal-Bluetooth-Connectivity/dp/B07BFW8K72
Ranger Tholtz Distress Ink Pad Oxide Salty Ocean,,₹999,593,In stock,Rating not found,,https://www.amazon.in/Ranger-Salty-THoltz-Distress-Oxides/dp/B073V7MCWM
Canon Maxify iB4170 Color Inkjet Printer (Black),"Visit the store, Canon    Canon   Visit the store",Discount not found,"13,499",Stock info not found,Rating not found,,https://www.amazon.in/Canon-Maxify-iB4170-InkJet-Printer/dp/B06XHZN52B
HP Laserjet Pro M501dn Printer (J8H61A),Visit the HP Store,"₹70,520","50,490",,4.0  4.0 out of 5 stars  (5),,https://www.amazon.in/HP-LaserJet-M501DN-Printer-White/dp/B01M16BGQ6
CALANDIS Slim Thermal Printer Protector Cover Travel Dust-Proof Anti-Scratch Pink,"Visit the store, CALANDIS    CALANDIS   Visit the store",Discount not found,Price not found,Stock info not found,Rating not found,,https://www.amazon.in/CALANDIS-Thermal-Protector-Dust-Proof-Anti-Scratch/dp/B0BN867314
CALANDIS Printer Fuser Side Cover Assembly Repair Part for Hp 4700,"Visit the store, CALANDIS    CALANDIS   Visit the store",Discount not found,Price not found,Stock info not found,Rating not found,,https://www.amazon.in/CALANDIS-Printer-Fuser-Assembly-Repair/dp/B0BN85HPKB
CALANDIS Power Button Board Metal and Plastic for Lenovo G40-30 G40-45 Ns-A272 Blue,"Visit the store, CALANDIS    CALANDIS   Visit the store","₹1,367",780,,Rating not found,,https://www.amazon.in/CALANDIS-Button-Plastic-Lenovo-Ns-A272/dp/B0BN85HLH3
CALANDIS Rb1-6561-000 Transfer Wheel Replacement Part Repair Kit for Hp8100 Printer,"Visit the store, CALANDIS    CALANDIS   Visit the store",Discount not found,Price not found,Stock info not found,Rating not found,,https://www.amazon.in/CALANDIS-Rb1-6561-000-Transfer-Replacement-Printer/dp/B0BN84W5XL
CALANDIS Printer Fuser Drive Gear Repair Part Ru7-0293-000 for Hp M60X Series,"Visit the store, CALANDIS    CALANDIS   Visit the store",Discount not found,Price not found,Stock info not found,Rating not found,,https://www.amazon.in/CALANDIS-Printer-Fuser-Repair-Ru7-0293-000/dp/B0BN82WF5Z
CALANDIS Printer Transfer Wheel Replacement Part Repair Kit for Hp Laserjet Hp8100,"Visit the store, CALANDIS    CALANDIS   Visit the store",Discount not found,Price not found,Stock info not found,Rating not found,,https://www.amazon.in/CALANDIS-Printer-Transfer-Replacement-Laserjet/dp/B0BN82T86M
CALANDIS 8Mm 6 Led Borescope Snake Inspection Camera Scope for Android & Pc 2M,"Visit the store, CALANDIS    CALANDIS   Visit the store",Discount not found,Price not found,Stock info not found,Rating not found,,https://www.amazon.in/CALANDIS-Borescope-Inspection-Camera-Android/dp/B0BN82S517
Shreyans SRS583 2inch (58mm) Mobile Thermal Printer Long Battery Backup,"Visit the store, SHREYANS    SHREYANS   Visit the store",Discount not found,"2,088",Stock info not found,Rating not found,,https://www.amazon.in/Shreyans-SRS583-Thermal-Printer-Battery/dp/B0BMGR9R59
KANAbee | CCD Scanner Bracket with Gear (Old Type) for USE in HP M1005 MFP-1120 CM1312 1015 1017 Printers |,"Visit the store, KANABEE    KANABEE   Visit the store",Discount not found,Price not found,Stock info not found,Rating not found,,https://www.amazon.in/KANAbee-Scanner-Bracket-MFP-1120-Printers/dp/B0BMG1C15F
"WP High Speed Processor Battery Operated Handheld Inkjet Printer, 1500MAH",,Discount not found,Price not found,Stock info not found,Rating not found,,https://www.amazon.in/Processor-Battery-Operated-Handheld-Printer/dp/B0BM9TC6DD
KANAbee Laserjet/PHOTOCOPIER Grease for All Laser Printers,"Visit the store, KANABEE    KANABEE   Visit the store",Discount not found,Price not found,Stock info not found,Rating not found,,https://www.amazon.in/KANAbee-Laserjet-PHOTOCOPIER-Grease-Printers/dp/B0BM3QYTHT
Flow Jet DTF Ink 1L (Magenta),,Discount not found,Price not found,Stock info not found,Rating not found,,https://www.amazon.in/Flow-Jet-DTF-Ink-Magenta/dp/B0BLZ7CWCS
Flow Jet DTF Ink 500ML (Black),,Discount not found,Price not found,Stock info not found,5.0  5.0 out of 5 stars  (1),,https://www.amazon.in/Flow-Jet-DTF-500ML-Black/dp/B0BLVWS935
SPT STAR PRINT TECHNOLOGY Printer Top Cover Compatible with Cannon LBP 2900 with Accurate Fitting,,Discount not found,285,Stock info not found,Rating not found,,https://www.amazon.in/SPT-STAR-PRINT-TECHNOLOGY-Compatible/dp/B0BLH4C6HK
"HP Laser 108a Printer, Single Function, Print, Hi-Speed USB 2.0, Up to 21 ppm, 150-sheet Input Tray,",Visit the HP Store,Discount not found,Price not found,Stock info not found,Rating not found,,https://www.amazon.in/HP-Printer-Function-Hi-Speed-150-sheet/dp/B0BK8MMNSQ
WEP Bp Joy Pro (2 inch Billing Printer Without Power Backup Battery),,Discount not found,"9,790",Only 2 left in stock.,,,https://www.amazon.in/Billing-Printer-Without-Backup-Battery/dp/B0BJZ3R3XP
EXPORA Printer Printhead Printer Head Replacement for Canon S520 I6100 I6500 S6300,,Discount not found,Price not found,Stock info not found,Rating not found,,https://www.amazon.in/EXPORA-Printer-Printhead-Replacement-Canon/dp/B0BJK4TLFM
EXPORA Print Head Replacement Kit for Brother MFC-6490CW / 990A3 / MFC5890 Printers,,Discount not found,Price not found,Stock info not found,Rating not found,,https://www.amazon.in/Replacement-Brother-MFC-6490CW-MFC5890-Printers/dp/B0BJK37VVD
EXPORA Printer Head QY6-0080 for Canon IX6520 IX6550 MX715 MX885 MG5220 MG5250,,Discount not found,Price not found,Stock info not found,,,https://www.amazon.in/EXPORA-Printer-QY6-0080-IX6520-IX6550/dp/B0BJK2N2VG
EXPORA Printer Head Replace Printhead for Canon I865 IP4000 MP760 MP780 Printer,,Discount not found,Price not found,Stock info not found,Rating not found,,https://www.amazon.in/EXPORA-Printer-Replace-Printhead-IP4000/dp/B0BJK1V4J7
EXPORA Print Head Replacement Kit for Brother MFC-J3720DW / J4410 / J4510 Printers,,Discount not found,Price not found,Stock info not found,Rating not found,,https://www.amazon.in/EXPORA-Replacement-Brother-MFC-J3720DW-Printers/dp/B0BJJYND63
EXPORA Printer Head for HP Officejet 950 8100 8600 8610 8620 8650 Professional,,"₹17,008","9,357",,Rating not found,,https://www.amazon.in/EXPORA-Printer-Head-Officejet-Professional/dp/B0BJJX66QW
EXPORA Printer Printhead Printer Head Replacement Part for Canon PIXMA MP980,,Discount not found,Price not found,Stock info not found,Rating not found,,https://www.amazon.in/EXPORA-Printer-Printhead-Replacement-Canon/dp/B0BJJT1VF8
Inkjet Cartridge Ink Refill Cartridge Printers,,Discount not found,Price not found,Stock info not found,Rating not found,,https://www.amazon.in/Inkjet-Cartridge-Ink-Refill-Printers/dp/B0BGSYYH9J
CALANDIS Printer Head Replace Printhead for Canon I865 Ip4000 Mp760 Mp780 Printer,"Visit the store, CALANDIS    CALANDIS   Visit the store","₹3,604","1,994",,Rating not found,,https://www.amazon.in/CALANDIS-Printer-Replace-Printhead-Ip4000/dp/B0BGSYHFVG
CALANDIS Printer Head Qy6-0080 for Canon Ix6520 Ix6550 Mx715 Mx885 Mg5220 Mg5250,Visit the CALANDIS Store,Discount not found,Price not found,Stock info not found,,,https://www.amazon.in/CALANDIS-Printer-Qy6-0080-Ix6520-Ix6550/dp/B0BGSY2P1F
CALANDIS Printer Printhead Printer Head Replacement for Hp 3610/3620,"Visit the store, CALANDIS    CALANDIS   Visit the store","₹3,306","1,887",,Rating not found,,https://www.amazon.in/CALANDIS-Printer-Printhead-Head-Replacement/dp/B0BGSXJD47
CALANDIS Printer Printhead Printer Head Replacement Part for Canon Pixma Mp980,"Visit the store, CALANDIS    CALANDIS   Visit the store","₹5,173","2,863",,Rating not found,,https://www.amazon.in/CALANDIS-Printer-Printhead-Replacement-Canon/dp/B0BGSSJSZJ
CALANDIS Printer Head for Hp Officejet 950 8100 8600 8610 8620 8650 Professional,"Visit the store, CALANDIS    CALANDIS   Visit the store","₹12,863","7,118",,Rating not found,,https://www.amazon.in/CALANDIS-Printer-Head-Officejet-Professional/dp/B0BGSQRQMR
CALANDIS® Print Head Replacement Kit for Brother Mfc-6490Cw / 990A3 / Mfc5890 Printers,"Visit the store, CALANDIS    CALANDIS   Visit the store",Discount not found,Price not found,Stock info not found,Rating not found,,https://www.amazon.in/CALANDIS-Replacement-Brother-Mfc-6490Cw-Printers/dp/B0BGSMRLC6
CALANDIS Aluminum Master Link Press Tool 08-0675O for 50 Series Chains No Damage Blue,"Visit the store, CALANDIS    CALANDIS   Visit the store","₹3,596","3,055",,Rating not found,,https://www.amazon.in/CALANDIS-Aluminum-Master-08-0675O-Chains/dp/B0BGL564XZ
"IDEASURE 746-04230 Auger Clutch Cable, Clutch Drive Cable Compatible with Troy-Bilt Storm 2410 2024 3090 XP, Craftsman 247 Model, Cub Cad et 2X 3X Snow Blower, Replace 946-04230B",,Discount not found,Price not found,Stock info not found,4.1  4.1 out of 5 stars  (36),,https://www.amazon.in/IDEASURE-946-04230-Snowblowers-746-04230A-946-04230A/dp/B0BG8GSM4D
KUSHI Computers | Eco Tank L3250 (2),,Discount not found,Price not found,Stock info not found,Rating not found,,https://www.amazon.in/KUSHI-Computers-Eco-Tank-L3250/dp/B0BFQRXZ9D
UV INFOTECH Printer Top Cover Compatible with HP Laserjet M1005 Multifunction Printer,"Visit the store, UV INFOTECH    UV INFOTECH   Visit the store",₹899,625,In stock,Rating not found,,https://www.amazon.in/UV-INFOTECH-Compatible-Laserjet-Multifunction/dp/B0BFF3BDNW
Apple Watch 41mm Ink Leather Link - M/L,"Visit the store, Apple    Apple   Visit the store",Discount not found,"9,500",Only 2 left in stock.,Rating not found,,https://www.amazon.in/Apple-Watch-41mm-Leather-Link/dp/B0BDHZG5T9
"for Brother Cassette Paper Feed Kit Specifically for HL-3140CW, HL-3170CDW, MFC-9130CW, MFC-9330CDW, MFC-9340CDW",,Discount not found,Price not found,Stock info not found,Rating not found,,https://www.amazon.in/Specifically-HL-3170CDW-MFC-9130CW-MFC-9330CDW-MFC-9340CDW/dp/B0BCV59RR6
RINIE Digital Clock with Calculator and Date Month Features for Market and Maths Calculation just on RIST Click for Both Boys and Girls and for Adults,,Discount not found,Price not found,Stock info not found,Rating not found,,https://www.amazon.in/Digital-Calculator-Features-Market-Calculation/dp/B0BC4C89V7
"HP Laserjet Tank MFP 1005W,Wireless,Print,Copy,Scan,Hi-Speed USB 2.0,Bluetooth Monochrome Laser Prin",Visit the HP Store,Discount not found,Price not found,Stock info not found,Rating not found,,https://www.amazon.in/HP-Laserjet-Tank-1005w-Printer/dp/B0BBQDPQ6V
Epson EcoTank L3250 A4 Wi-Fi All-in-One Ink Tank Printer Ink,Visit the Epson Store,Discount not found,Price not found,Stock info not found,,,https://www.amazon.in/Epson-EcoTank-L3250-Wi-Fi-Printer/dp/B0BBKT1N2M
Blueprint Bluetooth Printer,,Discount not found,Price not found,Stock info not found,Rating not found,,https://www.amazon.in/Generic-Blueprint-Bluetooth-Printer/dp/B0BBFHFWW2
Bluetooth Printer,,Discount not found,Price not found,Stock info not found,Rating not found,,https://www.amazon.in/Generic-Bluetooth-Printer/dp/B0BBFHDVBJ
Advanced Imaging Printer Ribbon lipi pr2,,₹675,475,In stock,Rating not found,,https://www.amazon.in/Advanced-Imaging-Printer-Ribbon-lipi/dp/B0B9Y465DC
MUZIRI KINOKOO Mini Link 2 Case Compatible for Fuji Instax Link 2 Photo Printer PU Leather Protective Cover in Blue,,"₹9,000","4,445",,Rating not found,,https://www.amazon.in/MUZIRI-KINOKOO-Compatible-Printer-Protective/dp/B0B9JX89Y9
M J Cartrige LBP6200D 326,,Discount not found,Price not found,Stock info not found,Rating not found,,https://www.amazon.in/M-J-Cartrige-LBP6200D-326/dp/B0B9GDJGK1
"Loom Tree® Print Head Replacement Kit for Brother MFC-J430 / J625 / J925 J5610 Printers Printers, Scanners & Supplies | Printer & Scanner Parts & Accs | Print Heads",,"₹7,525","4,262",Only 1 left in stock.,Rating not found,,https://www.amazon.in/Shopp-Replacement-Brother-MFC-J430-Printers/dp/B0B8YQ3Z57
"Loom Tree® Print Head Replacement Kit for Brother MFC-6490CW / 990A3 / MFC5890 Printers Printers, Scanners & Supplies | Printer & Scanner Parts & Accs | Print Heads",,"₹9,509","5,386",,5.0  5.0 out of 5 stars  (1),,https://www.amazon.in/Replacement-Brother-MFC-6490CW-MFC5890-Printers/dp/B0B8YND5NZ
Posiflex Rugtek Printer RP326USE (USB+Serial+Ethernet 3 in 1). with 1 Yrs Warranty by Posiflex Service Center (Only Sold by Dhiman Services),,"₹11,500","12,799",In stock,5.0  5.0 out of 5 stars  (1),,https://www.amazon.in/Posiflex-Bluetooth-Ethernet-Warranty-Services/dp/B0B8YH17H2
Laserjet Tank 1020w Printer,,"₹18,999","16,999",In stock,Rating not found,,https://www.amazon.in/Generic-Laserjet-Tank-1020w-Printer/dp/B0B832M61C
Neverstop 1200a Laser Printer,,Discount not found,Price not found,Stock info not found,1.0  1.0 out of 5 stars  (1),,https://www.amazon.in/Generic-Neverstop-1200a-Laser-Printer/dp/B0B8317GJH
Tank L3210,,Discount not found,Price not found,Stock info not found,Rating not found,,https://www.amazon.in/Generic-Tank-L3210/dp/B0B82YWMF3
Laserjet Pro MFP M126a,,Discount not found,Price not found,Stock info not found,Rating not found,,https://www.amazon.in/Generic-Laserjet-Pro-MFP-M126a/dp/B0B82X5KJX
Smart Tank 500 Colour Printer,,Discount not found,Price not found,Stock info not found,Rating not found,,https://www.amazon.in/Smart-Tank-500-Colour-Printer/dp/B0B82X56QS
"DTG Ink Pretreatment Liquid Solution for Epson DTG Printer Ink Coating, Garment Printing",Visit the GENERIC Store,Discount not found,Price not found,Stock info not found,Rating not found,,https://www.amazon.in/Pretreatment-Solution-Printer-Coating-Printing/dp/B0B721NRCP
"Indiapart Clutch Drive Gear, Feeder Gear Compatible with Model Number 1020+,1010,1012,1015,1018,1020,3015,3020,3030,m1005, LBP2900,LBP3000.4320,4350 Printer (Pack of 3)",,Discount not found,Price not found,Stock info not found,Rating not found,,https://www.amazon.in/Indiapart-Compatible-LBP2900-LBP3000-4320-Printer/dp/B0B6JRQ13D
"Kosh Transport Belt or Paper delivery Belt Used for DX2430, CP6123, CP6203, DX2433, DX2330, DX3440, DX3442, DD3344, CP5307,CP5306,CP5308 Printers",,"₹1,199",850,In stock,5.0  5.0 out of 5 stars  (1),,https://www.amazon.in/Transport-delivery-DX2430-CP6123-Printers/dp/B0B6HY6N58
"Avant Garde 12.7mm Handheld Inkjet Printer|Manual Batch Coding Machine for Printing mrp,Expiry and mfg Date",,Discount not found,Price not found,Stock info not found,Rating not found,,https://www.amazon.in/Handheld-Inkjet-Printer-12-7-MM/dp/B0B63BG9Q1
TechNart M1005 Scanner TOP Cover Printer Compatible for HP 1005,"Visit the store, TechNart    TechNart   Visit the store",₹999,749,In stock,Rating not found,,https://www.amazon.in/TechNart-M1005-Scanner-Printer-Compatible/dp/B0B3XQ8RYF
Finejet Dx 2430 B4 Master Roll For Ricoh Copy Printer(Pack Of 2),,Discount not found,Price not found,Stock info not found,Rating not found,,https://www.amazon.in/Finejet-2430-Master-Ricoh-Printer/dp/B0B3F71QQX
Vashisht Enterprises Inkjet Batch Coding Machine,,Discount not found,Price not found,Stock info not found,,,https://www.amazon.in/Vashisht-Enterprises-Inkjet-Coding-Machine/dp/B0B2RY8337
GIANTE Printable Vinyl Sticker Paper - Waterproof Decal Paper for Inkjet Printer (59033129GI),,Discount not found,Price not found,Stock info not found,Rating not found,,https://www.amazon.in/GIANTE-Printable-Vinyl-Sticker-Paper/dp/B0B2KDTSBN
HP Laserjet Enterprise MFP M431f Mono Printer,Visit the HP Store,Discount not found,Price not found,Stock info not found,Rating not found,,https://www.amazon.in/HP-Laserjet-Enterprise-MFP-M431f/dp/B0B2JYYV4W
PANTUM BP 5100DN high Speed Single Function Laser Printer - 40 ppm,,Discount not found,"10,990",Stock info not found,Rating not found,,https://www.amazon.in/Pantum-5100DN-Single-Function-Printer/dp/B0B25RF64S
Hand ink jet printer,,"₹35,000","14,000",In stock,Rating not found,,https://www.amazon.in/Generic-Hand-ink-jet-printer/dp/B0B1RNSMXD
AB CCD Scanner Cable for HP Laserjet 3050 3055 Printer (20Pin 720MM),,Discount not found,Price not found,Stock info not found,Rating not found,,https://www.amazon.in/Scanner-Cable-Laserjet-3050-Printer/dp/B09ZV87NG7
AB MOTER Drive Gear for Use in Samsng Laser Printer 1666/1866/1660 Printer Accessories,,Discount not found,Price not found,Stock info not found,5.0  5.0 out of 5 stars  (1),,https://www.amazon.in/MOTER-Samsng-Printer-1666-Accessories/dp/B09ZQT9H77
"KRK HP 1020 FUSER Film for USE in Compatible HP Laserjet P1007, P1008, P1106, P1108, 1020, 1005, 1136, 1213NF, LBP 2900 Printer",,Discount not found,Price not found,Stock info not found,3.0  3.0 out of 5 stars  (1),,https://www.amazon.in/FUSER-Compatible-Laserjet-1213NF-Printer/dp/B09Y24F3RG
"PrintSmart Compatible Models ML-1640/XIP, ML-2240/XIP",,Discount not found,Price not found,Stock info not found,Rating not found,,https://www.amazon.in/PrintSmart-Compatible-Models-ML-1640-ML-2240/dp/B09XXSJB48
"PrintSmart Compatible Devices Canon LBP 6018B, 3010B",,Discount not found,Price not found,Stock info not found,Rating not found,,https://www.amazon.in/PrintSmart-Compatible-Devices-Canon-6018B/dp/B09XXRPP2V
Brady M211 Portable Bluetooth Label Printer,,Discount not found,"2,635",Stock info not found,4.7  4.7 out of 5 stars  (73),,https://www.amazon.in/Brady-M211-Portable-Bluetooth-Printer/dp/B09WZCY772
Dyeton USB 2.0 Printer Sharer 1-4 with AUTO Function,"Visit the store, Dyeton Solution    Dyeton Solution   Visit the store",Discount not found,Price not found,Stock info not found,Rating not found,,https://www.amazon.in/Dyeton-Printer-Sharer-AUTO-Function/dp/B09WMPMP67
QUALYPRINT CCD Scanner Gear Box(CCD Scanner Bracket) for USE in HP M1005/CM1312 (OLDTYPE) Black Ink Toner (),,Discount not found,Price not found,Stock info not found,Rating not found,,https://www.amazon.in/QUALYPRINT-Scanner-Bracket-CM1312-OLDTYPE/dp/B09WJ711R1
"HP Laserjet Enterprise M605n Printer, Prints 56 ppm on A4",,Discount not found,Price not found,Stock info not found,Rating not found,,https://www.amazon.in/Laserjet-Enterprise-M605n-Printer-Prints/dp/B09W5S9H3W
QUALYPRINT CCD Scanner Gear Box(CCD Scanner Bracket) for USE in HP M1005/CM1312 (OLDTYPE),,Discount not found,Price not found,Stock info not found,,,https://www.amazon.in/QUALYPRINT-Scanner-Bracket-CM1312-OLDTYPE/dp/B09VZD2YTK
"VIF Jason Marine13 1/4x17-k,13 x19-k, 13 1/2x15-k,14x11-k Aluminum Propeller for Yamaha 60HP 70HP 75HP 80HP 85HP 90HP 115HP 130HP Outboard Engines,15 Tooth, RH (60-85hp nut Kits 1 Set)",,Discount not found,Price not found,Stock info not found,4.2  4.2 out of 5 stars  (6),,https://www.amazon.in/VIF-Marine13-Propeller-60-85hp-nut/dp/B09VK2LZCM
Trishago Tractor Assembly for LX310 LQ 310 Printer,,₹999,750,In stock,Rating not found,,https://www.amazon.in/Trishago-Tractor-Assembly-LX310-Printer/dp/B09TYNGSKG
Trendy Retail® Plotter Blade Holder + 45 Degree Blades For Cb09 Graphtec Cutting Plotter,,Discount not found,Price not found,Stock info not found,Rating not found,,https://www.amazon.in/Trendy-Retail-Plotter-Graphtec-Cutting/dp/B09SZCKBYB
Dotpot MLT-D116L Wiper Blade for Compatible in Samsung Xpress SL- M2625 / 2626/2825 / 2826 / M2675 / 2676/2875 / 2876 Printer,"Visit the store, Dotpot    Dotpot   Visit the store",₹999,259,In stock,Rating not found,,https://www.amazon.in/Dotpot-MLT-D116L-Compatible-Samsung-Printer/dp/B09SWD8TXX
Dotpot Black Lower Fuser Pressure Roller Compatible for Canon -LBP2900 /L-120 /MF4150/LBP3000/3112/1210 Set of 10,"Visit the store, Dotpot    Dotpot   Visit the store","₹3,999","2,999",In stock,Rating not found,,https://www.amazon.in/Dotpot-Pressure-Compatible-LBP2900-LBP3000/dp/B09SQ299NT
Dotpot Lower Fuser Pressure RollerCompatible for Canon -LBP2900 /L-120 /MF4150/LBP3000/3112/1210 Set of 10,Visit the Dotpot Store,Discount not found,"3,999",In stock,,,https://www.amazon.in/Dotpot-Pressure-RollerCompatible-LBP2900-LBP3000/dp/B09SPZZY29
Finepack Color Ribbon Hot Printing Machine-4 line,,Discount not found,Price not found,Stock info not found,Rating not found,,https://www.amazon.in/Finepack-Color-Ribbon-Printing-Machine-4/dp/B09SLMPTNG
"TK 1168 Use for Kyocera P2235dn, P2235dw, P2040dn, P2040dw, M2135dn, M2635dn",,Discount not found,Price not found,Stock info not found,Rating not found,,https://www.amazon.in/TK-1168-Kyocera-P2235dn-P2235dw/dp/B09SHF8PPQ
"Xerox B305, A4 Mono MFP",,"₹46,991","46,298",Only 1 left in stock.,3.8  3.8 out of 5 stars  (15),,https://www.amazon.in/Xerox-B305-A4-Mono-MFP/dp/B09S9XJJZ8
"Printing Machine Ink Pad (Pack of 10) (IVORY, 2)",,Discount not found,Price not found,Stock info not found,,,https://www.amazon.in/Printing-Machine-Ink-Pack-IVORY/dp/B09RW9QXL6
"Ikkosy 001/003 Inkjet Refill Ink Compatible for Epson L1110, L1455, L3100, L3101, L3110, L3115, L3116, L3150, L3151, L3152, L3156, L4150, L4160, L5190, L6160 (Magenta)",,Discount not found,Price not found,Stock info not found,Rating not found,,https://www.amazon.in/Ikkosy-Inkjet-Refill-Compatible-Magenta/dp/B09RQWYGC9
"Ikkosy 001/003 Refill Inkjet Ink Compatible for Epson L1110, L1455, L3100, L3101, L3110, L3115, L3116, L3150, L3151, L3152, L3156, L4150, L4160, L5190, L6160 (Magenta)",,Discount not found,Price not found,Stock info not found,Rating not found,,https://www.amazon.in/Ikkosy-Refill-Inkjet-Compatible-Magenta/dp/B09RH6JDKY
"Ikkosy Refill Ink Compatible for HP 678, 803, 680, 802, 21, 22, 56, 57, 818, 901, 702, 703,860, 861 & 830, 831, 740, 741, 89, 99,40,41 Set of 4 Color, 70 Ml Each Bottle",,Discount not found,Price not found,Stock info not found,Rating not found,,https://www.amazon.in/Ikkosy-Refill-Compatible-Color-Bottle/dp/B09RH6GCHY
"Ikkosy 001/003 Refill Inkjet Ink Compatible for Epson L1110, L1455, L3100, L3101, L3110, L3115, L3116, L3150, L3151, L3152, L3156, L4150, L4160, L5190, L6160 (Yellow)",,Discount not found,Price not found,Stock info not found,Rating not found,,https://www.amazon.in/Ikkosy-Refill-Inkjet-Compatible-Yellow/dp/B09RH5DQ51
"Ikkosy 001/003 Refill Inkjet Ink Compatible for Epson L1110, L1455, L3100, L3101, L3110, L3115, L3116, L3150, L3151, L3152, L3156, L4150, L4160, L5190, L6160 (Cyan)",,Discount not found,Price not found,Stock info not found,3.0  3.0 out of 5 stars,,https://www.amazon.in/Ikkosy-Refill-Inkjet-Compatible-Epson/dp/B09RH4KSRL
Dotpot MLT-D119S DR Blade for USE in Samsung ML-1610 1615 1620 1625 ML- 2010 2015 202 2510 2570 2571 SCX-4321 4521 Printer,"Visit the store, Dotpot    Dotpot   Visit the store","₹3,999",279,In stock,Rating not found,,https://www.amazon.in/Dotpot-MLT-D119S-Samsung-ML-1610-SCX-4321/dp/B09Q912BSY
Dotpot MLT-D108S DR Blade for USE in Samsung ML – 1640 1641 2241 2240 Printer,Visit the Dotpot Store,"₹3,999",279,In stock,,,https://www.amazon.in/Dotpot-MLT-D108S-Blade-USE-Samsung/dp/B09Q8ZYCRM
"Dotpot IBT Belt Cleaning Blade or Transfer Blade for use in Xerox 7425, 7428, 7435, 7525, 7535, 7545 Photocopier",Visit the Dotpot Store,₹999,499,In stock,,,https://www.amazon.in/Dotpot-Cleaning-Blade-Transfer-Photocopier/dp/B09Q5T7KTL
"Dotpot 77A Drum for HP M305, M329, M405, M407, M429, M429DW, M429FDN, M429FDW, M431 Printer","Visit the store, Dotpot    Dotpot   Visit the store",₹999,399,In stock,Rating not found,,https://www.amazon.in/Dotpot-M429DW-M429FDN-M429FDW-Printer/dp/B09Q5RNG5P
Dotpot CCD Scanner Bracket with Gear (New Type) for USE in HP M1005 Printer|,Visit the Dotpot Store,₹999,274,In stock,5.0  5.0 out of 5 stars,,https://www.amazon.in/Dotpot-Scanner-Bracket-M1005-Printer/dp/B09Q59L3L5
"Dotpot FUSER Drive Gear for USE in Samsung| ML 1610 1640 1615 ML4521F 2010 SCX-4321 XEROX-3117 PE220 (JC66-00807A) (35TEETH, 63TEETH)|","Visit the store, Dotpot    Dotpot   Visit the store","₹3,999",599,In stock,Rating not found,,https://www.amazon.in/Dotpot-Samsung-SCX-4321-XEROX-3117-JC66-00807A/dp/B09Q33TVZK
Dotpot 1007 |CLUCH Drive Gear for USE in HP Laserjet P1007 / 1008/1108 / 1136/1213 / M126 / 128/1102 CANON-3108 / MF3010 / 6018 Printer|,"Visit the store, Dotpot    Dotpot   Visit the store","₹1,299",249,In stock,Rating not found,,https://www.amazon.in/Dotpot-Laserjet-CANON-3108-MF3010-Printer/dp/B09PV1C1PT
Dotpot 2309/2507 Developer Gear Set (4 PCS) for USE in |Toshiba E-Studio 2006/2007 / 2306/2307 / 2309/2506 / 2507 Copier|,"Visit the store, Dotpot    Dotpot   Visit the store",₹999,900,In stock,Rating not found,,https://www.amazon.in/Dotpot-Developer-Toshiba-Studio-Copier/dp/B09PN5SRMC
Dotpot Tk4109 Opc Drum Cleaning Blade Pcr Charger for Km1800 Taskalfa 1800 1801 2200 2201 2010 2011 2210 2211,"Visit the store, Dotpot    Dotpot   Visit the store","₹2,999","2,099",In stock,Rating not found,,https://www.amazon.in/Dotpot-Tk4109-Cleaning-Charger-Taskalfa/dp/B09PN4P8MB
VITSA DX 2430 / DX2430 B4 Master Roll for RICOH Copy Printer,Visit the VITSA Store,Discount not found,Price not found,Stock info not found,5.0  5.0 out of 5 stars  (2),,https://www.amazon.in/VITSA-2430-DX2430-Master-Printer/dp/B09PHMDGS6
"HPC Digital Outdoor Advertisement Msg Scrolling Display P10, RED SIZE-2Ft x 1/2Ft","Visit the store, HPC    HPC   Visit the store",Discount not found,Price not found,Stock info not found,Rating not found,,https://www.amazon.in/HPC-Digital-Advertisement-Scrolling-SIZE-2Ft/dp/B09PDN3CX7
EXPORA 500x Direct Thermal Labels Shipping Label for Thermal Label Printer,,"₹6,967","3,833",,Rating not found,,https://www.amazon.in/EXPORA-Direct-Thermal-Shipping-Printer/dp/B09P1HMRN2
EXPORA Plotter Blade Holder + 45 Degree Blades For CB09 Graphtec Cutting Plotter,,"₹5,025","2,756",In stock,Rating not found,,https://www.amazon.in/EXPORA-Plotter-Holder-Graphtec-Cutting/dp/B09P1GYWTT
TechNartWaste Ink pad for Printer L800,Visit the TechNart Store,₹750,370,In stock,,,https://www.amazon.in/TechNartWaste-Ink-pad-Printer-L800/dp/B09NRPVFX6
TechNart Waste Ink Pad with Paper Pickup Rollers Combo Pack,"Visit the store, TechNart    TechNart   Visit the store",₹850,545,In stock,Rating not found,,https://www.amazon.in/TechNart-Waste-Ink-Pad-Rollers/dp/B09NRM52PS
Kosh Compatible Developer for Use in Ricoh Aficio Photocopier,,"₹1,595","1,150",In stock,Rating not found,,https://www.amazon.in/Compatible-Developer-Ricoh-Aficio-Photocopier/dp/B09NPZQSBY
Kosh 256A Chip Compatible for HP Laser Jet MFP M436n/436nda Printers,,₹999,499,In stock,Rating not found,,https://www.amazon.in/Chip-Compatible-Laser-436nda-Printers/dp/B09NPY6TMG
TechNart Scanner Cable for M1005 Laserjet Printer,"Visit the store, TechNart    TechNart   Visit the store",₹325,250,In stock,Rating not found,,https://www.amazon.in/TechNart-Scanner-M1005-Laserjet-Printer/dp/B09NL358TJ
"Dotpot Samsung 1043 Wiper Blade for USE in Samsung ML-1660,1661,1665,1666,1670,1673,1674,1675,1676 Printers. Pack 4","Visit the store, Dotpot    Dotpot   Visit the store","₹1,999",599,In stock,Rating not found,,https://www.amazon.in/Dotpot-Samsung-Wiper-ML-1660-Printers/dp/B09LYDCKJW
"Dotpot Samsung 1043 Wiper Blade for USE in Samsung ML-1660,1661,1665,1666,1670,1673,1674,1675,1676 Printers. Pack 2","Visit the store, Dotpot    Dotpot   Visit the store","₹1,999",369,In stock,Rating not found,,https://www.amazon.in/Dotpot-Samsung-Wiper-ML-1660-Printers/dp/B09LYD8DT2
"Dotpot Samsung 1043 Wiper Blade for USE in Samsung ML-1660,1661,1665,1666,1670,1673,1674,1675,1676 Printers","Visit the store, Dotpot    Dotpot   Visit the store","₹1,999",259,In stock,Rating not found,,https://www.amazon.in/Dotpot-Samsung-Wiper-ML-1660-Printers/dp/B09LYCCW7W
Dotpot Paper Input Tray for Use in Canon LBP 2900 & LBP 3000 Printers.,Visit the Dotpot Store,₹999,499,In stock,5.0  5.0 out of 5 stars,,https://www.amazon.in/Dotpot-Paper-Input-Canon-Printers/dp/B09LV81XRM
"Dotpot CA91 Black and CA92 Color Printer Head for Canon G1001, G2000, G2010, G3000, G3010, G4000 Printers - Bundle Combo","Visit the store, Dotpot    Dotpot   Visit the store","₹3,999","3,849",In stock,Rating not found,,https://www.amazon.in/Dotpot-Black-Printer-Head-Printers/dp/B09L5TTYX8
P1037974-028 Kit Platen Roller for Zebra ZT230 ZT220 ZT210 Thermal Label Printer 203dpi 300dpi Replace,,Discount not found,Price not found,Stock info not found,5.0  5.0 out of 5 stars  (2),,https://www.amazon.in/ZT230-ZT220-ZT210-203dpi-300dpi/dp/B09L4M4362
"Daksha DR-2365 Drum Unit for Brother HL-L2321,2365,2380,2360,DCP-L2520,MFC-L2703 Printers",Visit the DAKSHA Store,Discount not found,Price not found,Stock info not found,Rating not found,,https://www.amazon.in/DR-2365-HL-L2321-DCP-L2520-MFC-L2703-Printers/dp/B09KPW8HYN
Dotpot Tonic ADF Hinges Set for Samsung SCX 4720 4824 Xerox 3210 3220 Printer (JC97-03220A JC97-02779A JC97-01707A) Printers (Pack of 2),"Visit the store, Dotpot    Dotpot   Visit the store","₹1,299",999,In stock,Rating not found,,https://www.amazon.in/Dotpot-JC97-03220A-JC97-02779A-JC97-01707A-Printers/dp/B09KLZYM9L
Dotpot ADF Hinges Scanner 4412 Scanner Sub-ASSEY/Set for D520 D560 MF4410 MF4412 4420 4430 MF4450 4452 MF4453 MF4550 MF4553 MF4554 MF4570 MF4580 MF211 MF212 Printers Black Ink Toner,"Visit the store, Dotpot    Dotpot   Visit the store","₹1,299",999,In stock,Rating not found,,https://www.amazon.in/Dotpot-Hinges-Scanner-Sub-ASSEY-Printers/dp/B09KLZP149
"Thermal Label Printer, Portable Desktop Label Printers, High Speed Printing Label Maker Machines High Resolution Stickers Printer for Home Office School, Logistics, Takeaways, Restaurants(EU)",,"₹29,999","14,999",Only 1 left in stock.,Rating not found,,https://www.amazon.in/Portable-Resolution-Logistics-Takeaways-Restaurants/dp/B09JCP9JTB
PM MX 312 Developer,,Discount not found,Price not found,Stock info not found,Rating not found,,https://www.amazon.in/PM-MX-312-Developer/dp/B09HXJ6115
"PM Pro MFP m521dn, 500mfp, m525dn Fuser Gear Set",,Discount not found,"13,999",Stock info not found,Rating not found,,https://www.amazon.in/m521dn-500mfp-m525dn-Fuser-Gear/dp/B09HXDTBN3
"PM Pro MFP m521dn, 500mfp, m525dn Adf Hingish",,Discount not found,Price not found,Stock info not found,,,https://www.amazon.in/Pro-m521dn-m525dn-Adf-Hingish/dp/B09HXDLWQF
PM P3015 Fuser Drive Gear,,Discount not found,Price not found,Stock info not found,Rating not found,,https://www.amazon.in/PM-P3015-Fuser-Drive-Gear/dp/B09HX82TFD
"PM 3005DN, 3005N Fuser Drive Gear",,Discount not found,Price not found,Stock info not found,Rating not found,,https://www.amazon.in/3005DN-3005N-Fuser-Drive-Gear/dp/B09HX5KGKZ
PM MX 235 Developer,,Discount not found,Price not found,Stock info not found,1.0  1.0 out of 5 stars  (1),,https://www.amazon.in/PM-MX-235-Developer/dp/B09HX4W3GH
"PM 5025 MFP, 5035 MFP Fuser Drive Gear",,Discount not found,Price not found,Stock info not found,Rating not found,,https://www.amazon.in/5025-5035-Fuser-Drive-Gear/dp/B09HX3XG8V
"PM Pro MFP m521dn, 500mfp, m525dn Lower Roller",,Discount not found,Price not found,Stock info not found,Rating not found,,https://www.amazon.in/m521dn-500mfp-m525dn-Lower-Roller/dp/B09HTSTQQB
"Phomemo D30 Label Printer, Monochrome, Label Printer, Portable, Thermal, 1 Page Per Minute, USB, Simplex, Black Ink, Print Only",,Discount not found,Price not found,Stock info not found,4.7  4.7 out of 5 stars  (25),,https://www.amazon.in/Phomemo-WH-30-Shipping-Label-Printer/dp/B09H4LKZYF
"Dotpot Motor Brass Pulley/Motor Gear Compatible for Laserjet 1010, 1012, 1015, 1018, 1020, 3015, 3020, 3030, M1005, LBP2900, LBP3000 Printers (Pack of 5)","Visit the store, Dotpot    Dotpot   Visit the store","₹4,999",429,In stock,Rating not found,,https://www.amazon.in/Dotpot-Compatible-Laserjet-LBP2900-Printers/dp/B09GRTSNVX
"Dotpot Lower Roller Gear/Pressure Roller Gear Compatible for Laserjet 1010, 1012, 1015, 1018, 1020, 3015, 3020, 3030, M1005, LBP2900, LBP3000 Printers (29 Teeth)","Visit the store, Dotpot    Dotpot   Visit the store",₹999,299,In stock,Rating not found,,https://www.amazon.in/Dotpot-Lower-Pressure-Compatible-Laserjet-Printers/dp/B09GRRY3RB
Dotpot 1010 CLUCH Gear for USE in HP 1010/1020 / M1005 Canon-LBP 2900/3000 Printer,"Visit the store, Dotpot    Dotpot   Visit the store",₹999,249,In stock,Rating not found,,https://www.amazon.in/Dotpot-CLUCH-M1005-Canon-LBP-Printer/dp/B09GRR6FRQ
"Dotpot Motor Brass Pulley/Motor Gear/Motor Pulley Compatible for Laserjet 1010, 1012, 1015, 1018, 1020, 3015, 3020, 3030, M1005, LBP2900, LBP3000 Printers (Pack of 2)","Visit the store, Dotpot    Dotpot   Visit the store","₹4,999",299,In stock,Rating not found,,https://www.amazon.in/Dotpot-Compatible-Laserjet-LBP2900-Printers/dp/B09GRCGC9X
Cyleto 3pc 203589/5959 30 Series Go Kart Drive Belt for Manco 5959 Comet 203589,,Discount not found,Price not found,Stock info not found,4.6  4.6 out of 5 stars,,https://www.amazon.in/Cyleto-203589-Drive-Manco-Comet/dp/B09GK26NSY
"Fujitsu ScanSnap iX1300 Compact Wireless or USB Double-Sided Color Document, Photo & Receipt Scanner with Auto Document Feeder and Manual Feeder for Mac or PC, Black",,Discount not found,"31,499",Stock info not found,"4.4  4.4 out of 5 stars  (1,276)",,https://www.amazon.in/Fujitsu-ScanSnap-Wireless-Double-Sided-Document/dp/B09FX5SRQT
Dotpot RU5-0548-000 96T / 52T Gear Compatible for Hp Laserjet 5200 5025 5035 Canon LBP 1110,Visit the Dotpot Store,₹999,620,In stock,,,https://www.amazon.in/Dotpot-RU5-0548-000-Gear-Laserjet-Canon/dp/B09DL7PZMV
MOREL Recycling Gear for USE in Samsung MULTIEXPRESS K2200 MULTIEXPRESS K2200ND / 707 Laserjet M436n M436dn B1022 B1025 Printer and Copier,,₹799,379,In stock,Rating not found,,https://www.amazon.in/MOREL-Recycling-Samsung-MULTIEXPRESS-Laserjet/dp/B09D88XX4T
(Anupure)-5 Pack Coder Printer Ribbon for Date Coder hot stamping machine 30mmÃƒâ€”100m (Black)(APD-27),,Discount not found,Price not found,Stock info not found,,,https://www.amazon.in/Anupure-Printer-stamping-machine-30mm%C3%83%C6%92%C3%A2%E2%82%AC/dp/B09CQ539LW
"XEROX B310, A4 Mono Wired Laser Printers,Multicolor",,Discount not found,Price not found,Stock info not found,,,https://www.amazon.in/XEROX-Wired-Laser-Printers-Multicolor/dp/B099X599HK
WeP BP Gold 2.0,"Visit the store, WeP    WeP   Visit the store",Discount not found,Price not found,Stock info not found,Rating not found,,https://www.amazon.in/WeP-RBP-0064-BP-Gold-2-0/dp/B098GBDMHL
WeP BP 2100 Emerge|21000 Items,Visit the WeP Store,Discount not found,Price not found,Stock info not found,,,https://www.amazon.in/WeP-RBP-0069-BP-2100-Emerge/dp/B098FZS2VT
Vision Code Technology Handheld Thermal Inkjet Printer,,Discount not found,Price not found,Stock info not found,Rating not found,,https://www.amazon.in/Vision-Technology-Handheld-Thermal-Printer/dp/B097PKYXFH
"16A MAGROLLER Compatible for HP 16A/Q7516A for USE in Laserjet 5200, 5200tn, 5200dtn Printers",,₹999,799,Only 1 left in stock.,Rating not found,,https://www.amazon.in/MAGROLLER-Compatible-Laserjet-5200dtn-Printers/dp/B097967R2W
"Dotpot Wiper Blade for use in Kyocera FS-920, 1016, 1116 1100, 1120, 1300, 1320, 1370 1024, 1124, 1028, 1128 1030, 1130, 1035, 1130 M2030, M2035, M2530, M2535 P2015, P2035, P2035 KM2810 Printers","Visit the store, Dotpot    Dotpot   Visit the store",₹699,488,In stock,Rating not found,,https://www.amazon.in/Dotpot-Kyocera-FS-920-KM2810-Printers/dp/B09774HLK6
Dotpot Drive Bush for RICOH AFICIO 1015 1018 2015 2018 2020 1113 1115 220 270 MP1600 MP2000 MP2500.,"Visit the store, Dotpot    Dotpot   Visit the store",₹699,380,In stock,Rating not found,,https://www.amazon.in/Dotpot-AFICIO-MP1600-MP2000-MP2500/dp/B09774BRR8
Dotpot HP 1020 Pressure Roller Lower Bush for USE in HP Laserjet 1020 1010 M1005 Canon LBP-2900B Printer Pack of 20,"Visit the store, Dotpot    Dotpot   Visit the store","₹2,999","1,148",In stock,Rating not found,,https://www.amazon.in/Dotpot-Pressure-Laserjet-LBP-2900B-Printer/dp/B0977468PD
"Dotpot Wiper Blade for use in Kyocera FS-920, P2035, P2035 KM2810 Printers Pack 5",Visit the Dotpot Store,"₹2,999","1,203",In stock,,,https://www.amazon.in/Dotpot-Kyocera-FS-920-KM2810-Printers/dp/B09773FS4N
"7545 Black Color Developer for USE in XEROX WORKCENTER 7345, 7430, 7525, 7545, 7765, 240, 242, 250, 252, 2240, 3535, C32, C40 Copier and Printer",,"₹2,500","1,500",Only 2 left in stock.,Rating not found,,https://www.amazon.in/Black-Developer-WORKCENTER-Copier-Printer/dp/B096ZDTX39
Dotpot 12A Q612A FX9 303 Drum Spring for USE in HP Laserjet 1010 1015 1018 3015 3018 3030 3050 LBP2900 Pack of 50,"Visit the store, Dotpot    Dotpot   Visit the store",₹599,378,In stock,Rating not found,,https://www.amazon.in/Dotpot-Q612A-Spring-Laserjet-LBP2900/dp/B095S6QHTP
Dotpot Print Main Motor Metal Gear for Laserjet 1020 M1005 1018 LBP 2900 OR More RPOINT (Pack of 3),"Visit the store, Dotpot    Dotpot   Visit the store",₹899,345,In stock,Rating not found,,https://www.amazon.in/Dotpot-Print-Motor-Laserjet-RPOINT/dp/B095S6KPBH
"YOUTOP Transfer Belt JC96-06292A Compatible with Xpress C460FW, C410W, C460W, CLX-3305W, CLX-3305FW, CLP-365W, CLX-3305FN, CLP-365, CLX-3305, Xpress C460 Series",,Discount not found,Price not found,Stock info not found,2.6  2.6 out of 5 stars  (4),,https://www.amazon.in/YOUTOP-JC96-06292A-Compatible-CLX-3305FW-CLX-3305FN/dp/B095P1M3W4
Cp800 Printer Display for Printer Repairing,,Discount not found,Price not found,Stock info not found,Rating not found,,https://www.amazon.in/Cp800-Printer-Display-Repairing/dp/B095LNVQ33
Dotpot CPMT 25/ Type 500 A3 Master Roll for RICOH DD5450 Copy Printer,"Visit the store, Dotpot    Dotpot   Visit the store","₹16,999","8,793",In stock,Rating not found,,https://www.amazon.in/Dotpot-Master-RICOH-DD5450-Printer/dp/B093PL41XX
Dotpot CPMT 17 B4 Master Roll for RICOH Copy Printer,"Visit the store, Dotpot    Dotpot   Visit the store","₹9,999","6,593",In stock,Rating not found,,https://www.amazon.in/Dotpot-CPMT-Master-RICOH-Printer/dp/B093PKSRPT
Dotpot CPMT 21 B4 Master Roll for GESTETNER Copy Printer,Visit the Dotpot Store,"₹8,999","5,053",In stock,,,https://www.amazon.in/Dotpot-CPMT-Master-GESTETNER-Printer/dp/B093PHK921
Dotpot 250 Drum Unit Set,Visit the Dotpot Store,"₹38,000","29,999",In stock,,,https://www.amazon.in/Dotpot-xerox-250-Drum-Unit/dp/B093GSSMQJ
Laser Pecker,,Discount not found,Price not found,Stock info not found,Rating not found,,https://www.amazon.in/Generic-Laser-Pecker/dp/B093GLB1QZ
Ranger Ink - Tim Holtz - Distress Oxide Ink Pads - Salvaged Patina,,"₹10,499","4,100",,4.9  4.9 out of 5 stars  (37),,https://www.amazon.in/Ranger-Ink-Distress-Salvaged-Patina/dp/B093F5ZQ34
"X-cosrack Printer Stand, Under Desk and Desktop Multi-Purpose with Storage Drawers, Wooden 2 Tiers Printer Cart with Detachable Wheels and Anti-Skid Feet for Mini Printer Scanner Fax Home and Office",,Discount not found,Price not found,Stock info not found,4.3  4.3 out of 5 stars  (111),,https://www.amazon.in/X-cosrack-Printer-Multi-Purpose-Detachable-Anti-Skid/dp/B093BT3SJF
GLENEX PVC Inkjet Chip Card SLE-4428/ISSI-4428 Big Chip with Contact IC Card for EPSN Inkjet Printers (Set of 200 Cards),,"₹12,999","11,999",In stock,,,https://www.amazon.in/GLENEX-SLE-4428-ISSI-4428-Contact-Printers/dp/B09333X5CZ
HP Laserjet MFP M438dn,Visit the HP Store,Discount not found,759,Stock info not found,Rating not found,,https://www.amazon.in/HP-8AF44A-Laserjet-MFP-M438dn/dp/B092R7G588
Fujifilm Instax Mini Link Smartphone Printer Special Edition,Visit the Fujifilm Store,Discount not found,Price not found,Stock info not found,"4.8  4.8 out of 5 stars  (1,010)",,https://www.amazon.in/Fujifilm-Instax-Smartphone-Printer-Special/dp/B092FPK47D
Lenovo (4Y51C68693) Pointing Device,Visit the Lenovo Store,"₹5,869","4,347",,Rating not found,,https://www.amazon.in/Lenovo-4Y51C68693-Pointing-Device/dp/B08Y72J3KD
Hero Arts Contour Ink PAD,,Discount not found,Price not found,Stock info not found,4.7  4.7 out of 5 stars  (12),,https://www.amazon.in/Hero-Arts-Contour-Ink-PAD/dp/B08X2XRDF9
Mobile Thermal Printer - MTP58B,,"₹7,800","6,999",In stock,Rating not found,,https://www.amazon.in/Mangal-MTP58B-Mobile-Thermal-Printer/dp/B08X2J2KBX
"Dotpot 12A Pressure Roller for use in Hp Laserjet 1010, 1022, 1015, 1018, 1020, 1022, 1022n, 3020, 3030, 3050, 3052, 3055, M 1005, M 1319f / Canon Lbp-2900, 303 Pack of 5","Visit the store, Dotpot    Dotpot   Visit the store",₹600,488,In stock,Rating not found,,https://www.amazon.in/Dotpot-Pressure-Roller-Laserjet-Lbp-2900/dp/B08S31WB27
Dotpot 12A PCR for use in HP 1010 M1005 1015 1018 1020 3015 3020 3030 LBP2900 120 MF4150 Printer Cartridge Pack 5,"Visit the store, Dotpot    Dotpot   Visit the store",₹995,488,In stock,Rating not found,,https://www.amazon.in/Dotpot-LBP2900-MF4150-Printer-Cartridge/dp/B08WK7WZWY
Dotpot CHIP for USE in RICOH SP300 DN Printer Pack of 2,Visit the Dotpot Store,₹999,323,In stock,,,https://www.amazon.in/Dotpot-CHIP-RICOH-SP300-Printer/dp/B08WH6NNNP
KICTeam Printer Cleaning Sheets (1),,Discount not found,Price not found,Stock info not found,3.4  3.4 out of 5 stars  (33),,https://www.amazon.in/KICTeam-Printer-Cleaning-Sheets-1/dp/B08VF9NDRR
Dotpot Chip for use in Xerox Phaser 3260 / WorkCentre 3215/3225 Printers,"Visit the store, Dotpot    Dotpot   Visit the store",₹600,323,In stock,Rating not found,,https://www.amazon.in/Dotpot-Xerox-Phaser-WorkCentre-Printers/dp/B08TMR232F
"Top Print Paper Output Tray for Use in M1005, 3015, 3020, 3030 Printers",Visit the TOP PRINT Store,₹999,219,In stock,3.4  3.4 out of 5 stars  (39),,https://www.amazon.in/Top-Print-Paper-Output-Printers/dp/B08N1BTYZ9
Infinity Infocom 58mm Compact Thermal Printer with Software and Scanner (USB),,Discount not found,Price not found,Stock info not found,3.5  3.5 out of 5 stars  (2),,https://www.amazon.in/Compact-Thermal-Printer-Software-Scanner/dp/B08TJ1N1VB
2PCS Q7407-40033 for HP Laserjet M527 ADF Hinge Assembly,,"₹12,854.40","8,392",,5.0  5.0 out of 5 stars  (1),,https://www.amazon.in/2PCS-Q7407-40033-Laserjet-Hinge-Assembly/dp/B08THK8GNW
HP Laserjet Pro M405DW Printer,Visit the HP Store,Discount not found,"2,888",Stock info not found,Rating not found,,https://www.amazon.in/HP-Laserjet-Pro-M405DW-Printer/dp/B08T9RKB1D
Prime Intact Max7219 Dot LED Matrix Module Mcu Control LED Display Module for Arduino Arm Rasberry,,₹499,168,In stock,Rating not found,,https://www.amazon.in/Prime-Intact-Max7219-Control-Rasberry/dp/B08T14ZDXK
Shree Enterprises MAX7219 Dot Led Matrix Module 4 In 1 Display with 5P Line Module,,"₹1,299",860,In stock,Rating not found,,https://www.amazon.in/Enterprises-MAX7219-Matrix-Module-Display/dp/B08SQPZJJV
"Dotpot Blade for use in kyocera ECOSYS M 2040 DN, M 2540 DN, M 2640 IDW Printer Pack of 2 Blades",Visit the Dotpot Store,"₹1,999",653,In stock,,,https://www.amazon.in/Dotpot-kyocera-ECOSYS-Printer-Blades/dp/B08S31Z8DH
"Dotpot 12A Pressure Roller for use in Hp Laserjet 1010, 1022, 1015, 1018, 1020, 1022, 1022n, 3020, 3030, 3050, 3052, 3055, M 1005, M 1319f / Canon Lbp-2900, 303 Pack of 5",Visit the Dotpot Store,₹600,488,In stock,,,https://www.amazon.in/Dotpot-Pressure-Roller-Laserjet-Lbp-2900/dp/B08S31WB27
"Top Print Q2612A, 12A Laserjet 1010, 1012, 1015, 1018, 1020, 1022, 3015, M1005MFP, M1319 MFD, 2900B, 3000, OEM OPC Drum Pack of 5",Visit the TOP PRINT Store,Discount not found,Price not found,Stock info not found,Rating not found,,https://www.amazon.in/Top-Print-Q2612A-Laserjet-M1005MFP/dp/B08NYG7TZ5
Bodno 2 x Magicard MA100YMCKO Color Ribbon - YMCKO - 100 Prints Software Demo,,Discount not found,"34,045",,4.4  4.4 out of 5 stars  (45),,https://www.amazon.in/Magicard-MA100YMCKO-Color-Ribbon-YMCKO/dp/B08NLB1MX6
"Tim Holtz Distress Rustic Wilderness November 2020 Release, Distress Oxide Ink Pad and Oxide Reinker, Distress Ink Pad and Distress Reinker, Bundle of 4 Items",,"₹13,213.20","4,101",,Rating not found,,https://www.amazon.in/Tim-Holtz-Distress-Wilderness-November/dp/B08NDFYDSK
SciBaba MAX7219 DOT MATRIX DISPLAY MODULE,,₹499,399,In stock,,,https://www.amazon.in/SciBaba-MAX7219-MATRIX-DISPLAY-MODULE/dp/B08MKQ8RQ5
Tim Holtz Distress Oxide Ink Pad 2020 New November Ranger tdo72829 Rustic Wilderness,,"₹3,918","1,877",,,,https://www.amazon.in/Tim-Holtz-Ranger-Distress-Wilderness/dp/B0BH1VNQFB
Title not found,Brand not found,Discount not found,Price not found,Stock info not found,Rating not found,No social proof available,URL not found
Handheld Inkjet Printer,,Discount not found,Price not found,Stock info not found,,,https://www.amazon.in/Generic-Handheld-Inkjet-Printer/dp/B08JZ697P2
Title not found,Brand not found,Discount not found,Price not found,Stock info not found,Rating not found,No social proof available,URL not found
Canon imageCLASS LBP8100n Single Function Laser Monochrome Printer,"Visit the store, Canon    Canon   Visit the store",Discount not found,Price not found,Stock info not found,Rating not found,,https://www.amazon.in/Canon-imageCLASS-LBP8100n-Function-Monochrome/dp/B08HW1JXPJ
Canon imageCLASS MF543X Multi Function WiFi Laser Monochrome Printer with FAX,"Visit the store, Canon    Canon   Visit the store",Discount not found,"20,399",Stock info not found,Rating not found,,https://www.amazon.in/Canon-imageCLASS-Function-Monochrome-Printer/dp/B08HVZM3SG
Title not found,Brand not found,Discount not found,Price not found,Stock info not found,Rating not found,No social proof available,URL not found
Ozer L220 Compatible for Multi-Function Inkjet Printer 100 ML,,Discount not found,Price not found,Stock info not found,Rating not found,,https://www.amazon.in/Ozer-L220-Multi-Function-Inkjet-Printer/dp/B08FZKKZX3
Title not found,Brand not found,Discount not found,Price not found,Stock info not found,Rating not found,No social proof available,URL not found
Title not found,Brand not found,Discount not found,Price not found,Stock info not found,Rating not found,No social proof available,URL not found
Ozer L3151 Compatible for Multi-Function WiFi Color Printer 100 Ml,,Discount not found,Price not found,Stock info not found,Rating not found,,https://www.amazon.in/Ozer-L3151-Multi-Function-Color-Printer/dp/B08FZJWNLD
"DETECK DT50P Direct Thermal ACE Receipt Printer 58mm Paper Width, Manual Cutter, 150mm/s Printing Speed, USB & Serial Interface (No Ink Required)",,"₹54,176.85","29,516",,5.0  5.0 out of 5 stars  (8),,https://www.amazon.in/Deteck-Thermal-Receipt-Printer-Printing/dp/B08FY8SMD5
Title not found,Brand not found,Discount not found,Price not found,Stock info not found,Rating not found,No social proof available,URL not found
Title not found,Brand not found,Discount not found,Price not found,Stock info not found,Rating not found,No social proof available,URL not found
"Jet Toner Belt Drive Gear Compatible for Laserjet 1010, 1012, 1015, 1018, 1020, 3015, 3020, 3030, m1005, LBP2900, LBP3000 Printers - White.",,₹499,285,In stock,Rating not found,,https://www.amazon.in/JET-TONER-Belt-Drive-Gear/dp/B08D7N3VP5
"K Comer Shipping Label Printer 150mm/s High-Speed 4x6 Direct Thermal Label Printing for Shipment Package 1-Click Setup on Windows/Mac,Label Maker Compatible with Amazon, Shopify, FedEx,USPS,Etsy",,"₹34,124.25","5,999",,"4.3  4.3 out of 5 stars  (1,775)",,https://www.amazon.in/Shipping-High-Speed-Printing-Shipment-Compatible/dp/B08D7J1S34
Title not found,Brand not found,Discount not found,Price not found,Stock info not found,Rating not found,No social proof available,URL not found
Title not found,Brand not found,Discount not found,Price not found,Stock info not found,Rating not found,No social proof available,URL not found
Title not found,Brand not found,Discount not found,Price not found,Stock info not found,Rating not found,No social proof available,URL not found
Title not found,Brand not found,Discount not found,Price not found,Stock info not found,Rating not found,No social proof available,URL not found
Tim Holtz Distress Speckled Egg - Distress Ink and Distress Oxide Bundle - Pads & Reinkers - 4 Items,,"₹13,870.35",Price not found,,Rating not found,,https://www.amazon.in/Tim-Holtz-Distress-Speckled-Egg/dp/B089785C79
PA03540-0001 PA03540-0002 Scanner Brake Pick Pickup Roller Tire Kit Compatible with ix500 ix1500 Fi-6130 Fi-6130Z Fi-6140 Fi-6140Z Fi-6230 Fi-6230Z Fi-6125 Fi-6225,,"₹5,982","2,479",,3.6  3.6 out of 5 stars  (6),,https://www.amazon.in/PA03540-0001-PA03540-0002-Compatible-Fi-6130Z-Fi-6140Z/dp/B0888DN5VN
Title not found,Brand not found,Discount not found,Price not found,Stock info not found,Rating not found,No social proof available,URL not found
Title not found,Brand not found,Discount not found,Price not found,Stock info not found,Rating not found,No social proof available,URL not found
"Main Drive Belt for Zebra S4M Printer 300dpi, Replacement for Zebra 20005",,Discount not found,Price not found,Stock info not found,Rating not found,,https://www.amazon.in/Drive-Printer-300dpi-Replacement-20005/dp/B087NDZRH7
Title not found,Brand not found,Discount not found,Price not found,Stock info not found,Rating not found,No social proof available,URL not found
Title not found,Brand not found,Discount not found,Price not found,Stock info not found,Rating not found,No social proof available,URL not found
Title not found,Brand not found,Discount not found,Price not found,Stock info not found,Rating not found,No social proof available,URL not found
Title not found,Brand not found,Discount not found,Price not found,Stock info not found,Rating not found,No social proof available,URL not found
Thermal Print Head for Zebra GX420T Printer 203dpi 105934-038,,"₹11,347","5,573",,5.0  5.0 out of 5 stars  (1),,https://www.amazon.in/Thermal-GX420T-Printer-203dpi-105934-038/dp/B0875WY6VG
Title not found,Brand not found,Discount not found,Price not found,Stock info not found,Rating not found,No social proof available,URL not found
Print Trimmer,,Discount not found,Price not found,Stock info not found,Rating not found,,https://www.amazon.in/Generic-Print-Trimmer/dp/B0871NVN1R
Magicard NEO MN300YMCKO Full Panel Ribbon - 300 Prints (Works with only Magicard NEO Range Printers),,Discount not found,Price not found,Stock info not found,Rating not found,,https://www.amazon.in/Magicard-MN300YMCKO-Full-Panel-Ribbon/dp/B08667DW7R
Title not found,Brand not found,Discount not found,Price not found,Stock info not found,Rating not found,No social proof available,URL not found
Title not found,Brand not found,Discount not found,Price not found,Stock info not found,Rating not found,No social proof available,URL not found
Ranger Tim Holtz - DISTRESS OXIDES,,"₹4,178","1,460",,,,https://www.amazon.in/Tim-Holtz-Ranger-TDO72317-Distress/dp/B084QFJ4YF
Title not found,Brand not found,Discount not found,Price not found,Stock info not found,Rating not found,No social proof available,URL not found
Title not found,Brand not found,Discount not found,Price not found,Stock info not found,Rating not found,No social proof available,URL not found
"Canon SELPHY QX10 Portable Square Photo Printer for iPhone or Android, Black","Visit the store, Canon    Canon   Visit the store",Discount not found,Price not found,Stock info not found,Rating not found,,https://www.amazon.in/Canon-SELPHY-Portable-Printer-Android/dp/B084CMMHVV
Title not found,Brand not found,Discount not found,Price not found,Stock info not found,Rating not found,No social proof available,URL not found
Title not found,Brand not found,Discount not found,Price not found,Stock info not found,Rating not found,No social proof available,URL not found
Title not found,Brand not found,Discount not found,Price not found,Stock info not found,Rating not found,No social proof available,URL not found
Title not found,Brand not found,Discount not found,Price not found,Stock info not found,Rating not found,No social proof available,URL not found
Title not found,Brand not found,Discount not found,Price not found,Stock info not found,Rating not found,No social proof available,URL not found
Title not found,Brand not found,Discount not found,Price not found,Stock info not found,Rating not found,No social proof available,URL not found
Title not found,Brand not found,Discount not found,Price not found,Stock info not found,Rating not found,No social proof available,URL not found
Title not found,Brand not found,Discount not found,Price not found,Stock info not found,Rating not found,No social proof available,URL not found
Title not found,Brand not found,Discount not found,Price not found,Stock info not found,Rating not found,No social proof available,URL not found
Top Print CLUCH Drive Gear for Use in HP Laser Jet 1010/1020/1018/Canon LBP 2900/3000 Printer Accessories,Visit the TOP PRINT Store,Discount not found,Price not found,Stock info not found,1.0  1.0 out of 5 stars  (1),,https://www.amazon.in/Top-Print-1010-Printer-Accessories/dp/B0821CJ3XH
Title not found,Brand not found,Discount not found,Price not found,Stock info not found,Rating not found,No social proof available,URL not found
Title not found,Brand not found,Discount not found,Price not found,Stock info not found,Rating not found,No social proof available,URL not found
P1006066 Main Drive Belt for Zebra 105SL Plus 105SL+ 110XiIV Thermal Label Printer 203dpi 300dpi,,"₹6,329","4,425",,3.6  3.6 out of 5 stars  (6),,https://www.amazon.in/P1006066-105SL-Plus-110XiIV-Thermal/dp/B0814STX91
Black fax Bloomerang Handheld Intelligent Inkjet Printer Ink Date Coder Coding Machine LED Screen,,"₹49,999","42,999",Only 2 left in stock.,Rating not found,,https://www.amazon.in/Black-fax-Bloomerang-Handheld-Intelligent/dp/B07ZCQ13Z1
Title not found,Brand not found,Discount not found,Price not found,Stock info not found,Rating not found,No social proof available,URL not found
"Rays 1010 1020 Lower Pressure Roller Compatible with LJ Printer HP 1010 / M1005 / 1015/1018 / 1020/3015 / 3020/3030 & Canon LBP 2900/120 / MF4150 (Black or Red, Pack of 3)",,Discount not found,Price not found,Stock info not found,Rating not found,,https://www.amazon.in/Rays-Pressure-Roller-Compatible-Printer/dp/B07YXSXMYT
Title not found,Brand not found,Discount not found,Price not found,Stock info not found,Rating not found,No social proof available,URL not found
Canon imageCLASS MF645CX Multi Function Laser Colour Printer with FAX and DADF,"Visit the store, Canon    Canon   Visit the store","₹85,000","69,990",,Rating not found,,https://www.amazon.in/Canon-MF746CX-Function-Colour-Printer/dp/B07XTBMNMK
Title not found,Brand not found,Discount not found,Price not found,Stock info not found,Rating not found,No social proof available,URL not found
Title not found,Brand not found,Discount not found,Price not found,Stock info not found,Rating not found,No social proof available,URL not found
Title not found,Brand not found,Discount not found,Price not found,Stock info not found,Rating not found,No social proof available,URL not found
Title not found,Brand not found,Discount not found,Price not found,Stock info not found,Rating not found,No social proof available,URL not found
For Zebra Compatible Printer Belt 20005 for Zebra S4M 300dpi Printer Transfer Belt Main Drive Belt 1 Piece,,"₹5,220",Price not found,,Rating not found,,https://www.amazon.in/Compatible-Printer-Zebra-300dpi-Transfer/dp/B07VXYS17C
Title not found,Brand not found,Discount not found,Price not found,Stock info not found,Rating not found,No social proof available,URL not found
Title not found,Brand not found,Discount not found,Price not found,Stock info not found,Rating not found,No social proof available,URL not found
Title not found,Brand not found,Discount not found,Price not found,Stock info not found,Rating not found,No social proof available,URL not found
Title not found,Brand not found,Discount not found,Price not found,Stock info not found,Rating not found,No social proof available,URL not found
"Adada Hard Travel Case For Canon SELPHY CP1300 / CP1200/CP1500 Wireless Compact Color Photo Printer, Black",,"₹8,300","4,340",,4.8  4.8 out of 5 stars  (295),,https://www.amazon.in/Travel-SELPHY-Wireless-Compact-Printer/dp/B07TT58K7F
Title not found,Brand not found,Discount not found,Price not found,Stock info not found,Rating not found,No social proof available,URL not found
Title not found,Brand not found,Discount not found,Price not found,Stock info not found,Rating not found,No social proof available,URL not found
Xummy PAPERANG P2 Bluetooth Thermal Picture Photo Phone Connection Mini Printer,,Discount not found,Price not found,Stock info not found,Rating not found,,https://www.amazon.in/Xummy-PAPERANG-Bluetooth-Thermal-Connection/dp/B07RW6MXZM
8TEN PTO Belt Cub Cadet Enforcer 44 48 Z-Force 44 48 54 Z-Force Pro 44 48 54 01009787 01009787P,,"₹9,699","5,187",,3.7  3.7 out of 5 stars  (66),,https://www.amazon.in/8TEN-Enforcer-Z-Force-01009787-01009787P/dp/B07RV436GK
"HP Color Laserjet Pro M454dn Printer, Double-Sided Printing & Built-in Ethernet",Visit the HP Store,Discount not found,Price not found,Stock info not found,4.2  4.2 out of 5 stars  (243),,https://www.amazon.in/HP-Laserjet-M454dn-Double-Sided-Printing/dp/B07RSHG542
Title not found,Brand not found,Discount not found,Price not found,Stock info not found,Rating not found,No social proof available,URL not found
Mangal Mini Thermal Printer,,"₹10,000","8,999",In stock,2.1  2.1 out of 5 stars  (2),,https://www.amazon.in/Mangal-MTP58B-Mini-Thermal-Printer/dp/B07PVY2JLW
Canon PIXMA TS707 Single Function Wireless Inkjet Color Photo Printer (Black),"Visit the store, Canon    Canon   Visit the store",Discount not found,"13,999",Stock info not found,Rating not found,,https://www.amazon.in/Canon-TS707-Function-Wireless-Printer/dp/B07PDKQ1LP
Title not found,Brand not found,Discount not found,Price not found,Stock info not found,Rating not found,No social proof available,URL not found
Title not found,Brand not found,Discount not found,Price not found,Stock info not found,Rating not found,No social proof available,URL not found
Title not found,Brand not found,Discount not found,Price not found,Stock info not found,Rating not found,No social proof available,URL not found
"Tim Holtz Distress Archival Mini Ink Kit 1, Kit 2, Kit 3 and Storage Tin - 4 Item Bundle",,Discount not found,Price not found,Stock info not found,,,https://www.amazon.in/Tim-Holtz-Distress-Archival-Storage/dp/B07NTSD2TB
Compatible Drive Belt for Zebra ZM400 ZM600 ZT410 300/600 dpi Thermal Label Printers Part No. 79867M (1 Pieces),,"₹3,242","2,964",,1.0  1.0 out of 5 stars  (1),,https://www.amazon.in/Compatible-Zebra-ZM400-ZM600-ZT410/dp/B07NK686QG
"HP Laserjet Enterprise M507dn with One-Year, Next, Onsite Warranty (1PV87A)",Visit the HP Store,Discount not found,Price not found,Stock info not found,4.3  4.3 out of 5 stars  (130),,https://www.amazon.in/HP-Laserjet-Enterprise-M507dn-One-Year/dp/B07NJ2T8H2
Title not found,Brand not found,Discount not found,Price not found,Stock info not found,Rating not found,No social proof available,URL not found
Ranger A3P-64718 Archival Jumbo Ink Pad #3-Majestic Violet,,"₹8,533.20","3,450",,Rating not found,,https://www.amazon.in/Ranger-A3P-64718-Archival-3-Majestic-Violet/dp/B07NG5PP2T
PRINTECH CLUCH Gear Use for in HP Laser Jet Pro 1007/1108/1136/1213/1218/1102/1106 Canon 3108/MF 3010/6018 Printer Accessories (Black),Visit the PRINTECH Store,Discount not found,Price not found,Stock info not found,5.0  5.0 out of 5 stars  (2),,https://www.amazon.in/Printech-CLUCH-1007-Printer-Accessories/dp/B07N4QYC46
Title not found,Brand not found,Discount not found,Price not found,Stock info not found,Rating not found,No social proof available,URL not found
Title not found,Brand not found,Discount not found,Price not found,Stock info not found,Rating not found,No social proof available,URL not found
Title not found,Brand not found,Discount not found,Price not found,Stock info not found,Rating not found,No social proof available,URL not found
Title not found,Brand not found,Discount not found,Price not found,Stock info not found,Rating not found,No social proof available,URL not found
"RB Printer Thermal Printer (80 mm, 3-inch)",,Discount not found,Price not found,Stock info not found,Rating not found,,https://www.amazon.in/RB-Printer-Thermal-80-3-inch/dp/B07JQXTG4J
Title not found,Brand not found,Discount not found,Price not found,Stock info not found,Rating not found,No social proof available,URL not found
Title not found,Brand not found,Discount not found,Price not found,Stock info not found,Rating not found,No social proof available,URL not found
Victorian Velvet - Distress Oxides Ink Pad,,Discount not found,Price not found,Stock info not found,4.7  4.7 out of 5 stars  (351),,https://www.amazon.in/Victorian-Velvet-Distress-Oxides-Ink/dp/B07JGD5D3Q
Title not found,Brand not found,Discount not found,Price not found,Stock info not found,Rating not found,No social proof available,URL not found
Title not found,Brand not found,Discount not found,Price not found,Stock info not found,Rating not found,No social proof available,URL not found
Weathered Wood - Distress Oxides Ink Pad,,"₹6,747","2,531",,Rating not found,,https://www.amazon.in/Weathered-Wood-Distress-Oxides-Ink/dp/B07JFTB8C3
Title not found,Brand not found,Discount not found,Price not found,Stock info not found,Rating not found,No social proof available,URL not found
Title not found,Brand not found,Discount not found,Price not found,Stock info not found,Rating not found,No social proof available,URL not found
Title not found,Brand not found,Discount not found,Price not found,Stock info not found,Rating not found,No social proof available,URL not found
Title not found,Brand not found,Discount not found,Price not found,Stock info not found,Rating not found,No social proof available,URL not found
Title not found,Brand not found,Discount not found,Price not found,Stock info not found,Rating not found,No social proof available,URL not found
Title not found,Brand not found,Discount not found,Price not found,Stock info not found,Rating not found,No social proof available,URL not found
Title not found,Brand not found,Discount not found,Price not found,Stock info not found,Rating not found,No social proof available,URL not found
"Pentel Eyeplus BGH3-DN Simple Coordinating Body, Retractable Type, Greige",,"₹1,698",849,,3.7  3.7 out of 5 stars  (10),,https://www.amazon.in/Pentel-Eyeplus-BGH3-DN-Coordinating-Retractable/dp/B07HQD5B2G
Title not found,Brand not found,Discount not found,Price not found,Stock info not found,Rating not found,No social proof available,URL not found
Title not found,Brand not found,Discount not found,Price not found,Stock info not found,Rating not found,No social proof available,URL not found
Title not found,Brand not found,Discount not found,Price not found,Stock info not found,Rating not found,No social proof available,URL not found
Title not found,Brand not found,Discount not found,Price not found,Stock info not found,Rating not found,No social proof available,URL not found
"Scan Scanner Cable for HP Laserjet Printer M1120,M1120N,CM1015,1017,M1005 =B",,₹700,240,,2.0  2.0 out of 5 stars  (1),,https://www.amazon.in/Scanner-Laserjet-Printer-M1120N-CM1015/dp/B07G1CFGDX
"Laptop & LCD cleaning Kit (2-step cleaner for laptop and LCD screens) (3 pre-moistened cleaning sheets, 3 lint-free polishing cloths, 1 microfibre finishing cloth)",,"₹6,179","4,320",,Rating not found,,https://www.amazon.in/pre-moistened-lint-free-polishing-microfibre-finishing/dp/B07FRPY594
Title not found,Brand not found,Discount not found,Price not found,Stock info not found,Rating not found,No social proof available,URL not found
Ranger Tim Holtz Distress Oxide Ink Pad - Dusty Concord,,"₹5,639","3,945",,Rating not found,,https://www.amazon.in/Ranger-Tim-Holtz-Distress-Oxide/dp/B07FF9V6S6
Title not found,Brand not found,Discount not found,Price not found,Stock info not found,Rating not found,No social proof available,URL not found
Title not found,Brand not found,Discount not found,Price not found,Stock info not found,Rating not found,No social proof available,URL not found
Wendy Vecchi Blendable Dye Ink Pad - Bluebird,,"₹4,929","3,445",,Rating not found,,https://www.amazon.in/Wendy-Vecchi-Blendable-Dye-Ink/dp/B07CVN53M5
INVENTO ZJ-5805 58mm Android4.0 POS Receipt Thermal Printer Bill Machine BT4.0,,"₹16,000","8,850",Only 1 left in stock.,Rating not found,,https://www.amazon.in/Invento-ZJ-5805-Android4-0-Receipt-Thermal/dp/B07CP72X4D
Title not found,Brand not found,Discount not found,Price not found,Stock info not found,Rating not found,No social proof available,URL not found
Title not found,Brand not found,Discount not found,Price not found,Stock info not found,Rating not found,No social proof available,URL not found
Title not found,Brand not found,Discount not found,Price not found,Stock info not found,Rating not found,No social proof available,URL not found
Title not found,Brand not found,Discount not found,Price not found,Stock info not found,Rating not found,No social proof available,URL not found
khanka Hard Travel Case Replacement for HP OfficeJet 250 All-in-One Portable Printer,,"₹8,500","6,500",Only 1 left in stock.,4.7  4.7 out of 5 stars  (268),,https://www.amazon.in/khanka-Travel-OfficeJet-Portable-Printer/dp/B07BML8CSQ
Title not found,Brand not found,Discount not found,Price not found,Stock info not found,Rating not found,No social proof available,URL not found
Title not found,Brand not found,Discount not found,Price not found,Stock info not found,Rating not found,No social proof available,URL not found
Title not found,Brand not found,Discount not found,Price not found,Stock info not found,Rating not found,No social proof available,URL not found
Title not found,Brand not found,Discount not found,Price not found,Stock info not found,Rating not found,No social proof available,URL not found
Title not found,Brand not found,Discount not found,Price not found,Stock info not found,Rating not found,No social proof available,URL not found
Title not found,Brand not found,Discount not found,Price not found,Stock info not found,Rating not found,No social proof available,URL not found
"Bulk ERC09 Epson Compatible POS Ribbon, Black Ink: CRERC09B (8 POS Ribbons)",,"₹5,429","3,798",,Rating not found,,https://www.amazon.in/ERC09-Epson-Compatible-Ribbon-Black/dp/B079VWQMT5
Title not found,Brand not found,Discount not found,Price not found,Stock info not found,Rating not found,No social proof available,URL not found
Title not found,Brand not found,Discount not found,Price not found,Stock info not found,Rating not found,No social proof available,URL not found
Ranger Shaded Lilac Tim Holtz Distress Oxides Ink Pad,,"₹4,190","1,549",,Rating not found,,https://www.amazon.in/Ranger-Shaded-Lilac-Distress-Oxides/dp/B079CY3Y23
Title not found,Brand not found,Discount not found,Price not found,Stock info not found,Rating not found,No social proof available,URL not found
Ranger Hickory Smoke Tim Holtz Distress Oxides Ink Pad,,"₹3,931","1,661",,Rating not found,,https://www.amazon.in/Ranger-Hickory-Smoke-Distress-Oxides/dp/B079CQNDSV
Title not found,Brand not found,Discount not found,Price not found,Stock info not found,Rating not found,No social proof available,URL not found
Title not found,Brand not found,Discount not found,Price not found,Stock info not found,Rating not found,No social proof available,URL not found
Tim Holtz Distress Oxide Ink Pads - 2018 Release - Cool Tones - 6 Ink Pad Set,,"₹19,113.90",Price not found,,,,https://www.amazon.in/Tim-Holtz-Distress-Oxide-Pads/dp/B07992RG17
Title not found,Brand not found,Discount not found,Price not found,Stock info not found,Rating not found,No social proof available,URL not found
Title not found,Brand not found,Discount not found,Price not found,Stock info not found,Rating not found,No social proof available,URL not found
Title not found,Brand not found,Discount not found,Price not found,Stock info not found,Rating not found,No social proof available,URL not found
Title not found,Brand not found,Discount not found,Price not found,Stock info not found,Rating not found,No social proof available,URL not found
Title not found,Brand not found,Discount not found,Price not found,Stock info not found,Rating not found,No social proof available,URL not found
Title not found,Brand not found,Discount not found,Price not found,Stock info not found,Rating not found,No social proof available,URL not found
Title not found,Brand not found,Discount not found,Price not found,Stock info not found,Rating not found,No social proof available,URL not found
"Canon TS202 Inkjet Photo Printer, Black","Visit the store, Canon    Canon   Visit the store",Discount not found,Price not found,Stock info not found,Rating not found,,https://www.amazon.in/Canon-TS202-Inkjet-Photo-Printer/dp/B078X1DQ2Y
HP Compatible TONNER 12A (Black),,Discount not found,Price not found,Stock info not found,Rating not found,,https://www.amazon.in/HP-COMPATIBLE-TONNER-12A-BLACK/dp/B078NG395H
"GI790 Ink Compatible for Canon G1000, G2000, G3000, G4000 Inkjet Printer Color Yellow",,₹399,149,In stock,Rating not found,,https://www.amazon.in/GI790-Compatible-Inkjet-Printer-Yellow/dp/B0789GLYW5
Title not found,Brand not found,Discount not found,Price not found,Stock info not found,Rating not found,No social proof available,URL not found
Title not found,Brand not found,Discount not found,Price not found,Stock info not found,Rating not found,No social proof available,URL not found
Kokuyo Color LBP&PPC Film Label A4 No Cut White Matte 10 Sheets LBP-2215,,"₹12,999","10,364",,Rating not found,,https://www.amazon.in/Kokuyo-Color-Label-Sheets-LBP-2215/dp/B077RQLNVL
Title not found,Brand not found,Discount not found,Price not found,Stock info not found,Rating not found,No social proof available,URL not found
10PCS FH-740/RS-640/XC-540 Fuse 04533. 15MR - 1000001053 for Roland,,Discount not found,"8,395",,,,https://www.amazon.in/FH-740-RS-640-XC-540-Fuse-04533/dp/B076Y9F1BN
"Printworks Photo Paper, Gloss, 8.5in x 11in, 90 Sheets (3-Pack Bundle), 00543",,"₹9,453","6,475",,4.4  4.4 out of 5 stars  (71),,https://www.amazon.in/Printworks-Sheets-3-Pack-Bundle-00543/dp/B076CMTQX3
Title not found,Brand not found,Discount not found,Price not found,Stock info not found,Rating not found,No social proof available,URL not found
Title not found,Brand not found,Discount not found,Price not found,Stock info not found,Rating not found,No social proof available,URL not found
Title not found,Brand not found,Discount not found,Price not found,Stock info not found,Rating not found,No social proof available,URL not found
Title not found,Brand not found,Discount not found,Price not found,Stock info not found,Rating not found,No social proof available,URL not found
Title not found,Brand not found,Discount not found,Price not found,Stock info not found,Rating not found,No social proof available,URL not found
Kumar Computer Brother Compact Monochrome Laser Printer with Wireless Capability,,Discount not found,Price not found,Stock info not found,,,https://www.amazon.in/Computer-Brother-Monochrome-Wireless-Capability/dp/B076B1P35H
"Kumar Computer Brother Professional, High-Speed Label Printer with Built-in Ethernet and Wireless Networking",,Discount not found,Price not found,Stock info not found,Rating not found,,https://www.amazon.in/Computer-Professional-High-speed-Ethernet-Networking/dp/B076B1MM5M
Title not found,Brand not found,Discount not found,Price not found,Stock info not found,Rating not found,No social proof available,URL not found
Title not found,Brand not found,Discount not found,Price not found,Stock info not found,Rating not found,No social proof available,URL not found
Title not found,Brand not found,Discount not found,Price not found,Stock info not found,Rating not found,No social proof available,URL not found
Title not found,Brand not found,Discount not found,Price not found,Stock info not found,Rating not found,No social proof available,URL not found
Title not found,Brand not found,Discount not found,Price not found,Stock info not found,Rating not found,No social proof available,URL not found
Title not found,Brand not found,Discount not found,Price not found,Stock info not found,Rating not found,No social proof available,URL not found
Title not found,Brand not found,Discount not found,Price not found,Stock info not found,Rating not found,No social proof available,URL not found
Title not found,Brand not found,Discount not found,Price not found,Stock info not found,Rating not found,No social proof available,URL not found
"LINKYO Compatible Replacement for HP 410X 410A CF410X CF411X CF412X CF413X Color Toner Cartridge (Black, Cyan, Magenta, Yellow, 4-Pack)",,Discount not found,Price not found,Stock info not found,4.0  4.0 out of 5 stars  (42),,https://www.amazon.in/LINKYO-Compatible-Replacement-Cartridge-Magenta/dp/B073XT7YM9
"Ranger Tim Holtz Distress Oxide Ink Pads - Abandoned Coral, Wild Honey, Picked Raspberry, Peacock Feathers, Salty Ocean and Seedless Preserves - 6 Ink Pad Set Released June 2017",,"₹13,478.40",115,,Rating not found,,https://www.amazon.in/Ranger-Tim-Holtz-Distress-Oxide/dp/B073R6Q8V3
Ranger Tim Holtz Distress Oxide Reinker - Abandoned Coral,,"₹4,989","3,488",,Rating not found,,https://www.amazon.in/Ranger-Holtz-Distress-Oxide-Reinker/dp/B073BTQX7B
Title not found,Brand not found,Discount not found,Price not found,Stock info not found,Rating not found,No social proof available,URL not found
Ranger Tim Holtz Distress Oxide Ink Pad - Candied Apple,,"₹5,780.05",Price not found,,4.9  4.9 out of 5 stars  (13),,https://www.amazon.in/Ranger-Tim-Holtz-Distress-Oxide/dp/B073BPX61W
Title not found,Brand not found,Discount not found,Price not found,Stock info not found,Rating not found,No social proof available,URL not found
T i m H o l t z Ranger Tim Holtz Distress Oxide Ink Pad - Abandoned Coral,,"₹4,628","1,830",,Rating not found,,https://www.amazon.in/Ranger-Tim-Holtz-Distress-Oxide/dp/B073BNP3F9
Title not found,Brand not found,Discount not found,Price not found,Stock info not found,Rating not found,No social proof available,URL not found
Title not found,Brand not found,Discount not found,Price not found,Stock info not found,Rating not found,No social proof available,URL not found
Inkjet PVC Card Tray for Canon PIXMA PRO-10 and PRO-100 (Canon K Tray Printers),,"₹11,999","8,398",,4.5  4.5 out of 5 stars  (44),,https://www.amazon.in/Inkjet-Canon-PRO-10-PRO-100-Printers/dp/B072MBP733
Title not found,Brand not found,Discount not found,Price not found,Stock info not found,Rating not found,No social proof available,URL not found
Title not found,Brand not found,Discount not found,Price not found,Stock info not found,Rating not found,No social proof available,URL not found
Studio G Hampton Art Studio G Set of 4 Large Dye Ink Pads - Acid Free - Beautiful Blues,,"₹4,976","2,405",,Rating not found,,https://www.amazon.in/Studio-Hampton-Art-Large-Pads/dp/B071W7WX3M
Special Bundle Ranger Tim Holtz Distress Oxide Ink Pad Broken China + Reinker,,"₹7,006","3,380",,Rating not found,,https://www.amazon.in/Special-Bundle-Ranger-Distress-Reinker/dp/B071V9DV4W
Title not found,Brand not found,Discount not found,Price not found,Stock info not found,Rating not found,No social proof available,URL not found
Title not found,Brand not found,Discount not found,Price not found,Stock info not found,Rating not found,No social proof available,URL not found
Special Bundle Ranger Tim Holtz Distress Oxide Ink Pad Faded Jeans + Reinker,,"₹6,614","2,530",,Rating not found,,https://www.amazon.in/Special-Bundle-Ranger-Distress-Reinker/dp/B07118B78H
Title not found,Brand not found,Discount not found,Price not found,Stock info not found,Rating not found,No social proof available,URL not found
Title not found,Brand not found,Discount not found,Price not found,Stock info not found,Rating not found,No social proof available,URL not found
Title not found,Brand not found,Discount not found,Price not found,Stock info not found,Rating not found,No social proof available,URL not found
Title not found,Brand not found,Discount not found,Price not found,Stock info not found,Rating not found,No social proof available,URL not found
"Canon ImageClass LBP-312X Laser Professional Printer 43 PPM Duplex,Network, PCI/PS",Visit the Canon Store,Discount not found,Price not found,Stock info not found,,,https://www.amazon.in/Canon-ImageClass-LBP-312X-Professional-Printer/dp/B06XQDKSRG
"eSquareOne Compatible High Yield Toner Cartridge Replacement for Brother TN420 TN450 (Black, 2-Pack)",,Discount not found,Price not found,Stock info not found,Rating not found,,https://www.amazon.in/eSquareOne-Compatible-Cartridge-Brother-2-Pack/dp/B06XJQM63V
Title not found,Brand not found,Discount not found,Price not found,Stock info not found,Rating not found,No social proof available,URL not found
Title not found,Brand not found,Discount not found,Price not found,Stock info not found,Rating not found,No social proof available,URL not found
Title not found,Brand not found,Discount not found,Price not found,Stock info not found,Rating not found,No social proof available,URL not found
Title not found,Brand not found,Discount not found,Price not found,Stock info not found,Rating not found,No social proof available,URL not found
Title not found,Brand not found,Discount not found,Price not found,Stock info not found,Rating not found,No social proof available,URL not found
Title not found,Brand not found,Discount not found,Price not found,Stock info not found,Rating not found,No social proof available,URL not found
Title not found,Brand not found,Discount not found,Price not found,Stock info not found,Rating not found,No social proof available,URL not found
Title not found,Brand not found,Discount not found,Price not found,Stock info not found,Rating not found,No social proof available,URL not found
Title not found,Brand not found,Discount not found,Price not found,Stock info not found,Rating not found,No social proof available,URL not found
Max Heavy Duty Staples 3 4 Inch 1220FA-H - Box of 1000 Staples,"Visit the store, MAX    MAX   Visit the store",Discount not found,Price not found,Stock info not found,Rating not found,,https://www.amazon.in/Heavy-Duty-Staples-Inch-1220FA-H/dp/B01MF67MEW
Title not found,Brand not found,Discount not found,Price not found,Stock info not found,Rating not found,No social proof available,URL not found
Title not found,Brand not found,Discount not found,Price not found,Stock info not found,Rating not found,No social proof available,URL not found
Title not found,Brand not found,Discount not found,Price not found,Stock info not found,Rating not found,No social proof available,URL not found
78203608-006 TallyGenicom Right Tractor 3460 3470 3480,,"₹28,190.08",Price not found,,Rating not found,,https://www.amazon.in/78203608-006-TallyGenicom-Right-Tractor-3460/dp/B01LZQCCOD
Title not found,Brand not found,Discount not found,Price not found,Stock info not found,Rating not found,No social proof available,URL not found
Title not found,Brand not found,Discount not found,Price not found,Stock info not found,Rating not found,No social proof available,URL not found
Title not found,Brand not found,Discount not found,Price not found,Stock info not found,Rating not found,No social proof available,URL not found
Title not found,Brand not found,Discount not found,Price not found,Stock info not found,Rating not found,No social proof available,URL not found
301032 AMT Gear Train Rear Tractor AMT 535,,"₹15,879","11,115",,Rating not found,,https://www.amazon.in/301032-Gear-Train-Rear-Tractor/dp/B01LFDNUR0
Title not found,Brand not found,Discount not found,Price not found,Stock info not found,Rating not found,No social proof available,URL not found
Title not found,Brand not found,Discount not found,Price not found,Stock info not found,Rating not found,No social proof available,URL not found
Canon (GPR-39) imageRUNNER 1730 Black OEM Toner Standard Yield (15,"Visit the store, Canon    Canon   Visit the store","₹24,099","16,868",,Rating not found,,https://www.amazon.in/Canon-GPR-39-imageRUNNER-Black-Standard/dp/B01KKUD984
3B1921B01 TallyGenicom Motor Paper Drive Kit 3860s 3880s Single Tractor 3800n,,"₹61,719","43,200",,Rating not found,,https://www.amazon.in/3B1921B01-TallyGenicom-Motor-Single-Tractor/dp/B01KKJ1004
Title not found,Brand not found,Discount not found,Price not found,Stock info not found,Rating not found,No social proof available,URL not found
Archival Ink Pad #0-Bright Tangelo,,"₹3,870","1,607",,Rating not found,,https://www.amazon.in/Archival-Ink-Pad-0-Bright-Tangelo/dp/B01J68U20Y
Title not found,Brand not found,Discount not found,Price not found,Stock info not found,Rating not found,No social proof available,URL not found
Title not found,Brand not found,Discount not found,Price not found,Stock info not found,Rating not found,No social proof available,URL not found
Title not found,Brand not found,Discount not found,Price not found,Stock info not found,Rating not found,No social proof available,URL not found
Imported MK8 Extruder Aluminum Frame Block DIY Kit for 3D Printer,,Discount not found,Price not found,Stock info not found,3.8  3.8 out of 5 stars  (5),,https://www.amazon.in/Extruder-Aluminum-Frame-Block-Printer/dp/B01GECZO5I
Title not found,Brand not found,Discount not found,Price not found,Stock info not found,Rating not found,No social proof available,URL not found
Title not found,Brand not found,Discount not found,Price not found,Stock info not found,Rating not found,No social proof available,URL not found
Print.Save.Repeat. Lexmark 701HM Magenta High Yield Remanufactured Toner Cartridge for CS310 CS410 CS510 3 000 Pages,,"₹24,800.10",Price not found,,3.6  3.6 out of 5 stars  (13),,https://www.amazon.in/Print-Save-Repeat-Lexmark-Magenta-Remanufactured-Cartridge/dp/B01FWL5QFK
Imported 3D Printer Extruder Aluminum Frame Block Kit Right Hand,,Discount not found,Price not found,Stock info not found,,,https://www.amazon.in/Printer-Extruder-Aluminum-Frame-Block/dp/B01FW9FHTM
Ranger Tim Holtz Distress Ink Blending Bundle #2,,"₹9,592.34",Price not found,,,,https://www.amazon.in/Ranger-Holtz-Distress-Blending-Bundle/dp/B01F2ISIVM
Title not found,Brand not found,Discount not found,Price not found,Stock info not found,Rating not found,No social proof available,URL not found
Title not found,Brand not found,Discount not found,Price not found,Stock info not found,Rating not found,No social proof available,URL not found
Distress Mini Ink Pads 4/pkg-Kit 14,,"₹4,946","2,207",,,,https://www.amazon.in/Distress-Mini-Ink-Pads-pkg-Kit/dp/B014X9XYU6
Decent Cartridge 12 A Black Toner Cartridge,,Discount not found,Price not found,Stock info not found,Rating not found,,https://www.amazon.in/Decent-Cartridge-12-Black-Toner/dp/B01DBH6ORQ
Title not found,Brand not found,Discount not found,Price not found,Stock info not found,Rating not found,No social proof available,URL not found
Title not found,Brand not found,Discount not found,Price not found,Stock info not found,Rating not found,No social proof available,URL not found
Title not found,Brand not found,Discount not found,Price not found,Stock info not found,Rating not found,No social proof available,URL not found
Title not found,Brand not found,Discount not found,Price not found,Stock info not found,Rating not found,No social proof available,URL not found
Title not found,Brand not found,Discount not found,Price not found,Stock info not found,Rating not found,No social proof available,URL not found
Title not found,Brand not found,Discount not found,Price not found,Stock info not found,Rating not found,No social proof available,URL not found
Title not found,Brand not found,Discount not found,Price not found,Stock info not found,Rating not found,No social proof available,URL not found
"Amsahr NCR 2140 3/8"" Purple - 6 per Pack",,"₹3,483.92",Price not found,,Rating not found,,https://www.amazon.in/Amsahr-NCR-2140-Purple-Pack/dp/B018NWYUV6
Title not found,Brand not found,Discount not found,Price not found,Stock info not found,Rating not found,No social proof available,URL not found
Title not found,Brand not found,Discount not found,Price not found,Stock info not found,Rating not found,No social proof available,URL not found
PRINTNSEE COMPATIBLE DRUM for Canon/hp Drum 2900/303/FX9/1010/1020/1022/3050/3055 /12A Drum by:PRINTNSEE w.g DRM,,Discount not found,Price not found,Stock info not found,,,https://www.amazon.in/CANON-drum-2900-1010-12A/dp/B016MSFMYC
Renewable Toner 90A Compatible MICR Toner Cartridge Replacement HP CE390A for HP LaserJet 600 M601 M602 M603 M4555 MFP Series,,"₹50,359","35,250",,4.0  4.0 out of 5 stars  (11),,https://www.amazon.in/Renewable-Compatible-Cartridge-Replacement-CE390A/dp/B016LNNFOW
Title not found,Brand not found,Discount not found,Price not found,Stock info not found,Rating not found,No social proof available,URL not found
Title not found,Brand not found,Discount not found,Price not found,Stock info not found,Rating not found,No social proof available,URL not found
Title not found,Brand not found,Discount not found,Price not found,Stock info not found,Rating not found,No social proof available,URL not found
Title not found,Brand not found,Discount not found,Price not found,Stock info not found,Rating not found,No social proof available,URL not found
Title not found,Brand not found,Discount not found,Price not found,Stock info not found,Rating not found,No social proof available,URL not found
2 X Package of Six Sharp XE-A101 XE-A102 XE-A106 XE-A107 XE-A110 XE-A115 and XE-A120 Cash Register Ink Roller Black Compatible,,"₹5,559","3,890",,Rating not found,,https://www.amazon.in/Package-XE-A101-XE-A102-Register-Compatible/dp/B0164QH1PA
Generic 5 X Package of Two Adler Royal 500DX Cash Register Ink Roller,,"₹5,899","4,128",,,,https://www.amazon.in/Generic-Package-Adler-Register-Roller/dp/B0163HXLUE
Title not found,Brand not found,Discount not found,Price not found,Stock info not found,Rating not found,No social proof available,URL not found
Title not found,Brand not found,Discount not found,Price not found,Stock info not found,Rating not found,No social proof available,URL not found
4.33 x 1476 110 mm x 450 m Thermal Transfer Ribbon Blank Labels Brand - 1 Roll. Premium Wax for Zebra or Datamax Industrial Printers,,"₹11,249.55",Price not found,,5.0  5.0 out of 5 stars  (1),,https://www.amazon.in/Thermal-Transfer-Ribbon-Blank-Labels/dp/B0149696TG
Title not found,Brand not found,Discount not found,Price not found,Stock info not found,Rating not found,No social proof available,URL not found
Title not found,Brand not found,Discount not found,Price not found,Stock info not found,Rating not found,No social proof available,URL not found
Title not found,Brand not found,Discount not found,Price not found,Stock info not found,Rating not found,No social proof available,URL not found
Title not found,Brand not found,Discount not found,Price not found,Stock info not found,Rating not found,No social proof available,URL not found
Title not found,Brand not found,Discount not found,Price not found,Stock info not found,Rating not found,No social proof available,URL not found
"Silhouette Mint Ink, Magenta",,"₹6,959.55","2,923",,4.8  4.8 out of 5 stars  (394),,https://www.amazon.in/Silhouette-Mint-Ink-Magenta-Ink-Magenta/dp/B00YU7RQNS
Distress Pad Re-Inker .5oz-Twisted Citron,,"₹2,999",Price not found,,Rating not found,,https://www.amazon.in/Distress-Pad-Re-Inker-5oz-Twisted-Citron/dp/B00YJVGEO2
Title not found,Brand not found,Discount not found,Price not found,Stock info not found,Rating not found,No social proof available,URL not found
Custom Blend - Distress It Yourself Ink Pad,,"₹4,216","1,724",,4.2  4.2 out of 5 stars  (20),,https://www.amazon.in/Custom-Blend-Distress-Yourself-Ink/dp/B00X1IRKOM
Title not found,Brand not found,Discount not found,Price not found,Stock info not found,Rating not found,No social proof available,URL not found
Ricoh 407314 Sp 3600Dn Band With Printer,"Visit the store, Ricoh    Ricoh   Visit the store",Discount not found,Price not found,Stock info not found,Rating not found,,https://www.amazon.in/Ricoh-407314-3600Dn-Band-Printer/dp/B00W3F10DQ
Title not found,Brand not found,Discount not found,Price not found,Stock info not found,Rating not found,No social proof available,URL not found
Title not found,Brand not found,Discount not found,Price not found,Stock info not found,Rating not found,No social proof available,URL not found
Title not found,Brand not found,Discount not found,Price not found,Stock info not found,Rating not found,No social proof available,URL not found
Title not found,Brand not found,Discount not found,Price not found,Stock info not found,Rating not found,No social proof available,URL not found
Distress Mini Ink Pad-Vintage Photo,,"₹3,099","1,300",,Rating not found,,https://www.amazon.in/Distress-Mini-Ink-Pad-Vintage-Photo/dp/B00TGP4L8C
Distress Mini Ink Pad-Victorian Velvet,,"₹1,809.59",Price not found,,Rating not found,,https://www.amazon.in/Distress-Mini-Ink-Pad-Victorian-Velvet/dp/B00TGP4ISK
Distress Mini Ink Pad-Tattered Rose,,Discount not found,Price not found,,5.0  5.0 out of 5 stars  (1),,https://www.amazon.in/Ranger-Holtz-Distress-Pads-Tattered/dp/B00TGP4C04
Distress Mini Ink Pad-Seedless Preserves,,"₹3,446","1,163",,4.3  4.3 out of 5 stars  (3),,https://www.amazon.in/Ranger-Holtz-Distress-Seedless-Preserves/dp/B00TGP3NQI
Title not found,Brand not found,Discount not found,Price not found,Stock info not found,Rating not found,No social proof available,URL not found
Title not found,Brand not found,Discount not found,Price not found,Stock info not found,Rating not found,No social proof available,URL not found
Distress Mini Ink Pad-Mowed Lawn,,Discount not found,Price not found,Stock info not found,Rating not found,,https://www.amazon.in/Distress-Mini-Ink-Pad-Mowed-Lawn/dp/B00TGP2TTA
Distress Mini Ink Pad-Iced Spruce,,"₹3,432","1,538",,Rating not found,,https://www.amazon.in/Ranger-Holtz-Distress-Pads-Spruce/dp/B00TGP2PCQ
Title not found,Brand not found,Discount not found,Price not found,Stock info not found,Rating not found,No social proof available,URL not found
Distress Mini Ink Pad-Frayed Burlap,,"₹3,336","1,635",,Rating not found,,https://www.amazon.in/Distress-Mini-Ink-Pad-Frayed-Burlap/dp/B00TGP2L0W
Title not found,Brand not found,Discount not found,Price not found,Stock info not found,Rating not found,No social proof available,URL not found
"Ranger Tim Holtz Distress Ink Pads, Mini, Brushed Corduroy",,"₹3,288.95",Price not found,,Rating not found,,https://www.amazon.in/Ranger-Holtz-Distress-Brushed-Corduroy/dp/B00TGP1UIQ
Title not found,Brand not found,Discount not found,Price not found,Stock info not found,Rating not found,No social proof available,URL not found
"Ranger Tim Holtz Distress Ink Pads, Mini, Barn Door",,"₹3,130","1,488",,Rating not found,,https://www.amazon.in/Ranger-Holtz-Distress-Pads-Mini/dp/B00TGP1N5G
Title not found,Brand not found,Discount not found,Price not found,Stock info not found,Rating not found,No social proof available,URL not found
Title not found,Brand not found,Discount not found,Price not found,Stock info not found,Rating not found,No social proof available,URL not found
Title not found,Brand not found,Discount not found,Price not found,Stock info not found,Rating not found,No social proof available,URL not found
Title not found,Brand not found,Discount not found,Price not found,Stock info not found,Rating not found,No social proof available,URL not found
Title not found,Brand not found,Discount not found,Price not found,Stock info not found,Rating not found,No social proof available,URL not found
Title not found,Brand not found,Discount not found,Price not found,Stock info not found,Rating not found,No social proof available,URL not found
Title not found,Brand not found,Discount not found,Price not found,Stock info not found,Rating not found,No social proof available,URL not found
Title not found,Brand not found,Discount not found,Price not found,Stock info not found,Rating not found,No social proof available,URL not found
Title not found,Brand not found,Discount not found,Price not found,Stock info not found,Rating not found,No social proof available,URL not found
Title not found,Brand not found,Discount not found,Price not found,Stock info not found,Rating not found,No social proof available,URL not found
Title not found,Brand not found,Discount not found,Price not found,Stock info not found,Rating not found,,https://www.amazon.in/Zebra-104523-125-Premier-Card-Thickness/dp/B00NALC270
"Canon CLI-251 CYAN,MAGENTA,YELLOW Ink, Compatible to MX922,MG7520,MG7120,MG6620,MG5620,iP8720,MG6420,MG6320 and MG5420","Visit the store, Canon    Canon   Visit the store","₹16,219","11,350",,Rating not found,,https://www.amazon.in/Canon-CLI-251-Cartridges-6514B009-Pack/dp/B00MBH9J3E
E-Z Ink (TM) Compatible Toner Cartridge Replacement for Samsung 111S MLT-D111S (1 Black Toner) Compatible With Xpress M2020W Xpress 2070FW Printer,,Discount not found,Price not found,Stock info not found,4.4  4.4 out of 5 stars,,https://www.amazon.in/Z-Ink-Compatible-Cartridge-Replacement/dp/B00MAFZAE4
"52102001 Ribbon, Black",,"₹6,089","4,258",,4.8  4.8 out of 5 stars  (7),,https://www.amazon.in/OKI-4328397447-52102001-Ribbon-Black/dp/B00LEASQP6
Title not found,Brand not found,Discount not found,Price not found,Stock info not found,Rating not found,No social proof available,URL not found
Title not found,Brand not found,Discount not found,Price not found,Stock info not found,Rating not found,No social proof available,URL not found
Title not found,Brand not found,Discount not found,Price not found,Stock info not found,Rating not found,No social proof available,URL not found
Title not found,Brand not found,Discount not found,Price not found,Stock info not found,Rating not found,No social proof available,URL not found
Tripp Lite - Printer Cable - DB-25 (M) - 36 pin Centronics (M) - 6 ft (IEEE-1284) - Molded *,,"₹8,210.92",Price not found,,,,https://www.amazon.in/Tripp-Lite-Printer-Centronics-IEEE-1284/dp/B00KOHCGVA
"LD Compatible Replacement for Dell 593-BBBJ Black Laser Toner Cartridge for use in Dell Multi-Function B2375dfw, and B2375dnf Printers",,"₹25,339","17,735",,3.4  3.4 out of 5 stars  (23),,https://www.amazon.in/LD-Compatible-Replacement-Cartridge-Multi-Function/dp/B00KOFAF2O
Title not found,Brand not found,Discount not found,Price not found,Stock info not found,Rating not found,No social proof available,URL not found
LINKYO Replacement for Brother TN221BK Standard Yield Black Toner Cartridge,,"₹28,793.70",Price not found,,4.3  4.3 out of 5 stars  (58),,https://www.amazon.in/LINKYO-Compatible-Cartridges-Replacement-Brother/dp/B00JW1NBYK
Title not found,Brand not found,Discount not found,Price not found,Stock info not found,Rating not found,No social proof available,URL not found
Title not found,Brand not found,Discount not found,Price not found,Stock info not found,Rating not found,No social proof available,URL not found
Title not found,Brand not found,Discount not found,Price not found,Stock info not found,Rating not found,No social proof available,URL not found
"2975B001 INK, PG 211XL COLOR CARTRIDGE Canon Consumer Printer Supply Ink","Visit the store, Canon    Canon   Visit the store","₹11,999","8,398",,Rating not found,,https://www.amazon.in/2975B001-CARTRIDGE-Canon-Consumer-Printer/dp/B00J79STWQ
Title not found,Brand not found,Discount not found,Price not found,Stock info not found,Rating not found,No social proof available,URL not found
Title not found,Brand not found,Discount not found,Price not found,Stock info not found,Rating not found,No social proof available,URL not found
Title not found,Brand not found,Discount not found,Price not found,Stock info not found,Rating not found,No social proof available,URL not found
Title not found,Brand not found,Discount not found,Price not found,Stock info not found,Rating not found,No social proof available,URL not found
Title not found,Brand not found,Discount not found,Price not found,Stock info not found,Rating not found,No social proof available,URL not found
Title not found,Brand not found,Discount not found,Price not found,Stock info not found,Rating not found,No social proof available,URL not found
062463 TallyGenicom Complete Panel Assy 2265+ 2280+ t2170,,"₹41,529","29,070",,Rating not found,,https://www.amazon.in/062463-TallyGenicom-Complete-Panel-t2170/dp/B00HFXBA4A
Title not found,Brand not found,Discount not found,Price not found,Stock info not found,Rating not found,No social proof available,URL not found
Title not found,Brand not found,Discount not found,Price not found,Stock info not found,Rating not found,No social proof available,URL not found
Title not found,Brand not found,Discount not found,Price not found,Stock info not found,Rating not found,No social proof available,URL not found
Title not found,Brand not found,Discount not found,Price not found,Stock info not found,Rating not found,No social proof available,URL not found
Title not found,Brand not found,Discount not found,Price not found,Stock info not found,Rating not found,No social proof available,URL not found
Oce Genuine OEM PlotWave 340/360 | Toner Kit (2 Pk) (1070011810),,Discount not found,407,Stock info not found,Rating not found,,https://www.amazon.in/Oce-Genuine-PlotWave-Toner-1070011810/dp/B00G92AARG
Title not found,Brand not found,Discount not found,Price not found,Stock info not found,Rating not found,No social proof available,URL not found
Title not found,Brand not found,Discount not found,Price not found,Stock info not found,Rating not found,No social proof available,URL not found
Print. Save. Repeat. Remanufactured Dell 2230 Toner Cartridge Standard Capacity 3.5K Replacement for M797K 330-4131,,Discount not found,"14,297",,4.4  4.4 out of 5 stars  (45),,https://www.amazon.in/Remanufactured-Cartridge-Standard-Capacity-Replacement/dp/B00EJR4X1M
Title not found,Brand not found,Discount not found,Price not found,Stock info not found,Rating not found,No social proof available,URL not found
55081113 TallyGenicom Pcb Leop Operator Panel 83x 93x,,"₹24,570.79",Price not found,,Rating not found,,https://www.amazon.in/55081113-TallyGenicom-Leop-Operator-Panel/dp/B00EIRJ2VE
Title not found,Brand not found,Discount not found,Price not found,Stock info not found,Rating not found,No social proof available,URL not found
Title not found,Brand not found,Discount not found,Price not found,Stock info not found,Rating not found,No social proof available,URL not found
Title not found,Brand not found,Discount not found,Price not found,Stock info not found,Rating not found,No social proof available,URL not found
"""Package of Three"" Hypercom P8, P8F, P8S, T77, T77F, T77GF, T77GQ, T77H and T77S Receipt Printer Ribbon, Purple, Compatible",,"₹6,029","4,215",,,,https://www.amazon.in/Package-Hypercom-Receipt-Printer-Compatible/dp/B00D6WW7SW
Title not found,Brand not found,Discount not found,Price not found,Stock info not found,Rating not found,No social proof available,URL not found
Title not found,Brand not found,Discount not found,Price not found,Stock info not found,Rating not found,No social proof available,URL not found
Title not found,Brand not found,Discount not found,Price not found,Stock info not found,Rating not found,No social proof available,URL not found
Title not found,Brand not found,Discount not found,Price not found,Stock info not found,Rating not found,No social proof available,URL not found
Title not found,Brand not found,Discount not found,Price not found,Stock info not found,Rating not found,No social proof available,URL not found
Title not found,Brand not found,Discount not found,Price not found,Stock info not found,Rating not found,No social proof available,URL not found
Brother HL-2280DW Drum Unit (manufactured by Brother) 12000 Pages,Visit the Brother Store,Discount not found,Price not found,Stock info not found,3.7  3.7 out of 5 stars  (33),,https://www.amazon.in/Brother-HL-2280DW-manufactured-12000-Pages/dp/B00BNXS3R0
Title not found,Brand not found,Discount not found,Price not found,Stock info not found,Rating not found,No social proof available,URL not found
Title not found,Brand not found,Discount not found,Price not found,Stock info not found,Rating not found,No social proof available,URL not found
"Underwood 310, 315, 319 and 378 Typewriter Ribbon, Black and Red, Compatible, Twin Spool",,"₹4,002","1,791",,,,https://www.amazon.in/Underwood-Typewriter-Ribbon-Black-Compatible/dp/B00BDAPUTW
Title not found,Brand not found,Discount not found,Price not found,Stock info not found,Rating not found,No social proof available,URL not found
Canon PGI-255 XXL Pigment Black Individual Ink Tank 8050B001,"Visit the store, Canon    Canon   Visit the store","₹15,219","10,650",,Rating not found,,https://www.amazon.in/Canon-PGI-255-Pigment-Individual-Compatible/dp/B00B3PL9KG
Title not found,Brand not found,Discount not found,Price not found,Stock info not found,Rating not found,No social proof available,URL not found
Canon PGI-250XL BK Pigment Black Twin Value Pack Ink,Visit the Canon Store,"₹16,559","11,588",,4.7  4.7 out of 5 stars,,https://www.amazon.in/Canon-PGI-250XL-BK-Pigment-Black/dp/B00ATZ9K0C
Title not found,Brand not found,Discount not found,Price not found,Stock info not found,Rating not found,No social proof available,URL not found
Title not found,Brand not found,Discount not found,Price not found,Stock info not found,Rating not found,No social proof available,URL not found
Pentel Brush Cartridge XFR-AD 10-Pack Black,,"₹3,990","1,957",Only 2 left in stock.,4.3  4.3 out of 5 stars  (143),,https://www.amazon.in/Pentel-brush-cartridge-XFR-AD-10-pack/dp/B00ASV0OYS
"Califone 1114BL 4-Position Mini Stereo Jackbox, Blue",,"₹9,324","3,964",,3.3  3.3 out of 5 stars  (9),,https://www.amazon.in/Califone-4-Position-Mini-Stereo-Jackbox/dp/B00ANSIIZS
"Docket Ruled Perforated Pads, Legal Rule/Size, Canary, 12 50-Sheet Pads/Pack",,"₹22,249","15,570",,Rating not found,,https://www.amazon.in/Docket-Ruled-Perforated-Canary-50-Sheet/dp/B00A89S0UU
Title not found,Brand not found,Discount not found,Price not found,Stock info not found,Rating not found,No social proof available,URL not found
Title not found,Brand not found,Discount not found,Price not found,Stock info not found,Rating not found,No social proof available,URL not found
Title not found,Brand not found,Discount not found,Price not found,Stock info not found,Rating not found,No social proof available,URL not found
"Safco Products 9419CY Vertical Desk Top Sorter, 11 Compartment, Cherry",,Discount not found,Price not found,Stock info not found,3.8  3.8 out of 5 stars  (255),,https://www.amazon.in/Products-Vertical-Desktop-Compartment-9419CY/dp/B009YUXV7G
Title not found,Brand not found,Discount not found,Price not found,Stock info not found,Rating not found,No social proof available,URL not found
Title not found,Brand not found,Discount not found,Price not found,Stock info not found,Rating not found,No social proof available,URL not found
Title not found,Brand not found,Discount not found,Price not found,Stock info not found,Rating not found,No social proof available,URL not found
Title not found,Brand not found,Discount not found,Price not found,Stock info not found,Rating not found,No social proof available,URL not found
Canon PIXMA Pro 100 A3 Wi-Fi Single Function Printer (Black and Silver),"Visit the store, Canon    Canon   Visit the store",Discount not found,Price not found,Stock info not found,Rating not found,,https://www.amazon.in/Canon-Single-Function-Printer-Silver/dp/B0095F5BCS
"10N0202 (16, 26) Ink, 625 Page-Yield, 2/Pack, Black; Tri-Color",,Discount not found,Price not found,Stock info not found,3.8  3.8 out of 5 stars  (47),,https://www.amazon.in/10N0202-Page-Yield-Pack-Black-Tri-Color/dp/B008OSRQ34
Title not found,Brand not found,Discount not found,Price not found,Stock info not found,Rating not found,No social proof available,URL not found
"Adler P-419, PD-5, PD-9 and PD-10 Calculator Ink Roller, Compatible, Purple",,"₹4,429","3,098",,Rating not found,,https://www.amazon.in/Adler-Calculator-Roller-Compatible-Purple/dp/B008CTGV8G
Title not found,Brand not found,Discount not found,Price not found,Stock info not found,Rating not found,No social proof available,URL not found
"Swartz Ink Products-""Package of Three"" Olivetti Lettera 21, 25, 31, 32, 35, 36, 36C, 82 and S14 Typewriter Ribbon, Compatible, Black",,"₹6,149","4,300",,Rating not found,,https://www.amazon.in/Swartz-Ink-Products-Typewriter-Compatible/dp/B0085EY0WW
Title not found,Brand not found,Discount not found,Price not found,Stock info not found,Rating not found,No social proof available,URL not found
"Pentel Arts Color Pen, Light Gray, Box of 12 (S360-112)",,Discount not found,Price not found,Stock info not found,5.0  5.0 out of 5 stars  (1),,https://www.amazon.in/Pentel-Arts-Color-Light-S360-112/dp/B0076WW1FM
Title not found,Brand not found,Discount not found,Price not found,Stock info not found,Rating not found,No social proof available,URL not found
Title not found,Brand not found,Discount not found,Price not found,Stock info not found,Rating not found,No social proof available,URL not found
Title not found,Brand not found,Discount not found,Price not found,Stock info not found,Rating not found,No social proof available,URL not found
Title not found,Brand not found,Discount not found,Price not found,Stock info not found,Rating not found,No social proof available,URL not found
Title not found,Brand not found,Discount not found,Price not found,Stock info not found,Rating not found,No social proof available,URL not found
Title not found,Brand not found,Discount not found,Price not found,Stock info not found,Rating not found,No social proof available,URL not found
"Katun Performance 37411 Remanufactured Toner Cartridge for HP CC533A, Magenta",,Discount not found,"14,232",,Rating not found,,https://www.amazon.in/Katun-Performance-37411-Remanufactured-Cartridge/dp/B0060BEYBO
Title not found,Brand not found,Discount not found,Price not found,Stock info not found,Rating not found,No social proof available,URL not found
TOP63980 - TOPS Docket Gold Legal Pad,,Discount not found,Price not found,Stock info not found,Rating not found,,https://www.amazon.in/TOP63980-TOPS-Docket-Gold-Legal/dp/B005KTY430
Title not found,Brand not found,Discount not found,Price not found,Stock info not found,Rating not found,No social proof available,URL not found
Versacraft Ink Pad-White,,"₹4,211.68",Price not found,,4.0  4.0 out of 5 stars  (23),,https://www.amazon.in/Tsukineko-Versacraft-Ink-Pad-White/dp/B005IRBV8A
Title not found,Brand not found,Discount not found,Price not found,Stock info not found,Rating not found,No social proof available,URL not found
Title not found,Brand not found,Discount not found,Price not found,Stock info not found,Rating not found,No social proof available,URL not found
Title not found,Brand not found,Discount not found,Price not found,Stock info not found,Rating not found,No social proof available,URL not found
Title not found,Brand not found,Discount not found,Price not found,Stock info not found,Rating not found,No social proof available,URL not found
Title not found,Brand not found,Discount not found,Price not found,Stock info not found,Rating not found,No social proof available,URL not found
Title not found,Brand not found,Discount not found,Price not found,Stock info not found,Rating not found,No social proof available,URL not found
Zebra YMCKO Printer Ribbon 800015-440,,"₹28,678.65","12,503",,4.4  4.4 out of 5 stars  (16),,https://www.amazon.in/Zebra-800015-440-YMCKO-Ribbon-Prints/dp/B0050CKZFI
Title not found,Brand not found,Discount not found,Price not found,Stock info not found,Rating not found,No social proof available,URL not found
Title not found,Brand not found,Discount not found,Price not found,Stock info not found,Rating not found,No social proof available,URL not found
RapidPrint/Widmer Universal Time and Date Stamp Ink Ribbon (Black),,Discount not found,"2,445",,Rating not found,,https://www.amazon.in/RapidPrint-Widmer-Universal-Stamp-Ribbon/dp/B004VTOQ3S
USB Printer Cable for Lexmark X2600 with Life Time Warranty,,"₹6,299",Price not found,,4.3  4.3 out of 5 stars  (7),,https://www.amazon.in/Printer-Cable-Lexmark-X2600-Warranty/dp/B004PRO5SC
Title not found,Brand not found,Discount not found,Price not found,Stock info not found,Rating not found,No social proof available,URL not found
Title not found,Brand not found,Discount not found,Price not found,Stock info not found,Rating not found,No social proof available,URL not found
Title not found,Brand not found,Discount not found,Price not found,Stock info not found,Rating not found,No social proof available,URL not found
Title not found,Brand not found,Discount not found,Price not found,Stock info not found,Rating not found,No social proof available,URL not found
Title not found,Brand not found,Discount not found,Price not found,Stock info not found,Rating not found,No social proof available,URL not found
Title not found,Brand not found,Discount not found,Price not found,Stock info not found,Rating not found,No social proof available,URL not found
Title not found,Brand not found,Discount not found,Price not found,Stock info not found,Rating not found,No social proof available,URL not found
Toner CyanPages 20.000,,Discount not found,Price not found,Stock info not found,Rating not found,,https://www.amazon.in/Lexmark-C792X2CG-Toner-CyanPages-20-000/dp/B0047E5BN6
Title not found,Brand not found,Discount not found,Price not found,Stock info not found,Rating not found,No social proof available,URL not found
Title not found,Brand not found,Discount not found,Price not found,Stock info not found,Rating not found,No social proof available,URL not found
Amsahr Citizen 120D/GSX 140 Universal Black - 6 per Pack,,"₹12,821.25","5,738",,Rating not found,,https://www.amazon.in/Amsahr-Citizen-120D-Universal-Black/dp/B0044M49L6
Title not found,Brand not found,Discount not found,Price not found,Stock info not found,Rating not found,No social proof available,URL not found
Title not found,Brand not found,Discount not found,Price not found,Stock info not found,Rating not found,No social proof available,URL not found
Title not found,Brand not found,Discount not found,Price not found,Stock info not found,Rating not found,No social proof available,URL not found
"Epson 7762L Ribbon, Black by Epson",Visit the Epson Store,Discount not found,Price not found,Stock info not found,4.5  4.5 out of 5 stars  (2),,https://www.amazon.in/Epson-7762L-Ribbon-Black/dp/B003M0UFDM
Title not found,Brand not found,Discount not found,Price not found,Stock info not found,Rating not found,No social proof available,URL not found
Title not found,Brand not found,Discount not found,Price not found,Stock info not found,Rating not found,No social proof available,URL not found
Title not found,Brand not found,Discount not found,Price not found,Stock info not found,Rating not found,No social proof available,URL not found
Title not found,Brand not found,Discount not found,Price not found,Stock info not found,Rating not found,No social proof available,URL not found
Title not found,Brand not found,Discount not found,Price not found,Stock info not found,Rating not found,No social proof available,URL not found
Pacific Handy Cutter Handy Box Cutter Tap Open Tap Close 12 BX Assorted Colors - - Sold as 2 Packs of - 12 - - Total of 24 Each,,Discount not found,Price not found,Stock info not found,3.8  3.8 out of 5 stars,,https://www.amazon.in/Pacific-Handy-Cutter-Assorted-Colors/dp/B0030C40II
"Read Right PathKleen Printer Paper Cleaner Sheets 8.5 x 11 Inches, 10 Sheets",,"₹5,878","2,885",,3.6  3.6 out of 5 stars  (583),,https://www.amazon.in/PathKleen-Printer-Cleaning-Package-RR1237/dp/B002XJ0JKC
INK-(32/32) BLK MULTIPACK,,"₹7,367.26",Price not found,,4.3  4.3 out of 5 stars  (109),,https://www.amazon.in/INK-32-BLK-MULTIPACK/dp/B002RW084C
Title not found,Brand not found,Discount not found,Price not found,Stock info not found,Rating not found,No social proof available,URL not found
Title not found,Brand not found,Discount not found,Price not found,Stock info not found,Rating not found,No social proof available,URL not found
Title not found,Brand not found,Discount not found,Price not found,Stock info not found,Rating not found,No social proof available,URL not found
5 Packs PGI-5BK CLI-8 compatible Ink Cartriges with CHIPs,,"₹3,819","2,673",,Rating not found,,https://www.amazon.in/Packs-PGI-5BK-CLI-8-compatible-Cartriges/dp/B002OLAUJY
Title not found,Brand not found,Discount not found,Price not found,Stock info not found,Rating not found,No social proof available,URL not found
Title not found,Brand not found,Discount not found,Price not found,Stock info not found,Rating not found,No social proof available,URL not found
GENERAL RIBBON CORPORATION 1 RIBBON NYLON BLACK 1/2 X 10 YARDS FOR UNIVERSAL TYPEWRITER SPOOL T2-77B,,"₹2,999","2,482",,Rating not found,,https://www.amazon.in/GENERAL-RIBBON-CORPORATION-UNIVERSAL-TYPEWRITER/dp/B002IDW2IU
Title not found,Brand not found,Discount not found,Price not found,Stock info not found,Rating not found,No social proof available,URL not found
Title not found,Brand not found,Discount not found,Price not found,Stock info not found,Rating not found,No social proof available,URL not found
Title not found,Brand not found,Discount not found,Price not found,Stock info not found,Rating not found,No social proof available,URL not found
Title not found,Brand not found,Discount not found,Price not found,Stock info not found,Rating not found,No social proof available,URL not found
Title not found,Brand not found,Discount not found,Price not found,Stock info not found,Rating not found,No social proof available,URL not found
Title not found,Brand not found,Discount not found,Price not found,Stock info not found,Rating not found,No social proof available,URL not found
Title not found,Brand not found,Discount not found,Price not found,Stock info not found,Rating not found,No social proof available,URL not found
Title not found,Brand not found,Discount not found,Price not found,Stock info not found,Rating not found,No social proof available,URL not found
Title not found,Brand not found,Discount not found,Price not found,Stock info not found,Rating not found,No social proof available,URL not found
Lexmark Sheet Drawer/550sh f E260/E360 New Retail,,Discount not found,Price not found,Stock info not found,5.0  5.0 out of 5 stars  (4),,https://www.amazon.in/Sheet-drawer-550sh-E260-Retail/dp/B001J8D2QQ
Title not found,Brand not found,Discount not found,Price not found,Stock info not found,Rating not found,No social proof available,URL not found
Title not found,Brand not found,Discount not found,Price not found,Stock info not found,Rating not found,No social proof available,URL not found
Hampton Art SP2102 Black Jumbo Washable Ink Pad,,Discount not found,Price not found,Stock info not found,4.3  4.3 out of 5 stars  (124),,https://www.amazon.in/Hampton-Art-Black-Jumbo-Washable/dp/B001F0G2YW
"Alvin Storage Bags, Pack of 4 (EB4)",,"₹5,330","2,462",,3.5  3.5 out of 5 stars  (62),,https://www.amazon.in/Alvin-4-Piece-Everything-Bag-EB4/dp/B001E0DTMQ
General Ribbon Grc Smithcorona T369-Tf - 1-Tack Free Liftoff Tape (Office Supply / Ribbon),,"₹6,329","4,430",,Rating not found,,https://www.amazon.in/GENERAL-RIBBON-GENT369-Smithcorona-T369-Tf/dp/B001D4ALEW
Title not found,Brand not found,Discount not found,Price not found,Stock info not found,Rating not found,No social proof available,URL not found
Title not found,Brand not found,Discount not found,Price not found,Stock info not found,Rating not found,No social proof available,URL not found
"Sanford Sharpie Accent Pocket Style Highlighter, Chisel Tip, Fluorescent Green, 12/Pack (27026)","Visit the store, SHARPIE    SHARPIE   Visit the store","₹2,992","2,856",,Rating not found,,https://www.amazon.in/Sanford-Sharpie-Highlighter-Fluorescent-27026/dp/B001B0D79O
Title not found,Brand not found,Discount not found,Price not found,Stock info not found,Rating not found,No social proof available,URL not found
Title not found,Brand not found,Discount not found,Price not found,Stock info not found,Rating not found,No social proof available,URL not found
Title not found,Brand not found,Discount not found,Price not found,Stock info not found,Rating not found,No social proof available,URL not found
R3011 Evolis YMCKO Color Printer Ribbon - 200 prints,,"₹22,999","15,088",,4.2  4.2 out of 5 stars  (102),,https://www.amazon.in/R3011-Evolis-YMCKO-Printer-Ribbon/dp/B0013MZ6KI
HDP5000 Ymckk:full-color Ribbon with 2 Resin Black PANELS500 Images,,Discount not found,Price not found,Stock info not found,4.1  4.1 out of 5 stars  (21),,https://www.amazon.in/HDP5000-Ymckk-full-color-Ribbon-PANELS500/dp/B0013MVH1K
Tattered Rose Distress Ink Pad,,"₹7,550.40","3,127",,5.0  5.0 out of 5 stars  (1),,https://www.amazon.in/Tattered-Rose-Distress-Ink-Pad/dp/B0013JPFJ8
Toner Yellow High YieldPages 10.000,,Discount not found,Price not found,Stock info not found,2.8  2.8 out of 5 stars  (2),,https://www.amazon.in/Toner-Yellow-High-YieldPages-10-000/dp/B0012GBRLW
Title not found,Brand not found,Discount not found,Price not found,Stock info not found,Rating not found,No social proof available,URL not found
Title not found,Brand not found,Discount not found,Price not found,Stock info not found,Rating not found,No social proof available,URL not found
Fargo 84051 HDP Color Ribbon for HDP5000 / HDPii,,"₹15,899","15,609",In stock,4.3  4.3 out of 5 stars  (84),,https://www.amazon.in/Fargo-84051-Color-Ribbon-HDP5000/dp/B000W3SYFS
Title not found,Brand not found,Discount not found,Price not found,Stock info not found,Rating not found,No social proof available,URL not found
KYOCERA SH-10 STAPLE FOR DF-710/BF-710-1903JY0000,,Discount not found,Price not found,Stock info not found,4.9  4.9 out of 5 stars,,https://www.amazon.in/KYOCERA-SH-10-STAPLE-DF-710-BF-710-1903JY0000/dp/B000VUPZE0
Title not found,Brand not found,Discount not found,Price not found,Stock info not found,Rating not found,No social proof available,URL not found
Title not found,Brand not found,Discount not found,Price not found,Stock info not found,Rating not found,No social proof available,URL not found
Lexmark 18C1523#23 Ink Cartridge-Black,,"₹8,260.20","3,914",,3.8  3.8 out of 5 stars,,https://www.amazon.in/Lexmark-18C1523-23-Ink-Cartridge-Black/dp/B000PKPRO4
Title not found,Brand not found,Discount not found,Price not found,Stock info not found,Rating not found,No social proof available,URL not found
Title not found,Brand not found,Discount not found,Price not found,Stock info not found,Rating not found,No social proof available,URL not found
Title not found,Brand not found,Discount not found,Price not found,Stock info not found,Rating not found,No social proof available,URL not found
Brother LC51M Compatible Magenta Ink Cartridge - Retail Packaging,Visit the Brother Store,Discount not found,Price not found,Stock info not found,4.4  4.4 out of 5 stars  (74),,https://www.amazon.in/Brother-Innobella-LC51M-Cartridge-Magenta/dp/B000GFK03G
LEXX644X11A - X644X11A Extra High-Yield Toner,,"₹32,680.05","18,904",,3.5  3.5 out of 5 stars  (2),,https://www.amazon.in/LEXX644X11A-X644X11A-Extra-High-Yield-Toner/dp/B000EYYLQG
Title not found,Brand not found,Discount not found,Price not found,Stock info not found,Rating not found,No social proof available,URL not found
Canon PGI-5 BK 0628B009 2-Pack Pigment Black Ink Tanks,"Visit the store, Canon    Canon   Visit the store",Discount not found,Price not found,Stock info not found,Rating not found,,https://www.amazon.in/Canon-PGI-5-0628B009-2-Pack-Pigment/dp/B000BV0AYY
Title not found,Brand not found,Discount not found,Price not found,Stock info not found,Rating not found,No social proof available,URL not found
Canon CLI-8PM Photo Ink Tank-Magenta,"Visit the store, Canon    Canon   Visit the store","₹7,429","5,200",,Rating not found,,https://www.amazon.in/Canon-CLI-8PM-Photo-Ink-Tank-Magenta/dp/B000AYH7XO
Title not found,Brand not found,Discount not found,Price not found,Stock info not found,Rating not found,No social proof available,URL not found
Title not found,Brand not found,Discount not found,Price not found,Stock info not found,Rating not found,No social proof available,URL not found
Title not found,Brand not found,Discount not found,Price not found,Stock info not found,Rating not found,No social proof available,URL not found
Title not found,Brand not found,Discount not found,Price not found,Stock info not found,Rating not found,No social proof available,URL not found
Wasp Technologies - Wasp Extra - Thermal Resin - Print Ribbon - 4.3 in X 820 Ft,,"₹11,872","4,994",,Rating not found,,https://www.amazon.in/Wasp-Technologies-Extra-Thermal-Ribbon/dp/B00080VKEW
ACRYLIC CADMIUM ORANGE 90ml,,"₹3,801","2,690",,4.7  4.7 out of 5 stars  (139),,https://www.amazon.in/Grumbacher-Academy-Acrylic-Cadmium-Orange/dp/B0006SJTBW
Title not found,Brand not found,Discount not found,Price not found,Stock info not found,Rating not found,No social proof available,URL not found
Title not found,Brand not found,Discount not found,Price not found,Stock info not found,Rating not found,No social proof available,URL not found
Title not found,Brand not found,Discount not found,Price not found,Stock info not found,Rating not found,No social proof available,URL not found
Title not found,Brand not found,Discount not found,Price not found,Stock info not found,Rating not found,No social proof available,URL not found
Epson DURABrite Standard Capacity Inkjet Cartridge (Black) (T044120),Visit the Epson Store,Discount not found,Price not found,Stock info not found,4.3  4.3 out of 5 stars  (63),,https://www.amazon.in/Epson-DURABrite-Standard-Cartridge-T044120/dp/B0000C1ZNE
"Sharpie Mean Streak Permanent Marking Stick, Bullet Tip, White (Pack of 12)","Visit the store, SHARPIE    SHARPIE   Visit the store","₹21,444.15","18,024",,Rating not found,,https://www.amazon.in/Sharpie-Streak-Permanent-Marking-Bullet/dp/B00006Y03A
Title not found,Brand not found,Discount not found,Price not found,Stock info not found,Rating not found,No social proof available,URL not found
Title not found,Brand not found,Discount not found,Price not found,Stock info not found,Rating not found,No social proof available,URL not found
"Nu-kote Model BR80C-6 Red/Black Nylon Ribbons, Pack Of 6",,"₹3,600","1,623",Only 1 left in stock.,Rating not found,,https://www.amazon.in/Nu-kote-Model-BR80C-6-Black-Ribbons/dp/B00006ICR9
"Nu-kote Model NK80BRC-2 Red/Black Nylon Ribbons, Pack Of 2",,"₹4,218","1,355",,Rating not found,,https://www.amazon.in/Nu-kote-Model-NK80BRC-2-Black-Ribbons/dp/B00006ICR4
Title not found,Brand not found,Discount not found,Price not found,Stock info not found,Rating not found,No social proof available,URL not found
"TallyGenicom LA30R-KA (LA30RKA) LA30N, LA36N Black Fabric Ribbon Cartridge (2M Characters)",,Discount not found,Price not found,,Rating not found,,https://www.amazon.in/TallyGenicom-LA30R-KA-LA30RKA-Cartridge-Characters/dp/B000067T01
Title not found,Brand not found,Discount not found,Price not found,Stock info not found,Rating not found,No social proof available,URL not found
Okidata Ribbon Nylon 1/2 x33yds (Black),,"₹15,559","10,888",,4.4  4.4 out of 5 stars  (8),,https://www.amazon.in/Okidata-Ribbon-Nylon-x33yds-Black/dp/B00000J19Y
Okidata Black Nylon Ribbon for Microline 320/321 Printers -5/6-Inch x 2 Yards,,Discount not found,"3,000",,Rating not found,,https://www.amazon.in/Okidata-Ribbon-Microline-Printers-6-Inch/dp/B00000J19B
Title not found,Brand not found,Discount not found,Price not found,Stock info not found,Rating not found,No social proof available,URL not found
Title not found,Brand not found,Discount not found,Price not found,Stock info not found,Rating not found,No social proof available,URL not found
Title not found,Brand not found,Discount not found,Price not found,Stock info not found,Rating not found,No social proof available,URL not found
Title not found,Brand not found,Discount not found,Price not found,Stock info not found,Rating not found,No social proof available,URL not found
Title not found,Brand not found,Discount not found,Price not found,Stock info not found,Rating not found,No social proof available,URL not found
Title not found,Brand not found,Discount not found,Price not found,Stock info not found,Rating not found,No social proof available,URL not found
Title not found,Brand not found,Discount not found,Price not found,Stock info not found,Rating not found,No social proof available,URL not found
Title not found,Brand not found,Discount not found,Price not found,Stock info not found,Rating not found,No social proof available,URL not found
Title not found,Brand not found,Discount not found,Price not found,Stock info not found,Rating not found,No social proof available,URL not found
Title not found,Brand not found,Discount not found,Price not found,Stock info not found,Rating not found,No social proof available,URL not found
Title not found,Brand not found,Discount not found,Price not found,Stock info not found,Rating not found,No social proof available,URL not found
Title not found,Brand not found,Discount not found,Price not found,Stock info not found,Rating not found,No social proof available,URL not found
Title not found,Brand not found,Discount not found,Price not found,Stock info not found,Rating not found,No social proof available,URL not found
Title not found,Brand not found,Discount not found,Price not found,Stock info not found,Rating not found,No social proof available,URL not found
Title not found,Brand not found,Discount not found,Price not found,Stock info not found,Rating not found,No social proof available,URL not found
Ketsicart 3D Printer J-head Nozzle 3mm/0.5mm for 3D Bowden Extruder Long Distance,,Discount not found,Price not found,Stock info not found,Rating not found,,https://www.amazon.in/Ketsicart-Printer-J-head-Extruder-Distance/dp/B0CKLQNRC1
Title not found,Brand not found,Discount not found,Price not found,Stock info not found,Rating not found,No social proof available,URL not found
Title not found,Brand not found,Discount not found,Price not found,Stock info not found,Rating not found,No social proof available,URL not found
Title not found,Brand not found,Discount not found,Price not found,Stock info not found,Rating not found,No social proof available,URL not found
Title not found,Brand not found,Discount not found,Price not found,Stock info not found,Rating not found,No social proof available,URL not found
Ketsicart M6 x 30MM Nozzle Throat for 3D Printer Extruder 1.75mm Filament Makerbot,,Discount not found,Price not found,Stock info not found,Rating not found,,https://www.amazon.in/Ketsicart-Printer-Extruder-Filament-Makerbot/dp/B0CKLQ6FNH
Ketsicart M6x30MM Nozzle Throat for 3D Printer Extruder 1.75mm Filament Makerbot,,Discount not found,Price not found,Stock info not found,Rating not found,,https://www.amazon.in/Ketsicart-M6x30MM-Extruder-Filament-Makerbot/dp/B0CKLQ3871
Ketsicart Heater Print Nozzle Extruder for MK8 Makerbot 3D Printer Brass Kit Hot New,,Discount not found,Price not found,Stock info not found,Rating not found,,https://www.amazon.in/Ketsicart-Heater-Extruder-Makerbot-Printer/dp/B0CKLPXGX2
Title not found,Brand not found,Discount not found,Price not found,Stock info not found,Rating not found,No social proof available,URL not found
Ketsicart Metal 3D Printer Parts Extruder J-Head Hotend for 3mm 0.5mm Nozzle Long,,Discount not found,Price not found,Stock info not found,Rating not found,,https://www.amazon.in/Ketsicart-Printer-Extruder-J-Head-Hotend/dp/B0CKLPVR6D
Ketsicart 3D Printer CNC 2020 Profile Triple-cornered Bracket Boat Gasket Nut Flat He G5L4,,Discount not found,Price not found,Stock info not found,,,https://www.amazon.in/Ketsicart-Printer-Profile-Triple-cornered-Bracket/dp/B0CKLPTQK7
Title not found,Brand not found,Discount not found,Price not found,Stock info not found,Rating not found,No social proof available,URL not found
Title not found,Brand not found,Discount not found,Price not found,Stock info not found,Rating not found,No social proof available,URL not found
Ketsicart 1.75mm to 0.4mm MK8 Nozzle Print Head Assembled for Extruder 3D Printer Z1B3,,Discount not found,Price not found,Stock info not found,Rating not found,,https://www.amazon.in/Ketsicart-1-75mm-Assembled-Extruder-Printer/dp/B0CKLPCJMH
Title not found,Brand not found,Discount not found,Price not found,Stock info not found,Rating not found,No social proof available,URL not found
Ketsicart 8Pack 0.4 mm 3D Printer Extruder M6 Stainless Steel Nozzle Print Head for 1 C3S1,,Discount not found,Price not found,Stock info not found,Rating not found,,https://www.amazon.in/Ketsicart-Printer-Extruder-Stainless-Nozzle/dp/B0CKLNZ2XL
Title not found,Brand not found,Discount not found,Price not found,Stock info not found,Rating not found,No social proof available,URL not found
Title not found,Brand not found,Discount not found,Price not found,Stock info not found,Rating not found,No social proof available,URL not found
Ketsicart 5PCS Barrel M6 X 30 Teflon Nozzle Throat for MK8 Tube Makerbot 3D Printer E W9Z1,,Discount not found,Price not found,Stock info not found,,,https://www.amazon.in/Ketsicart-Barrel-Teflon-Makerbot-Printer/dp/B0CKLNL8MB
Title not found,Brand not found,Discount not found,Price not found,Stock info not found,Rating not found,No social proof available,URL not found
Title not found,Brand not found,Discount not found,Price not found,Stock info not found,Rating not found,No social proof available,URL not found
Title not found,Brand not found,Discount not found,Price not found,Stock info not found,Rating not found,No social proof available,URL not found
Title not found,Brand not found,Discount not found,Price not found,Stock info not found,Rating not found,No social proof available,URL not found
Ketsicart 1*GT2 Belt + 10*GT2 Pulley for Prusa for 3D Printer Hot,,Discount not found,Price not found,Stock info not found,,,https://www.amazon.in/Ketsicart-Belt-Pulley-Prusa-Printer/dp/B0CK2JRLKS
Title not found,Brand not found,Discount not found,Price not found,Stock info not found,Rating not found,No social proof available,URL not found
Ketsicart 3D Printer J-Head Nozzle 3mm/0.5mm for 3D Bowden Extruder Short Distance,,Discount not found,Price not found,Stock info not found,Rating not found,,https://www.amazon.in/Ketsicart-Printer-J-Head-Extruder-Distance/dp/B0CK2DB3FM
Ketsicart Metal 3D Printer Nozzle Bowden Extruder HotEnd Nozzle 0.4mm/1.75mm for MK8,,Discount not found,Price not found,Stock info not found,Rating not found,,https://www.amazon.in/Ketsicart-Printer-Nozzle-Bowden-Extruder/dp/B0CK2D1344
Title not found,Brand not found,Discount not found,Price not found,Stock info not found,Rating not found,No social proof available,URL not found
Title not found,Brand not found,Discount not found,Price not found,Stock info not found,Rating not found,No social proof available,URL not found
Ketsicart 3pcs 3D Printer 0.4mm Extruder Nozzle Print Head for MK8 Makerbot Repap,,Discount not found,Price not found,Stock info not found,Rating not found,,https://www.amazon.in/Ketsicart-Printer-Extruder-Nozzle-Makerbot/dp/B0CK22JJNW
Ketsicart Nozzles for 3D Printer Copper Nozzle Head Hotend M6 Filament 0.2-0.8mm New Top,,Discount not found,Price not found,Stock info not found,Rating not found,,https://www.amazon.in/Ketsicart-Nozzles-Printer-Filament-0-2-0-8mm/dp/B0CK21W7F1
Title not found,Brand not found,Discount not found,Price not found,Stock info not found,Rating not found,No social proof available,URL not found
Title not found,Brand not found,Discount not found,Price not found,Stock info not found,Rating not found,No social proof available,URL not found
Title not found,Brand not found,Discount not found,Price not found,Stock info not found,Rating not found,No social proof available,URL not found
Title not found,Brand not found,Discount not found,Price not found,Stock info not found,Rating not found,No social proof available,URL not found
Title not found,Brand not found,Discount not found,Price not found,Stock info not found,Rating not found,No social proof available,URL not found
Title not found,Brand not found,Discount not found,Price not found,Stock info not found,Rating not found,No social proof available,URL not found
Title not found,Brand not found,Discount not found,Price not found,Stock info not found,Rating not found,No social proof available,URL not found
Title not found,Brand not found,Discount not found,Price not found,Stock info not found,Rating not found,No social proof available,URL not found
Title not found,Brand not found,Discount not found,Price not found,Stock info not found,Rating not found,No social proof available,URL not found
Title not found,Brand not found,Discount not found,Price not found,Stock info not found,Rating not found,No social proof available,URL not found
Title not found,Brand not found,Discount not found,Price not found,Stock info not found,Rating not found,No social proof available,URL not found
Title not found,Brand not found,Discount not found,Price not found,Stock info not found,Rating not found,No social proof available,URL not found
Title not found,Brand not found,Discount not found,Price not found,Stock info not found,Rating not found,No social proof available,URL not found
Title not found,Brand not found,Discount not found,Price not found,Stock info not found,Rating not found,No social proof available,URL not found
Title not found,Brand not found,Discount not found,Price not found,Stock info not found,Rating not found,No social proof available,URL not found
Title not found,Brand not found,Discount not found,Price not found,Stock info not found,Rating not found,No social proof available,URL not found
Title not found,Brand not found,Discount not found,Price not found,Stock info not found,Rating not found,No social proof available,URL not found
"Sanyipace Mini Printer for Phone, Pocket Photo Printer,Bluetooth Portable Thermal Printer for Photo,QR Code, List, Small Printer Compatible with iOS/Android/Windows/Mac (Pink)'$",,Discount not found,Price not found,Stock info not found,Rating not found,,https://www.amazon.in/ADIUM-Sanyipace-Bluetooth-Portable-Compatible/dp/B0CG5PJ457
Title not found,Brand not found,Discount not found,Price not found,Stock info not found,Rating not found,No social proof available,URL not found
"Floppy Front Panel, USB2.0 Front Panel 9 Pin to 4 Interface Professional Multifunctional Plug and Play for Photos for Transfer Videos for Music'$",,Discount not found,Price not found,Stock info not found,Rating not found,,https://www.amazon.in/Floppy-Interface-Professional-Multifunctional-Transfer/dp/B0CG5P69B4
Title not found,Brand not found,Discount not found,Price not found,Stock info not found,Rating not found,No social proof available,URL not found
"Thermal pad, 100K thermistor silicone heating pad for 3D printer hot bed DC12V'$",,Discount not found,Price not found,Stock info not found,Rating not found,,https://www.amazon.in/Thermal-thermistor-silicone-heating-printer/dp/B0CG5N8WTC
"Sanyipace Thermal Printer, Mini Pocket Bluetooth Printer, Portable Smart Printer for Photo/Lable/Card/Document/Web Printing, Small Cute Printer for Study or Daily Work (Green)'",,Discount not found,Price not found,Stock info not found,Rating not found,,https://www.amazon.in/Adium-Sanyipace-Bluetooth-Portable-Document/dp/B0CD7LRK55
Title not found,Brand not found,Discount not found,Price not found,Stock info not found,Rating not found,No social proof available,URL not found
Title not found,Brand not found,Discount not found,Price not found,Stock info not found,Rating not found,No social proof available,URL not found
Sanyipace PAPERANG P1 Pocket Printer 200 DPI for Study/Work/Fun Portable Wireless HD Thermal Label Printer with 1 Roll White 57mmx30mm Thermal Paper - Green'$,,Discount not found,Price not found,Stock info not found,,,https://www.amazon.in/Sanyipace-PAPERANG-Portable-Wireless-57mmx30mm/dp/B0CG5MMYW1
Title not found,Brand not found,Discount not found,Price not found,Stock info not found,Rating not found,No social proof available,URL not found
"Sanyipace Mini Printer for Phone, Pocket Photo Printer,Bluetooth Portable Thermal Printer for Photo,QR Code, List, Small Printer Compatible with iOS/Android/Windows/Mac (Green)'$",,Discount not found,Price not found,Stock info not found,Rating not found,,https://www.amazon.in/ADIUM-Sanyipace-Bluetooth-Portable-Compatible/dp/B0CG5MK9QK
"Sanyipace Mini Printer for Phone, Pocket Photo Printer,Bluetooth Portable Thermal Printer for Photo,QR Code, List, Small Printer Compatible with iOS/Android/Windows/Mac (White)'$",,Discount not found,Price not found,Stock info not found,,,https://www.amazon.in/ADIUM-Sanyipace-Bluetooth-Portable-Compatible/dp/B0CG5MFRHN
Title not found,Brand not found,Discount not found,Price not found,Stock info not found,Rating not found,No social proof available,URL not found
Title not found,Brand not found,Discount not found,Price not found,Stock info not found,Rating not found,No social proof available,URL not found
Sanyipace Mini Portable Wireless Bluetooth Pocket Thermal Printers with 1 Rolls Printing Paper for Android iOS Smartphone (Pink)'$,,Discount not found,Price not found,Stock info not found,Rating not found,,https://www.amazon.in/ADIUM-Sanyipace-Portable-Bluetooth-Smartphone/dp/B0CG5LYHZV
Title not found,Brand not found,Discount not found,Price not found,Stock info not found,Rating not found,No social proof available,URL not found
"Ubersweet® Laser Air Assist Pump 60W, Laser Cutting Air Assist Pump Low Vibration Clean Cuts 80L/min Stable for Industrial Use (MPQ-904A(DC24V))",,Discount not found,Price not found,Stock info not found,,,https://www.amazon.in/Ubersweet%C2%AE-Cutting-Vibration-Industrial-MPQ-904A/dp/B0CG5LRJL3
"Ubersweet® Laser Cutter Assist Pump, Reliable Performance Low Vibration Laser Air Assist Pump DC12V Aluminum Alloy for Industry (MPQ-902)",,Discount not found,Price not found,Stock info not found,Rating not found,,https://www.amazon.in/Ubersweet%C2%AE-Reliable-Performance-Vibration-Aluminum/dp/B0CG5LQL9F
"Ubersweet® Laser Air Assist Pump, High Hardness Laser Cutter Assist Pump DC12V Noiseless Robust Stable Performance for Industry (MPQ-902)",,"₹13,499","6,729",,Rating not found,,https://www.amazon.in/Ubersweet%C2%AE-Hardness-Noiseless-Performance-Industry/dp/B0CG5LKM3Q
"Ubersweet® Laser Air Assist Pump 60W, Laser Cutter Air Assist Pump Stable Low Noise Powerful Clean Cuts for Industrial Use (MPQ-904(DC12V))",,Discount not found,Price not found,Stock info not found,Rating not found,,https://www.amazon.in/Ubersweet%C2%AE-Assist-Powerful-Industrial-MPQ-904/dp/B0CG5LDRC2
Title not found,Brand not found,Discount not found,Price not found,Stock info not found,Rating not found,No social proof available,URL not found
Title not found,Brand not found,Discount not found,Price not found,Stock info not found,Rating not found,No social proof available,URL not found
"Ubersweet® Laser Air Assist Pump, High Hardness Stable Performance Low Vibration DC12V Aluminum Alloy Laser Cutter Assist Pump for Industry (MPQ-902)",,"₹13,099","6,549",,Rating not found,,https://www.amazon.in/Ubersweet%C2%AE-Hardness-Performance-Vibration-Aluminum/dp/B0CG5KQ97Q
Title not found,Brand not found,Discount not found,Price not found,Stock info not found,Rating not found,No social proof available,URL not found
Title not found,Brand not found,Discount not found,Price not found,Stock info not found,Rating not found,No social proof available,URL not found
"Silicone Heated Pad, High Temperature Silicone Pad Heater High Thermal Efficiency Conversion Uniform Heat Transfer for 3D Printer Parts'$",,Discount not found,Price not found,Stock info not found,Rating not found,,https://www.amazon.in/Silicone-Temperature-Efficiency-Conversion-Transfer/dp/B0CFY1VGKF
Title not found,Brand not found,Discount not found,Price not found,Stock info not found,Rating not found,No social proof available,URL not found
Title not found,Brand not found,Discount not found,Price not found,Stock info not found,Rating not found,No social proof available,URL not found
Title not found,Brand not found,Discount not found,Price not found,Stock info not found,Rating not found,No social proof available,URL not found
Title not found,Brand not found,Discount not found,Price not found,Stock info not found,Rating not found,No social proof available,URL not found
Title not found,Brand not found,Discount not found,Price not found,Stock info not found,Rating not found,No social proof available,URL not found
Title not found,Brand not found,Discount not found,Price not found,Stock info not found,Rating not found,No social proof available,URL not found
"Synchronous Pulley, Excellent Processing Perfect 3D Printer Pulley Great Replacement with Aluminum Alloy for 3D Printer(20 Teeth Inner Hole 5MM)'$",,Discount not found,Price not found,Stock info not found,Rating not found,,https://www.amazon.in/Synchronous-Excellent-Processing-Replacement-Aluminum/dp/B0CFXZ6R67
Dot Matrix Module Dot Matrix Display Module High Reliability Compact Size for Industrial Equipment Electronic Equipment Factory Business'$,,Discount not found,Price not found,Stock info not found,Rating not found,,https://www.amazon.in/Reliability-Industrial-Equipment-Electronic-Business/dp/B0CFXZ6NWL
Title not found,Brand not found,Discount not found,Price not found,Stock info not found,Rating not found,No social proof available,URL not found
Title not found,Brand not found,Discount not found,Price not found,Stock info not found,Rating not found,No social proof available,URL not found
Title not found,Brand not found,Discount not found,Price not found,Stock info not found,Rating not found,No social proof available,URL not found
Title not found,Brand not found,Discount not found,Price not found,Stock info not found,Rating not found,No social proof available,URL not found
Title not found,Brand not found,Discount not found,Price not found,Stock info not found,Rating not found,No social proof available,URL not found
"3D Printer Pulley, Synchronous Pulley Durable and Long Lasting Perfect with Aluminum Alloy for 3D Printer(20 Teeth Inner Hole 8MM)'$",,Discount not found,Price not found,Stock info not found,Rating not found,,https://www.amazon.in/Printer-Synchronous-Durable-Lasting-Aluminum/dp/B0CFXYGM9F
Title not found,Brand not found,Discount not found,Price not found,Stock info not found,Rating not found,No social proof available,URL not found
Title not found,Brand not found,Discount not found,Price not found,Stock info not found,Rating not found,No social proof available,URL not found
"Printer Accessories, Improve Work Efficiency Reasonable Structure Various Modes Typewriter Ribbon for Printer'$",,Discount not found,Price not found,Stock info not found,Rating not found,,https://www.amazon.in/Accessories-Efficiency-Reasonable-Structure-Typewriter/dp/B0CFXXGH6T
Title not found,Brand not found,Discount not found,Price not found,Stock info not found,Rating not found,No social proof available,URL not found
Title not found,Brand not found,Discount not found,Price not found,Stock info not found,Rating not found,No social proof available,URL not found
Title not found,Brand not found,Discount not found,Price not found,Stock info not found,Rating not found,No social proof available,URL not found
Title not found,Brand not found,Discount not found,Price not found,Stock info not found,Rating not found,No social proof available,URL not found
Title not found,Brand not found,Discount not found,Price not found,Stock info not found,Rating not found,No social proof available,URL not found
Title not found,Brand not found,Discount not found,Price not found,Stock info not found,Rating not found,No social proof available,URL not found
"Ubersweet® Laser Air Assist Pump, Powerful Laser Cutting Air Assist Pump Protect Lens Low Vibration 80L/min for Industrial Use (MPQ‑904A(DC24V))",,"₹27,999","14,678",,,,https://www.amazon.in/Ubersweet%C2%AE-Powerful-Vibration-Industrial-MPQ%E2%80%91904A/dp/B0CFKYHGFK
"Ubersweet® Laser Cutter Air Pump, Stable Shock Absorbing Laser Cutting Air Assist Pump 16W Heat Dissipation for Workshop (DC-30A)",,"₹16,699","8,661",,,,https://www.amazon.in/Ubersweet%C2%AE-Absorbing-Cutting-Dissipation-Workshop/dp/B0CFKY758Z
Title not found,Brand not found,Discount not found,Price not found,Stock info not found,Rating not found,No social proof available,URL not found
Title not found,Brand not found,Discount not found,Price not found,Stock info not found,Rating not found,No social proof available,URL not found
"Ubersweet® Laser Cutter Air Pump, Aluminum Alloy Stable 16W Low Noise Laser Cutting Air Assist Pump for Laboratories (DC-30)",,"₹15,399","7,985",,Rating not found,,https://www.amazon.in/Ubersweet%C2%AE-Cutter-Aluminum-Cutting-Laboratories/dp/B0CFKWXK1J
Title not found,Brand not found,Discount not found,Price not found,Stock info not found,Rating not found,No social proof available,URL not found
Title not found,Brand not found,Discount not found,Price not found,Stock info not found,Rating not found,No social proof available,URL not found
Title not found,Brand not found,Discount not found,Price not found,Stock info not found,Rating not found,No social proof available,URL not found
Title not found,Brand not found,Discount not found,Price not found,Stock info not found,Rating not found,No social proof available,URL not found
Title not found,Brand not found,Discount not found,Price not found,Stock info not found,Rating not found,No social proof available,URL not found
Title not found,Brand not found,Discount not found,Price not found,Stock info not found,Rating not found,No social proof available,URL not found
"Ubersweet® Turning belt, stable transmission Turning Drive belts Low noise Good elasticity for replacement",,"₹3,999","1,948",,Rating not found,,https://www.amazon.in/Ubersweet%C2%AE-Turning-transmission-elasticity-replacement/dp/B0CF8ZDTWJ
"Ubersweet® Air Assist Pump for Laser Cutting, Engraving Machine Air Assist Pump Simple Installation Shock Absorption Stable 16W Low Noise for Laboratories (DC-30A)",,"₹19,199","9,488",,Rating not found,,https://www.amazon.in/Ubersweet%C2%AE-Engraving-Installation-Absorption-Laboratories/dp/B0CF5T52P9
"Ubersweet® Laser Air Assist Pump 60 W, 80 L/min Versatile Laser Cutter Air Assist Pump Low Vibration Protection Lens for Industrial Use (MPQ-904(DC12V))",,"₹26,899","13,288",,,,https://www.amazon.in/Ubersweet%C2%AE-Versatile-Vibration-Protection-Industrial/dp/B0CF5T2726
Title not found,Brand not found,Discount not found,Price not found,Stock info not found,Rating not found,No social proof available,URL not found
Title not found,Brand not found,Discount not found,Price not found,Stock info not found,Rating not found,No social proof available,URL not found
"Ubersweet® Air Assist Pump for Laser Cutting, Engraving Machine Air Assist Pump Simple Installation Shock Absorption Stable 16W Low Noise for Laboratories (DC-30)",,"₹19,199","9,488",,Rating not found,,https://www.amazon.in/Ubersweet%C2%AE-Engraving-Installation-Absorption-Laboratories/dp/B0CF5RL6R9
"Ubersweet® Laser Air Assist Pump, Low Noise 80L/min Laser Cutting Air Assist Pump for Industrial Use (MPQ-904A(DC24V))",,"₹27,099","13,388",,Rating not found,,https://www.amazon.in/Ubersweet%C2%AE-Assist-Cutting-Industrial-MPQ-904A/dp/B0CF5R658G
"Ubersweet® Laser Cutter Air Pump, Laser Cutting Air Assist Pump Shock Absorbing 16W Simple Installation for Workshop (DC-30)",,"₹21,999","10,868",,Rating not found,,https://www.amazon.in/Ubersweet%C2%AE-Cutting-Absorbing-Installation-Workshop/dp/B0CF5QXT2H
Title not found,Brand not found,Discount not found,Price not found,Stock info not found,Rating not found,No social proof available,URL not found
Title not found,Brand not found,Discount not found,Price not found,Stock info not found,Rating not found,No social proof available,URL not found
Title not found,Brand not found,Discount not found,Price not found,Stock info not found,Rating not found,No social proof available,URL not found
Title not found,Brand not found,Discount not found,Price not found,Stock info not found,Rating not found,No social proof available,URL not found
Title not found,Brand not found,Discount not found,Price not found,Stock info not found,Rating not found,No social proof available,URL not found
Title not found,Brand not found,Discount not found,Price not found,Stock info not found,Rating not found,No social proof available,URL not found
Wedinard M4 Thermostat Switch Smaller Size Waterproof Less RF Interference 2 Pieces Sealed Thermal Switch for Coils (20℃),,Discount not found,Price not found,Stock info not found,Rating not found,,https://www.amazon.in/Wedinard-Thermostat-Smaller-Waterproof-Interference/dp/B0CF27FQZR
Wedinard M4 Thermostat Switch Smaller Size Waterproof Less RF Interference 2 Pieces Sealed Thermal Switch for Coils (100℃),,Discount not found,Price not found,Stock info not found,Rating not found,,https://www.amazon.in/Wedinard-Thermostat-Smaller-Waterproof-Interference/dp/B0CF26KTF5
Title not found,Brand not found,Discount not found,Price not found,Stock info not found,Rating not found,No social proof available,URL not found
Title not found,Brand not found,Discount not found,Price not found,Stock info not found,Rating not found,No social proof available,URL not found
Title not found,Brand not found,Discount not found,Price not found,Stock info not found,Rating not found,No social proof available,URL not found
"Ketsicart® Go Kart Replacement Belts, 8.6in X 0.4in X 0.7in Reliable 725 Drive Belt Heat Resistant for 6.5HP Engine for",,Discount not found,Price not found,Stock info not found,Rating not found,,https://www.amazon.in/Ketsicart%C2%AE-Replacement-Reliable-Resistant-Engine/dp/B0CDXLZ4XK
Title not found,Brand not found,Discount not found,Price not found,Stock info not found,Rating not found,No social proof available,URL not found
Title not found,Brand not found,Discount not found,Price not found,Stock info not found,Rating not found,No social proof available,URL not found
Title not found,Brand not found,Discount not found,Price not found,Stock info not found,Rating not found,No social proof available,URL not found
Title not found,Brand not found,Discount not found,Price not found,Stock info not found,Rating not found,No social proof available,URL not found
Title not found,Brand not found,Discount not found,Price not found,Stock info not found,Rating not found,No social proof available,URL not found
Title not found,Brand not found,Discount not found,Price not found,Stock info not found,Rating not found,No social proof available,URL not found
Title not found,Brand not found,Discount not found,Price not found,Stock info not found,Rating not found,No social proof available,URL not found
Title not found,Brand not found,Discount not found,Price not found,Stock info not found,Rating not found,No social proof available,URL not found
Title not found,Brand not found,Discount not found,Price not found,Stock info not found,Rating not found,No social proof available,URL not found
Ketsicart Desktop Thermal Label Printer for 4x6 Shipping Package Label Maker 160mm/s High Speed USB Connection Thermal Sticker Printer Max.110mm Paper Width Compatible with Amazon UPS Shopify Ex,,Discount not found,Price not found,Stock info not found,,,https://www.amazon.in/Ketsicart-Shipping-Connection-Max-110mm-Compatible/dp/B0CDXD3NKK
Title not found,Brand not found,Discount not found,Price not found,Stock info not found,Rating not found,No social proof available,URL not found
Title not found,Brand not found,Discount not found,Price not found,Stock info not found,Rating not found,No social proof available,URL not found
"Ketsicart Printer Head, Stable Performance Closely Fit Colorfast 920 Printhead Rust Resistant for Printer",,Discount not found,Price not found,Stock info not found,Rating not found,,https://www.amazon.in/Ketsicart-Performance-Colorfast-Printhead-Resistant/dp/B0CDXC5JWH
"Ketsicart Printhead, Stable Performance Function Tested Fadeless Rust Proof ABS Printhead Replacement for Work",,Discount not found,Price not found,Stock info not found,Rating not found,,https://www.amazon.in/Ketsicart-Printhead-Performance-Function-Replacement/dp/B0CDXBK3RN
"Ketsicart Printhead Replacement, Fastness Rust Proof Printer Head for Printer Parts",,Discount not found,Price not found,Stock info not found,,,https://www.amazon.in/Ketsicart-Printhead-Replacement-Fastness-Printer/dp/B0CDXB8XBH
Title not found,Brand not found,Discount not found,Price not found,Stock info not found,Rating not found,No social proof available,URL not found
"Ketsicart Printhead Replacement, Rust Proof Fastness Stable Performance Print Head for Printing Machine",,Discount not found,Price not found,Stock info not found,Rating not found,,https://www.amazon.in/Ketsicart-Printhead-Replacement-Fastness-Performance/dp/B0CDX9YTY6
Title not found,Brand not found,Discount not found,Price not found,Stock info not found,Rating not found,No social proof available,URL not found
Title not found,Brand not found,Discount not found,Price not found,Stock info not found,Rating not found,No social proof available,URL not found
"Ketsicart Printer Head, Rust Resistant Colorfast 920 Printhead Stable Performance for Printer",,Discount not found,Price not found,Stock info not found,Rating not found,,https://www.amazon.in/Ketsicart-Resistant-Colorfast-Printhead-Performance/dp/B0CDX9M8X7
Title not found,Brand not found,Discount not found,Price not found,Stock info not found,Rating not found,No social proof available,URL not found
Ketsicart Printhead PPE PPS Lightweight Reliable Rust Resistant Fadeproof Printer Accessory for R250 RX430 Printer Perfect Accessory,,Discount not found,Price not found,Stock info not found,Rating not found,,https://www.amazon.in/Ketsicart-Printhead-Lightweight-Resistant-Fadeproof/dp/B0CDX8X3PL
"Ketsicart Printer Head, Replacement 920 Printhead Stable Performance Colorfast for Printing Shop",,Discount not found,Price not found,Stock info not found,Rating not found,,https://www.amazon.in/Ketsicart-Replacement-Printhead-Performance-Colorfast/dp/B0CDX8TWNR
Title not found,Brand not found,Discount not found,Price not found,Stock info not found,Rating not found,No social proof available,URL not found
Ketsicart Sonic Pad for FDM 3D Printer with Multiple Interfaces 7'' Touchscreen RAM 2G ROM 8G Integrate Design Comaptible with -3 V2 / -3 S1 / -3 S1 Pro Print High Speed and,,Discount not found,Price not found,Stock info not found,,,https://www.amazon.in/Ketsicart-Interfaces-Touchscreen-Integrate-Comaptible/dp/B0CDX8JH1L
"Ketsicart Replacement Printhead, Lightweight Colorfast Printhead Rust Proof High Compatibility for Work",,Discount not found,Price not found,Stock info not found,Rating not found,,https://www.amazon.in/Ketsicart-Replacement-Printhead-Lightweight-Compatibility/dp/B0CDX8FXWV
Title not found,Brand not found,Discount not found,Price not found,Stock info not found,Rating not found,No social proof available,URL not found
"Ketsicart Laser Cutting Air Assist Pump, Laser Cutter Air Pump Low Noise Simple Installation 16W Heat Dissipation for Laboratories (DC-30A)",,Discount not found,Price not found,Stock info not found,Rating not found,,https://www.amazon.in/Ketsicart-Cutting-Installation-Dissipation-Laboratories/dp/B0CDX8983W
"Ketsicart Print Head, High Sensitivity Good Effect Standard Design Printer Printhead for HP6500A HP6000 7000",,Discount not found,Price not found,Stock info not found,Rating not found,,https://www.amazon.in/Ketsicart-Sensitivity-Standard-Printer-Printhead/dp/B0CDX88CLT
Title not found,Brand not found,Discount not found,Price not found,Stock info not found,Rating not found,No social proof available,URL not found
Title not found,Brand not found,Discount not found,Price not found,Stock info not found,Rating not found,No social proof available,URL not found
"Ketsicart Print Head Accessory, Printhead Colour Printing Efficient for HP6500A HP6000 7000",,Discount not found,Price not found,Stock info not found,Rating not found,,https://www.amazon.in/Ketsicart-Accessory-Printhead-Printing-Efficient/dp/B0CDX84ZS2
Title not found,Brand not found,Discount not found,Price not found,Stock info not found,Rating not found,No social proof available,URL not found
Ketsicart Mini Food Printer Bakery Thermal Inkjet Printer Three Color Multi-Line Printing with Rough,,Discount not found,"13,499",Stock info not found,Rating not found,,https://www.amazon.in/Ketsicart-Printer-Thermal-Multi-Line-Printing/dp/B0CDX7VVD6
Title not found,Brand not found,Discount not found,Price not found,Stock info not found,Rating not found,No social proof available,URL not found
Title not found,Brand not found,Discount not found,Price not found,Stock info not found,Rating not found,No social proof available,URL not found
Title not found,Brand not found,Discount not found,Price not found,Stock info not found,Rating not found,No social proof available,URL not found
"Ketsicart Printer Head, Rustproof Colorfast ABS Lightweight 564 Printhead for Printing Machine",,Discount not found,Price not found,Stock info not found,Rating not found,,https://www.amazon.in/Ketsicart-Rustproof-Colorfast-Lightweight-Printhead/dp/B0CDX7NL9Y
Title not found,Brand not found,Discount not found,Price not found,Stock info not found,Rating not found,No social proof available,URL not found
"Ketsicart Replacement Printhead, Rust Proof Colorfast High Compatibility Printhead for Office",,Discount not found,Price not found,Stock info not found,Rating not found,,https://www.amazon.in/Ketsicart-Replacement-Printhead-Colorfast-Compatibility/dp/B0CDX7N1YS
Title not found,Brand not found,Discount not found,Price not found,Stock info not found,Rating not found,No social proof available,URL not found
Title not found,Brand not found,Discount not found,Price not found,Stock info not found,Rating not found,No social proof available,URL not found
Title not found,Brand not found,Discount not found,Price not found,Stock info not found,Rating not found,No social proof available,URL not found
Title not found,Brand not found,Discount not found,Price not found,Stock info not found,Rating not found,No social proof available,URL not found
"Ketsicart Printer Head, Durable Printhead Stable Performance Fadeless ABS for Office",,Discount not found,Price not found,Stock info not found,Rating not found,,https://www.amazon.in/Ketsicart-Printer-Printhead-Performance-Fadeless/dp/B0CDX7CD1C
"Ketsicart BGA Knife Set, Aluminum Alloy SK5 Steel CPU Chip Removal Tool Portable Thin Heat Resistant Easy Operation Wide Application for Maintenance (Green)",,Discount not found,Price not found,Stock info not found,Rating not found,,https://www.amazon.in/Ketsicart-Resistant-Operation-Application-Maintenance/dp/B0CDX74Z3R
Title not found,Brand not found,Discount not found,Price not found,Stock info not found,Rating not found,No social proof available,URL not found
Title not found,Brand not found,Discount not found,Price not found,Stock info not found,Rating not found,No social proof available,URL not found
Title not found,Brand not found,Discount not found,Price not found,Stock info not found,Rating not found,No social proof available,URL not found
"Ketsicart ABS Printhead, Replaceable Rust Proof Print Head Fadeless Lightweight for Work",,Discount not found,Price not found,Stock info not found,Rating not found,,https://www.amazon.in/Ketsicart-Printhead-Replaceable-Fadeless-Lightweight/dp/B0CDX6QXN5
Title not found,Brand not found,Discount not found,Price not found,Stock info not found,Rating not found,No social proof available,URL not found
Title not found,Brand not found,Discount not found,Price not found,Stock info not found,Rating not found,No social proof available,URL not found
Title not found,Brand not found,Discount not found,Price not found,Stock info not found,Rating not found,No social proof available,URL not found
Title not found,Brand not found,Discount not found,Price not found,Stock info not found,Rating not found,No social proof available,URL not found
"Ketsicart Printhead, Guaranteed Fade Resistant ABS Print Head Replacement Rust Resistant for Printing Machine",,Discount not found,Price not found,Stock info not found,Rating not found,,https://www.amazon.in/Ketsicart-Printhead-Guaranteed-Resistant-Replacement/dp/B0CDX6DF4L
"Ketsicart PF 05 Printer Head, Colorfast Easy Operation Lightweight Printhead Replacement ABS for Printing Machine Repair",,Discount not found,Price not found,Stock info not found,Rating not found,,https://www.amazon.in/Ketsicart-Colorfast-Operation-Lightweight-Replacement/dp/B0CDX63M82
Title not found,Brand not found,Discount not found,Price not found,Stock info not found,Rating not found,No social proof available,URL not found
Title not found,Brand not found,Discount not found,Price not found,Stock info not found,Rating not found,No social proof available,URL not found
Title not found,Brand not found,Discount not found,Price not found,Stock info not found,Rating not found,No social proof available,URL not found
Title not found,Brand not found,Discount not found,Price not found,Stock info not found,Rating not found,No social proof available,URL not found
Title not found,Brand not found,Discount not found,Price not found,Stock info not found,Rating not found,No social proof available,URL not found
Wedinard Thin Blade IC Chip Repair Tool Strong Toughness Multifunctional BGA Repair Blade Kit Flexible Safe Super Thin Anti-oxidation for CPU (Green),,Discount not found,Price not found,Stock info not found,Rating not found,,https://www.amazon.in/Wedinard-Toughness-Multifunctional-Flexible-Anti-oxidation/dp/B0CDWK2WTM
Title not found,Brand not found,Discount not found,Price not found,Stock info not found,Rating not found,No social proof available,URL not found
"Wedinard Laser Cutter Air Pump, Aluminum Alloy Stable 16W Low Noise Laser Cutting Air Assist Pump for Laboratories (DC-30)",,Discount not found,Price not found,Stock info not found,Rating not found,,https://www.amazon.in/Wedinard-Cutter-Aluminum-Cutting-Laboratories/dp/B0CDWHHZHF
Title not found,Brand not found,Discount not found,Price not found,Stock info not found,Rating not found,No social proof available,URL not found
Title not found,Brand not found,Discount not found,Price not found,Stock info not found,Rating not found,No social proof available,URL not found
Ketsicart Printhead 4-Slot for HP OfficeJet 920 6500 6000 6500A,,Discount not found,Price not found,Stock info not found,Rating not found,,https://www.amazon.in/Ketsicart-Printhead-4-Slot-OfficeJet-6500A/dp/B0CDSH8SDV
Title not found,Brand not found,Discount not found,Price not found,Stock info not found,Rating not found,No social proof available,URL not found
"Ketsicart Portable Label Printer, Low Cost Printing Continuous Printing Thermal Printer Excellent Structure High Speed Printing for POS System for Transportation Label(#1)",,Discount not found,Price not found,Stock info not found,Rating not found,,https://www.amazon.in/Ketsicart-Continuous-Excellent-Structure-Transportation/dp/B0CDSGZVY7
Title not found,Brand not found,Discount not found,Price not found,Stock info not found,Rating not found,No social proof available,URL not found
"Ketsicart Direct Thermal Label Printer, Desktop Label Printer Shipping Label Printer Fast Printing High Resolution Thermal Printer Portable Label Printer for Logistics/Restaurants/Milk Tea Shops(EU)",,Discount not found,Price not found,Stock info not found,Rating not found,,https://www.amazon.in/Ketsicart-Shipping-Resolution-Logistics-Restaurants/dp/B0CDSGJB78
Title not found,Brand not found,Discount not found,Price not found,Stock info not found,Rating not found,No social proof available,URL not found
Ketsicart DIY Hot End Kit 0.4mm Nozzle & M6 30mm Extruder Throat & 12V 40W Heater & NTC 3950 Thermistor & Aluminum Heater Block for RapRep i3 Anet A2 A8 3D Printer Replacement,,Discount not found,Price not found,Stock info not found,,,https://www.amazon.in/Ketsicart-Extruder-Thermistor-Aluminum-Replacement/dp/B0CDSGCGB1
Title not found,Brand not found,Discount not found,Price not found,Stock info not found,Rating not found,No social proof available,URL not found
"Ketsicart Thermal Pad, Silicone Thermal Pad 450W 100K High Temperature Resistant Thermistor for 3D Printer DC24V",,Discount not found,Price not found,Stock info not found,Rating not found,,https://www.amazon.in/Ketsicart-Silicone-Temperature-Resistant-Thermistor/dp/B0CDSFWMR3
Title not found,Brand not found,Discount not found,Price not found,Stock info not found,Rating not found,No social proof available,URL not found
"Ketsicart Label Printer, Easily Use High Speed Label Printer Samll Portable Clear Printing High Resolution Low Power Consumption for Shops for Kitchen(#1)",,Discount not found,Price not found,Stock info not found,Rating not found,,https://www.amazon.in/Ketsicart-Portable-Printing-Resolution-Consumption/dp/B0CDSFTZTQ
Title not found,Brand not found,Discount not found,Price not found,Stock info not found,Rating not found,No social proof available,URL not found
"Ketsicart 8CH Logic Analyzer, Logic Analyzer Stable Logic Analyzer Device Set Powerful for Computers for Communications for Automotive Electronics",,Discount not found,Price not found,Stock info not found,Rating not found,,https://www.amazon.in/Ketsicart-Computers-Communications-Automotive-Electronics/dp/B0CDSFQHVG
Title not found,Brand not found,Discount not found,Price not found,Stock info not found,Rating not found,No social proof available,URL not found
Title not found,Brand not found,Discount not found,Price not found,Stock info not found,Rating not found,No social proof available,URL not found
Title not found,Brand not found,Discount not found,Price not found,Stock info not found,Rating not found,No social proof available,URL not found
Title not found,Brand not found,Discount not found,Price not found,Stock info not found,Rating not found,No social proof available,URL not found
Title not found,Brand not found,Discount not found,Price not found,Stock info not found,Rating not found,No social proof available,URL not found
Title not found,Brand not found,Discount not found,Price not found,Stock info not found,Rating not found,No social proof available,URL not found
"Ketsicart Printhead, Replace Accessories WF‑7610 Printer Print Head for 7621 for 7620 for WF-7610",,Discount not found,Price not found,Stock info not found,Rating not found,,https://www.amazon.in/Ketsicart-Printhead-Replace-Accessories-WF%E2%80%917610/dp/B0CDSDFVRL
Title not found,Brand not found,Discount not found,Price not found,Stock info not found,Rating not found,No social proof available,URL not found
"Ketsicart Thermal Printer, Thermal Label Printer Widely Used High Speed Printing for POS System for Transportation Label(#1)",,Discount not found,Price not found,Stock info not found,Rating not found,,https://www.amazon.in/Ketsicart-Thermal-Printer-Printing-Transportation/dp/B0CDSDFDHP
"Ketsicart USB Label Printer, High Speed Label Printer High Resolution for Shops for Kitchen(#1)",,Discount not found,Price not found,Stock info not found,,,https://www.amazon.in/Ketsicart-Label-Printer-Resolution-Kitchen/dp/B0CDSDFBLP
"Ketsicart USB Label Printer, Easily Use Low Power Consumption High Resolution Samll Portable Direct Thermal Label Printer Clear Printing for Shops for Kitchen(#1)",,Discount not found,Price not found,Stock info not found,Rating not found,,https://www.amazon.in/Ketsicart-Consumption-Resolution-Portable-Printing/dp/B0CDSDBX5P
Title not found,Brand not found,Discount not found,Price not found,Stock info not found,Rating not found,No social proof available,URL not found
Ketsicart Printhead 4-Slot for OfficeJet 920 6500 6000 6500A,,Discount not found,Price not found,Stock info not found,Rating not found,,https://www.amazon.in/Ketsicart-Printhead-4-Slot-OfficeJet-6500A/dp/B0CDSD4B2N
Title not found,Brand not found,Discount not found,Price not found,Stock info not found,Rating not found,No social proof available,URL not found
Title not found,Brand not found,Discount not found,Price not found,Stock info not found,Rating not found,No social proof available,URL not found
"Ketsicart Shipping Label Printer, High Speed Label Printer Portable Easy Connection 203DPI High Resolution for Offices for Businesses for Home",,Discount not found,Price not found,Stock info not found,Rating not found,,https://www.amazon.in/Ketsicart-Shipping-Connection-Resolution-Businesses/dp/B0CDSCXZ1F
"Ketsicart PI Thermal Pad, 11.8 x 11.8 Inch Thermal Pad for 3D Printer Polyimide for 3D Printer DC12V 400W",,Discount not found,Price not found,Stock info not found,,,https://www.amazon.in/Ketsicart-Thermal-Printer-Polyimide-DC12V/dp/B0CDSC4X8M
Title not found,Brand not found,Discount not found,Price not found,Stock info not found,Rating not found,No social proof available,URL not found
"Ketsicart Printer Parts, Color Printhead Practical Convenient Use Easy Install Reliable Replaceable for Printer Pixus IP4680 for Printer Pixus IP4600",,Discount not found,Price not found,Stock info not found,Rating not found,,https://www.amazon.in/Ketsicart-Printhead-Practical-Convenient-Replaceable/dp/B0CDSBFJYW
"Wedinard Printhead, Replaceable ABS Printhead of Light and Stable Performance for Work",,Discount not found,Price not found,Stock info not found,Rating not found,,https://www.amazon.in/Wedinard-Printhead-Replaceable-Stable-Performance/dp/B0CDSB7Q9C
Ketsicart QR204 58mm Mini Embedded Receipt Thermal Printer RS232 + USB Interface High Speed Printing 50-85mm/s,,Discount not found,Price not found,Stock info not found,Rating not found,,https://www.amazon.in/Ketsicart-Embedded-Receipt-Interface-Printing/dp/B0CDS85LQ3
"Wedinard Boat Portlight, Stainless Steel Simple Installation White 15-3/4 X 7-7/8 Tempered Glass Porthole for Marine Boat for Yacht Rv",,Discount not found,Price not found,Stock info not found,Rating not found,,https://www.amazon.in/Wedinard-Portlight-Stainless-Installation-Tempered/dp/B0CDS812QG
Title not found,Brand not found,Discount not found,Price not found,Stock info not found,Rating not found,No social proof available,URL not found
"Wedinard Printhead Replacement, Colourfast Sturdy Printer Head ABS Portable Rust Proof for Office Printer",,Discount not found,Price not found,Stock info not found,Rating not found,,https://www.amazon.in/Wedinard-Printhead-Replacement-Colourfast-Portable/dp/B0CDS7PW2M
"Ketsicart Art Inkpad, Washable Finger Ink Pad, DIY Art Inkpad for Cloth Paper",,Discount not found,Price not found,Stock info not found,Rating not found,,https://www.amazon.in/Ketsicart-Inkpad-Washable-Finger-Cloth/dp/B0CDS76TCP
Title not found,Brand not found,Discount not found,Price not found,Stock info not found,Rating not found,No social proof available,URL not found
Wedinard Heavy Duty High Heavy Duty Automatic Drive Belt Metal for 700R4 4L60 4L60E 4L65E 4L70E,,Discount not found,Price not found,Stock info not found,Rating not found,,https://www.amazon.in/Wedinard-Heavy-Automatic-Drive-Metal/dp/B0CDS6DVTR
Stamping Pad 48 Colors Metallic Embossed Pattern Ink Pad for Scrapbooking,,Discount not found,Price not found,Stock info not found,Rating not found,,https://www.amazon.in/Stamping-Metallic-Embossed-Pattern-Scrapbooking/dp/B0CDRMBMPY
Title not found,Brand not found,Discount not found,Price not found,Stock info not found,Rating not found,No social proof available,URL not found
Title not found,Brand not found,Discount not found,Price not found,Stock info not found,Rating not found,No social proof available,URL not found
Title not found,Brand not found,Discount not found,Price not found,Stock info not found,Rating not found,No social proof available,URL not found
"Portable Label Printer, Low Cost Printing Continuous Printing Thermal Printer Excellent Structure High Speed Printing for POS System for Transportation Label(#1)'",,Discount not found,Price not found,Stock info not found,Rating not found,,https://www.amazon.in/ADIUM-Continuous-Excellent-Structure-Transportation/dp/B0CDCFKMX8
Title not found,Brand not found,Discount not found,Price not found,Stock info not found,Rating not found,No social proof available,URL not found
Title not found,Brand not found,Discount not found,Price not found,Stock info not found,Rating not found,No social proof available,URL not found
Title not found,Brand not found,Discount not found,Price not found,Stock info not found,Rating not found,No social proof available,URL not found
Title not found,Brand not found,Discount not found,Price not found,Stock info not found,Rating not found,No social proof available,URL not found
Title not found,Brand not found,Discount not found,Price not found,Stock info not found,Rating not found,No social proof available,URL not found
"Silicone Heated Pad, High Temperature Silicone Pad Heater High Thermal Efficiency Conversion Uniform Heat Transfer for 3D Printer Parts'",,Discount not found,Price not found,Stock info not found,Rating not found,,https://www.amazon.in/Silicone-Temperature-Efficiency-Conversion-Transfer/dp/B0CDCCSJ5V
Title not found,Brand not found,Discount not found,Price not found,Stock info not found,Rating not found,No social proof available,URL not found
Dot Matrix Module Dot Matrix Display Module High Reliability Compact Size for Industrial Equipment Electronic Equipment Factory Business',,Discount not found,Price not found,Stock info not found,Rating not found,,https://www.amazon.in/Reliability-Industrial-Equipment-Electronic-Business/dp/B0CDCCD35K
Title not found,Brand not found,Discount not found,Price not found,Stock info not found,Rating not found,No social proof available,URL not found
Title not found,Brand not found,Discount not found,Price not found,Stock info not found,Rating not found,No social proof available,URL not found
Title not found,Brand not found,Discount not found,Price not found,Stock info not found,Rating not found,No social proof available,URL not found
Desktop Thermal Label Printer for 4x6 Shipping Package Label Maker 160mm/s High Speed USB&BT Connection Thermal Sticker Printer Max.110mm Paper Width Compatible with Amazon UPS Shopify Fed',,Discount not found,"5,899",Stock info not found,Rating not found,,https://www.amazon.in/Desktop-Shipping-Connection-Max-110mm-Compatible/dp/B0CDCB4LMY
"3D Printer Pulley, Synchronous Pulley Durable and Long Lasting Perfect with Aluminum Alloy for 3D Printer(20 Teeth Inner Hole 5MM)'",,Discount not found,Price not found,Stock info not found,Rating not found,,https://www.amazon.in/Printer-Synchronous-Durable-Lasting-Aluminum/dp/B0CDC9YNN2
"Printer Accessories, Improve Work Efficiency Reasonable Structure Various Modes Typewriter Ribbon for Printer'",,Discount not found,Price not found,Stock info not found,Rating not found,,https://www.amazon.in/Accessories-Efficiency-Reasonable-Structure-Typewriter/dp/B0CDC9BSG3
"Sanyipace Thermal Printer, Mini Pocket Bluetooth Printer, Portable Smart Printer for Photo/Lable/Card/Document/Web Printing, Small Cute Printer for Study or Daily Work (Green)'",,Discount not found,Price not found,Stock info not found,,,https://www.amazon.in/Adium-Sanyipace-Bluetooth-Portable-Document/dp/B0CD7LRK55
Title not found,Brand not found,Discount not found,Price not found,Stock info not found,Rating not found,No social proof available,URL not found
Sanyipace PAPERANG P1 Pocket Mini Printer Bluetooth Phone Connection Wireless Thermal Printer Compatible with Android iOS（White）',,Discount not found,Price not found,Stock info not found,Rating not found,,https://www.amazon.in/Sanyipace-Bluetooth-Connection-Compatible-iOS%EF%BC%88White%EF%BC%89/dp/B0CD7LLTF5
Title not found,Brand not found,Discount not found,Price not found,Stock info not found,Rating not found,No social proof available,URL not found
Title not found,Brand not found,Discount not found,Price not found,Stock info not found,Rating not found,No social proof available,URL not found
Title not found,Brand not found,Discount not found,Price not found,Stock info not found,Rating not found,No social proof available,URL not found
Title not found,Brand not found,Discount not found,Price not found,Stock info not found,Rating not found,No social proof available,URL not found
Title not found,Brand not found,Discount not found,Price not found,Stock info not found,Rating not found,No social proof available,URL not found
"Thermal pad, 100K thermistor silicone heating pad for 3D printer hot bed DC12V'",,Discount not found,Price not found,Stock info not found,Rating not found,,https://www.amazon.in/Thermal-thermistor-silicone-heating-printer/dp/B0CD7KPXLD
QR203 Printer Module 58mm Low Noise Direct Thermal Printing Mini Panel Mobile Receipt Printer Serial Interface RS-232C TTL USB',,Discount not found,Price not found,Stock info not found,Rating not found,,https://www.amazon.in/Adium-Printer-Thermal-Printing-Interface/dp/B0CD7KMQTL
PeriPage A6 Thermal Printer Case with Strap Anti-Dust Anti-Shock Anti-Scratch Protect Case',,Discount not found,Price not found,Stock info not found,Rating not found,,https://www.amazon.in/PeriPage-Thermal-Anti-Dust-Anti-Shock-Anti-Scratch/dp/B0CD7KLL7B
Title not found,Brand not found,Discount not found,Price not found,Stock info not found,Rating not found,No social proof available,URL not found
Title not found,Brand not found,Discount not found,Price not found,Stock info not found,Rating not found,No social proof available,URL not found
Title not found,Brand not found,Discount not found,Price not found,Stock info not found,Rating not found,No social proof available,URL not found
"Sanyipace Mini Printer, Pocket Photo Printer, Bluetooth Portable Thermal Printer for Photo, QR Code, List, Small Printer for iOS/Android/Windows/Mac (Pink)'",,Discount not found,Price not found,Stock info not found,Rating not found,,https://www.amazon.in/Adium-Sanyipace-Printer-Bluetooth-Portable/dp/B0CD7J11WS
Title not found,Brand not found,Discount not found,Price not found,Stock info not found,Rating not found,No social proof available,URL not found
Title not found,Brand not found,Discount not found,Price not found,Stock info not found,Rating not found,No social proof available,URL not found
Title not found,Brand not found,Discount not found,Price not found,Stock info not found,Rating not found,No social proof available,URL not found
Title not found,Brand not found,Discount not found,Price not found,Stock info not found,Rating not found,No social proof available,URL not found
Title not found,Brand not found,Discount not found,Price not found,Stock info not found,Rating not found,No social proof available,URL not found
Title not found,Brand not found,Discount not found,Price not found,Stock info not found,Rating not found,No social proof available,URL not found
Title not found,Brand not found,Discount not found,Price not found,Stock info not found,Rating not found,No social proof available,URL not found
Title not found,Brand not found,Discount not found,Price not found,Stock info not found,Rating not found,No social proof available,URL not found
Title not found,Brand not found,Discount not found,Price not found,Stock info not found,Rating not found,No social proof available,URL not found
Title not found,Brand not found,Discount not found,Price not found,Stock info not found,Rating not found,No social proof available,URL not found
Title not found,Brand not found,Discount not found,Price not found,Stock info not found,Rating not found,No social proof available,URL not found
Title not found,Brand not found,Discount not found,Price not found,Stock info not found,Rating not found,No social proof available,URL not found
Title not found,Brand not found,Discount not found,Price not found,Stock info not found,Rating not found,No social proof available,URL not found
Title not found,Brand not found,Discount not found,Price not found,Stock info not found,Rating not found,No social proof available,URL not found
Title not found,Brand not found,Discount not found,Price not found,Stock info not found,Rating not found,No social proof available,URL not found
Title not found,Brand not found,Discount not found,Price not found,Stock info not found,Rating not found,No social proof available,URL not found
Title not found,Brand not found,Discount not found,Price not found,Stock info not found,Rating not found,No social proof available,URL not found
Title not found,Brand not found,Discount not found,Price not found,Stock info not found,Rating not found,No social proof available,URL not found
Title not found,Brand not found,Discount not found,Price not found,Stock info not found,Rating not found,No social proof available,URL not found
Title not found,Brand not found,Discount not found,Price not found,Stock info not found,Rating not found,No social proof available,URL not found
Title not found,Brand not found,Discount not found,Price not found,Stock info not found,Rating not found,No social proof available,URL not found
Title not found,Brand not found,Discount not found,Price not found,Stock info not found,Rating not found,No social proof available,URL not found
Title not found,Brand not found,Discount not found,Price not found,Stock info not found,Rating not found,No social proof available,URL not found
Title not found,Brand not found,Discount not found,Price not found,Stock info not found,Rating not found,No social proof available,URL not found
Title not found,Brand not found,Discount not found,Price not found,Stock info not found,Rating not found,No social proof available,URL not found
Title not found,Brand not found,Discount not found,Price not found,Stock info not found,Rating not found,No social proof available,URL not found
Title not found,Brand not found,Discount not found,Price not found,Stock info not found,Rating not found,No social proof available,URL not found
Title not found,Brand not found,Discount not found,Price not found,Stock info not found,Rating not found,No social proof available,URL not found
"Adium Portable Thermal Printer, Widely Applicable 90mm/s Printing Speed Thermal Printer Space Saving for Shop for Retail for Restaurant(#1)",,Discount not found,Price not found,Stock info not found,Rating not found,,https://www.amazon.in/Adium-Portable-Applicable-Printing-Restaurant/dp/B0CCV44B2Q
Title not found,Brand not found,Discount not found,Price not found,Stock info not found,Rating not found,No social proof available,URL not found
Title not found,Brand not found,Discount not found,Price not found,Stock info not found,Rating not found,No social proof available,URL not found
Title not found,Brand not found,Discount not found,Price not found,Stock info not found,Rating not found,No social proof available,URL not found
Title not found,Brand not found,Discount not found,Price not found,Stock info not found,Rating not found,No social proof available,URL not found
Title not found,Brand not found,Discount not found,Price not found,Stock info not found,Rating not found,No social proof available,URL not found
Title not found,Brand not found,Discount not found,Price not found,Stock info not found,Rating not found,No social proof available,URL not found
Title not found,Brand not found,Discount not found,Price not found,Stock info not found,Rating not found,No social proof available,URL not found
Title not found,Brand not found,Discount not found,Price not found,Stock info not found,Rating not found,No social proof available,URL not found
Title not found,Brand not found,Discount not found,Price not found,Stock info not found,Rating not found,No social proof available,URL not found
Title not found,Brand not found,Discount not found,Price not found,Stock info not found,Rating not found,No social proof available,URL not found
Title not found,Brand not found,Discount not found,Price not found,Stock info not found,Rating not found,No social proof available,URL not found
"Adium Laser Cutting Air Assist Pump, Laser Cutter Air Pump Low Noise Simple Installation 16W Heat Dissipation for Laboratories (DC-30A)",,Discount not found,Price not found,Stock info not found,Rating not found,,https://www.amazon.in/Adium-Cutting-Installation-Dissipation-Laboratories/dp/B0CCS5CLGR
Title not found,Brand not found,Discount not found,Price not found,Stock info not found,Rating not found,No social proof available,URL not found
Title not found,Brand not found,Discount not found,Price not found,Stock info not found,Rating not found,No social proof available,URL not found
Title not found,Brand not found,Discount not found,Price not found,Stock info not found,Rating not found,No social proof available,URL not found
Title not found,Brand not found,Discount not found,Price not found,Stock info not found,Rating not found,No social proof available,URL not found
Title not found,Brand not found,Discount not found,Price not found,Stock info not found,Rating not found,No social proof available,URL not found
Title not found,Brand not found,Discount not found,Price not found,Stock info not found,Rating not found,No social proof available,URL not found
Title not found,Brand not found,Discount not found,Price not found,Stock info not found,Rating not found,No social proof available,URL not found
Title not found,Brand not found,Discount not found,Price not found,Stock info not found,Rating not found,No social proof available,URL not found
Title not found,Brand not found,Discount not found,Price not found,Stock info not found,Rating not found,No social proof available,URL not found
Title not found,Brand not found,Discount not found,Price not found,Stock info not found,Rating not found,No social proof available,URL not found
"Ketsicart Print Head, Clear Resolution Solid Construction Professional Manufacturing Printhead Replacement for Designjet 100",,Discount not found,Price not found,Stock info not found,Rating not found,,https://www.amazon.in/Ketsicart-Construction-Professional-Manufacturing-Replacement/dp/B0CCS38NYW
Title not found,Brand not found,Discount not found,Price not found,Stock info not found,Rating not found,No social proof available,URL not found
Title not found,Brand not found,Discount not found,Price not found,Stock info not found,Rating not found,No social proof available,URL not found
"Ketsicart Printhead, Print Head High Sensitivity Colour Printing Standard Design for HP7500 7500A",,Discount not found,Price not found,Stock info not found,Rating not found,,https://www.amazon.in/Ketsicart-Printhead-Sensitivity-Printing-Standard/dp/B0CCS31B5Y
"Ketsicart Printhead Replacement, Simple Operation Print Head Nice Replacement for Upgrade",,Discount not found,Price not found,Stock info not found,Rating not found,,https://www.amazon.in/Ketsicart-Printhead-Replacement-Operation-Upgrade/dp/B0CCS31B4N
"Ketsicart UPVC Printer Head, Clear Printing High Strength Printhead for WF7015 WF7521 WF3011 WF3521",,Discount not found,Price not found,Stock info not found,Rating not found,,https://www.amazon.in/Ketsicart-Printer-Printing-Strength-Printhead/dp/B0CCS2Q5L3
Adium WiFi Box 2 Intelligent Assistant for 3D Printer BT Configuration Network Cloud Slice & Print/Real-Time Monitor/Remote Control Time-Lapse Shooting 8G TF Card Compatible with Android iOS,,Discount not found,Price not found,Stock info not found,Rating not found,,https://www.amazon.in/Adium-Intelligent-Configuration-Time-Lapse-Compatible/dp/B0CCS2NF2N
Title not found,Brand not found,Discount not found,Price not found,Stock info not found,Rating not found,No social proof available,URL not found
Title not found,Brand not found,Discount not found,Price not found,Stock info not found,Rating not found,No social proof available,URL not found
Title not found,Brand not found,Discount not found,Price not found,Stock info not found,Rating not found,No social proof available,URL not found
Title not found,Brand not found,Discount not found,Price not found,Stock info not found,Rating not found,No social proof available,URL not found
Title not found,Brand not found,Discount not found,Price not found,Stock info not found,Rating not found,No social proof available,URL not found
Title not found,Brand not found,Discount not found,Price not found,Stock info not found,Rating not found,No social proof available,URL not found
Title not found,Brand not found,Discount not found,Price not found,Stock info not found,Rating not found,No social proof available,URL not found
"Adium Laser Air Support Pump, DC12V Laser Cutter Support Pump Low Vibration Noiseless Durable For Industry (MPQ-902)",,Discount not found,Price not found,Stock info not found,Rating not found,,https://www.amazon.in/Adium-Support-Vibration-Noiseless-Industry/dp/B0CCS23F11
Title not found,Brand not found,Discount not found,Price not found,Stock info not found,Rating not found,No social proof available,URL not found
Title not found,Brand not found,Discount not found,Price not found,Stock info not found,Rating not found,No social proof available,URL not found
Title not found,Brand not found,Discount not found,Price not found,Stock info not found,Rating not found,No social proof available,URL not found
Title not found,Brand not found,Discount not found,Price not found,Stock info not found,Rating not found,No social proof available,URL not found
Title not found,Brand not found,Discount not found,Price not found,Stock info not found,Rating not found,No social proof available,URL not found
Title not found,Brand not found,Discount not found,Price not found,Stock info not found,Rating not found,No social proof available,URL not found
Title not found,Brand not found,Discount not found,Price not found,Stock info not found,Rating not found,No social proof available,URL not found
"Ketsicart UV Printhead, Compact 6 Color Printer Print Head ABS for XP600",,Discount not found,Price not found,Stock info not found,,,https://www.amazon.in/Ketsicart-Printhead-Compact-Color-Printer/dp/B0CCS1H5FP
Title not found,Brand not found,Discount not found,Price not found,Stock info not found,Rating not found,No social proof available,URL not found
Title not found,Brand not found,Discount not found,Price not found,Stock info not found,Rating not found,No social proof available,URL not found
"Adium Laser Cutting Air Assist Pump, Laser Cutter Air Pump 16W Low Noise for Workshop (DC-30)",,Discount not found,Price not found,Stock info not found,Rating not found,,https://www.amazon.in/Adium-Cutting-Assist-Cutter-Workshop/dp/B0CCS18SRS
Title not found,Brand not found,Discount not found,Price not found,Stock info not found,Rating not found,No social proof available,URL not found
Title not found,Brand not found,Discount not found,Price not found,Stock info not found,Rating not found,No social proof available,URL not found
Title not found,Brand not found,Discount not found,Price not found,Stock info not found,Rating not found,No social proof available,URL not found
"Adium Laser Cutter Air Assist Pump, 80L/min Laser Air Assist Pump Clean Cuts Protect Lens Low Vibration Stable for Industrial Use (MPQ‑904A(DC24V))",,Discount not found,Price not found,Stock info not found,Rating not found,,https://www.amazon.in/Adium-Protect-Vibration-Industrial-MPQ%E2%80%91904A/dp/B0CCRZZ7LK
Title not found,Brand not found,Discount not found,Price not found,Stock info not found,Rating not found,No social proof available,URL not found
Title not found,Brand not found,Discount not found,Price not found,Stock info not found,Rating not found,No social proof available,URL not found
Title not found,Brand not found,Discount not found,Price not found,Stock info not found,Rating not found,No social proof available,URL not found
Title not found,Brand not found,Discount not found,Price not found,Stock info not found,Rating not found,No social proof available,URL not found
Title not found,Brand not found,Discount not found,Price not found,Stock info not found,Rating not found,No social proof available,URL not found
Title not found,Brand not found,Discount not found,Price not found,Stock info not found,Rating not found,No social proof available,URL not found
Title not found,Brand not found,Discount not found,Price not found,Stock info not found,Rating not found,No social proof available,URL not found
Title not found,Brand not found,Discount not found,Price not found,Stock info not found,Rating not found,No social proof available,URL not found
Title not found,Brand not found,Discount not found,Price not found,Stock info not found,Rating not found,No social proof available,URL not found
Title not found,Brand not found,Discount not found,Price not found,Stock info not found,Rating not found,No social proof available,URL not found
Title not found,Brand not found,Discount not found,Price not found,Stock info not found,Rating not found,No social proof available,URL not found
Title not found,Brand not found,Discount not found,Price not found,Stock info not found,Rating not found,No social proof available,URL not found
Title not found,Brand not found,Discount not found,Price not found,Stock info not found,Rating not found,No social proof available,URL not found
Title not found,Brand not found,Discount not found,Price not found,Stock info not found,Rating not found,No social proof available,URL not found
Title not found,Brand not found,Discount not found,Price not found,Stock info not found,Rating not found,No social proof available,URL not found
Title not found,Brand not found,Discount not found,Price not found,Stock info not found,Rating not found,No social proof available,URL not found
Ketsicart Print Head ABS Stable Performance Colorfast Printer Accessory Replacement for IPF650 Easy Installation,,Discount not found,Price not found,Stock info not found,Rating not found,,https://www.amazon.in/Ketsicart-Performance-Colorfast-Replacement-Installation/dp/B0CCRL9SH6
Title not found,Brand not found,Discount not found,Price not found,Stock info not found,Rating not found,No social proof available,URL not found
Title not found,Brand not found,Discount not found,Price not found,Stock info not found,Rating not found,No social proof available,URL not found
Title not found,Brand not found,Discount not found,Price not found,Stock info not found,Rating not found,No social proof available,URL not found
Ketsicart CP4000L 4x6'' Wireless Thermal Photo Printr Portable Picture Printr Mobile WiFi Connect 300dpi Thermal Sublimation Technology AR Printing Automatic Lamination with 1pc Color Ink Cartridge&54,,Discount not found,Price not found,Stock info not found,Rating not found,,https://www.amazon.in/Ketsicart-Sublimation-Technology-Automatic-Lamination/dp/B0CCRKPKW4
Title not found,Brand not found,Discount not found,Price not found,Stock info not found,Rating not found,No social proof available,URL not found
Ketsicart Portable Transfer Stencil Machine Mini USB Port Thermal Copier Printer Compatible with Mobile Phone Device and Computer,,Discount not found,Price not found,Stock info not found,Rating not found,,https://www.amazon.in/Ketsicart-Portable-Transfer-Compatible-Computer/dp/B0CCRKMSD7
Title not found,Brand not found,Discount not found,Price not found,Stock info not found,Rating not found,No social proof available,URL not found
Title not found,Brand not found,Discount not found,Price not found,Stock info not found,Rating not found,No social proof available,URL not found
Title not found,Brand not found,Discount not found,Price not found,Stock info not found,Rating not found,No social proof available,URL not found
Title not found,Brand not found,Discount not found,Price not found,Stock info not found,Rating not found,No social proof available,URL not found
Title not found,Brand not found,Discount not found,Price not found,Stock info not found,Rating not found,No social proof available,URL not found
Title not found,Brand not found,Discount not found,Price not found,Stock info not found,Rating not found,No social proof available,URL not found
Ketsicart WiFi Box 2.0 ligent Assistant for 3D Printer BT Configuration Network Cloud Slice & Print/Real-Time/Remote Control Time-Lapse 8G TF Card Compatible with Android iOS,,Discount not found,Price not found,Stock info not found,Rating not found,,https://www.amazon.in/Ketsicart-Assistant-Configuration-Time-Lapse-Compatible/dp/B0CCRJGNSQ
Title not found,Brand not found,Discount not found,Price not found,Stock info not found,Rating not found,No social proof available,URL not found
Title not found,Brand not found,Discount not found,Price not found,Stock info not found,Rating not found,No social proof available,URL not found
"Ketsicart Ink Tubing, Standard Size Multifunctional Printer Flexible Tube for A3 A4 UV Printers (5m)",,Discount not found,Price not found,Stock info not found,Rating not found,,https://www.amazon.in/Ketsicart-Standard-Multifunctional-Flexible-Printers/dp/B0CCRJ6RP5
Title not found,Brand not found,Discount not found,Price not found,Stock info not found,Rating not found,No social proof available,URL not found
Title not found,Brand not found,Discount not found,Price not found,Stock info not found,Rating not found,No social proof available,URL not found
Ketsicart Sonic Pad for FDM 3D Printer with Multiple Interfaces 7'' Touchscreen RAM 2G ROM 8G Integrate Design Comaptible with ER-3 V2 / ER-3 S1 / ER-3 S1 Pro Print High Speed and,,Discount not found,Price not found,Stock info not found,Rating not found,,https://www.amazon.in/Ketsicart-Interfaces-Touchscreen-Integrate-Comaptible/dp/B0CCRHBSMS
Title not found,Brand not found,Discount not found,Price not found,Stock info not found,Rating not found,No social proof available,URL not found
Title not found,Brand not found,Discount not found,Price not found,Stock info not found,Rating not found,No social proof available,URL not found
"Ketsicart Print Head, Professional Reliable and Stable Printhead Replacement Lightweight ABS Printer Accessories Fit fo IPF650 IPF655 IPF750 IPF755 IPF760 Home Office Printer",,Discount not found,Price not found,Stock info not found,,,https://www.amazon.in/Ketsicart-Professional-Replacement-Lightweight-Accessories/dp/B0CCRGV6XK
Ketsicart Original CR WiFi Box 2.0 Intelligent Assistant for 3D Printer BT Configuration Network Cloud Slice&Print/Real-Time Monitor/Remote Control Time-Lapse 8G TF Card Compatible with,,Discount not found,Price not found,Stock info not found,Rating not found,,https://www.amazon.in/Ketsicart-Intelligent-Configuration-Time-Lapse-Compatible/dp/B0CCRGNXQH
Title not found,Brand not found,Discount not found,Price not found,Stock info not found,Rating not found,No social proof available,URL not found
Title not found,Brand not found,Discount not found,Price not found,Stock info not found,Rating not found,No social proof available,URL not found
Adium Carburetor Replaent for Farmall Tractor A AV B BN C Super A & C 352376R92 354184R93,,Discount not found,Price not found,Stock info not found,Rating not found,,https://www.amazon.in/Adium-Carburetor-Replaent-352376R92-354184R93/dp/B0CCP7CPSZ
"Adium Ticket Printer, Penetrating Positioning Thermal Printer Plastics Electronics 110-240V DC24V 2.5A for OS X for for Business EU Plug",,Discount not found,Price not found,Stock info not found,,,https://www.amazon.in/Adium-Penetrating-Positioning-Plastics-Electronics/dp/B0CCP7CKZ7
Title not found,Brand not found,Discount not found,Price not found,Stock info not found,Rating not found,No social proof available,URL not found
Adium Lythan Mini L1 Printer Mini Pocket Label Maker Sticker Inkless Portable Thermal Wireless Label Printer Bluetooth-Compatible (Pink),,Discount not found,Price not found,Stock info not found,Rating not found,,https://www.amazon.in/Adium-Printer-Portable-Wireless-Bluetooth-Compatible/dp/B0CCP72VQ8
"Adium Label Printer, Plastic Electronics Receipt Printer Wireless 203 DPI for Home for Business Organization EU Plug",,Discount not found,Price not found,Stock info not found,Rating not found,,https://www.amazon.in/Adium-Electronics-Wireless-Business-Organization/dp/B0CCP6SPD7
Title not found,Brand not found,Discount not found,Price not found,Stock info not found,Rating not found,No social proof available,URL not found
Title not found,Brand not found,Discount not found,Price not found,Stock info not found,Rating not found,No social proof available,URL not found
Title not found,Brand not found,Discount not found,Price not found,Stock info not found,Rating not found,No social proof available,URL not found
"Adium Printer Flexible Tube, Ink Tubing Glossy Finish Standard Size for A3 A4 UV Printers 5m",,Discount not found,Price not found,Stock info not found,,,https://www.amazon.in/Adium-Printer-Flexible-Standard-Printers/dp/B0CCP6BGT5
"Adium Finger Ink Pad, Stamping Pad, 35Pcs / Box Mini DIY Stamping Pad Paper for Cloth",,Discount not found,Price not found,Stock info not found,Rating not found,,https://www.amazon.in/Adium-Finger-Stamping-35Pcs-Paper/dp/B0CCP665NM
"Adium Laser Cutter Air Assist, Airflow Adjustable Laser Engraver Air Assist Pump for Cutting Engraving Machine EU Plug",,Discount not found,Price not found,Stock info not found,Rating not found,,https://www.amazon.in/Adium-Airflow-Adjustable-Engraver-Engraving/dp/B0CCP64VWT
Title not found,Brand not found,Discount not found,Price not found,Stock info not found,Rating not found,No social proof available,URL not found
Title not found,Brand not found,Discount not found,Price not found,Stock info not found,Rating not found,No social proof available,URL not found
Title not found,Brand not found,Discount not found,Price not found,Stock info not found,Rating not found,No social proof available,URL not found
Title not found,Brand not found,Discount not found,Price not found,Stock info not found,Rating not found,No social proof available,URL not found
Title not found,Brand not found,Discount not found,Price not found,Stock info not found,Rating not found,No social proof available,URL not found
"Adium Label Printer, Desktop 100‑240V Thermal Label Printer for Businesses for Home for Offices",,Discount not found,Price not found,Stock info not found,Rating not found,,https://www.amazon.in/Adium-Printer-Desktop-100%E2%80%91240V-Businesses/dp/B0CCP5S74S
"Adium Shipping Label Printer, Mobile Phone Desktop Portable Optical Positioning Label Printer for USB+Bluetooth-EU Plug",,Discount not found,Price not found,Stock info not found,,,https://www.amazon.in/Adium-Shipping-Portable-Positioning-Bluetooth-EU/dp/B0CCP5S28S
"Adium Thermal Printer, Thermal Label Printer Widely Used High Speed Printing for POS System for Transportation Label(#1)",,Discount not found,Price not found,Stock info not found,Rating not found,,https://www.amazon.in/Adium-Thermal-Printer-Printing-Transportation/dp/B0CCP5QG3H
Title not found,Brand not found,Discount not found,Price not found,Stock info not found,Rating not found,No social proof available,URL not found
Title not found,Brand not found,Discount not found,Price not found,Stock info not found,Rating not found,No social proof available,URL not found
"Adium Printer Head, Easy Installation Bright Colors Smoothing Inkjet Running Smoothly Print Head for 7512 for OfficeJet for 6100",,Discount not found,Price not found,Stock info not found,Rating not found,,https://www.amazon.in/Adium-Installation-Smoothing-Smoothly-OfficeJet/dp/B0CCP5MLTT
Title not found,Brand not found,Discount not found,Price not found,Stock info not found,Rating not found,No social proof available,URL not found
Title not found,Brand not found,Discount not found,Price not found,Stock info not found,Rating not found,No social proof available,URL not found
Adium Portable Mini Wireless 58mm BT Direct Thermal Printer Compatible with iOS Windows Li ESC/POS Print Commands Set,,Discount not found,Price not found,Stock info not found,Rating not found,,https://www.amazon.in/Adium-Portable-Wireless-Compatible-Commands/dp/B0CCP5G9QK
Title not found,Brand not found,Discount not found,Price not found,Stock info not found,Rating not found,No social proof available,URL not found
Title not found,Brand not found,Discount not found,Price not found,Stock info not found,Rating not found,No social proof available,URL not found
Title not found,Brand not found,Discount not found,Price not found,Stock info not found,Rating not found,No social proof available,URL not found
Adium 3 Rolls Thermal Paper Roll Clear Printing for A6 Pocket Thermal Printer Replaent for P1/P2 Mini Photo Printer,,Discount not found,Price not found,Stock info not found,Rating not found,,https://www.amazon.in/Adium-Thermal-Printing-Printer-Replaent/dp/B0CCP4VTVL
"Adium Laser Head, Laser Module Fixed Easy Cutting for Paper (Normal Version)",,Discount not found,Price not found,Stock info not found,Rating not found,,https://www.amazon.in/Adium-Module-Cutting-Normal-Version/dp/B0CCP4S1GZ
Title not found,Brand not found,Discount not found,Price not found,Stock info not found,Rating not found,No social proof available,URL not found
Title not found,Brand not found,Discount not found,Price not found,Stock info not found,Rating not found,No social proof available,URL not found
Title not found,Brand not found,Discount not found,Price not found,Stock info not found,Rating not found,No social proof available,URL not found
Title not found,Brand not found,Discount not found,Price not found,Stock info not found,Rating not found,No social proof available,URL not found
Title not found,Brand not found,Discount not found,Price not found,Stock info not found,Rating not found,No social proof available,URL not found
"Adium Label Printer, Optical Optical Positioning Portable Electronics Thermal Barcode Printer for Mobile Phone for Computer USB-EU Plug",,Discount not found,Price not found,Stock info not found,Rating not found,,https://www.amazon.in/Adium-Positioning-Portable-Electronics-Computer/dp/B0CCP3VDRH
Title not found,Brand not found,Discount not found,Price not found,Stock info not found,Rating not found,No social proof available,URL not found
Title not found,Brand not found,Discount not found,Price not found,Stock info not found,Rating not found,No social proof available,URL not found
"Adium Ink Date Printing Machine, Portable Coding Machine Quick-Drying Expiry Date Printer Adjustable Date Stamp Machine Industrial Barcode Expiration Number Printer Production Date Code Coding Tools",,Discount not found,Price not found,Stock info not found,,,https://www.amazon.in/Adium-Quick-Drying-Adjustable-Industrial-Expiration/dp/B0CCP36789
"Adium Original, Rust-Proof, Stable, Light, Durable and Functional Printer Head for WF-7610 WF-7620",,Discount not found,Price not found,Stock info not found,Rating not found,,https://www.amazon.in/Adium-Original-Rust-Proof-Durable-Functional/dp/B0CCP31TN3
Title not found,Brand not found,Discount not found,Price not found,Stock info not found,Rating not found,No social proof available,URL not found
Title not found,Brand not found,Discount not found,Price not found,Stock info not found,Rating not found,No social proof available,URL not found
Title not found,Brand not found,Discount not found,Price not found,Stock info not found,Rating not found,No social proof available,URL not found
Title not found,Brand not found,Discount not found,Price not found,Stock info not found,Rating not found,No social proof available,URL not found
Title not found,Brand not found,Discount not found,Price not found,Stock info not found,Rating not found,No social proof available,URL not found
Title not found,Brand not found,Discount not found,Price not found,Stock info not found,Rating not found,No social proof available,URL not found
Title not found,Brand not found,Discount not found,Price not found,Stock info not found,Rating not found,No social proof available,URL not found
Title not found,Brand not found,Discount not found,Price not found,Stock info not found,Rating not found,No social proof available,URL not found
Title not found,Brand not found,Discount not found,Price not found,Stock info not found,Rating not found,No social proof available,URL not found
Title not found,Brand not found,Discount not found,Price not found,Stock info not found,Rating not found,No social proof available,URL not found
Title not found,Brand not found,Discount not found,Price not found,Stock info not found,Rating not found,No social proof available,URL not found
Title not found,Brand not found,Discount not found,Price not found,Stock info not found,Rating not found,No social proof available,URL not found
Title not found,Brand not found,Discount not found,Price not found,Stock info not found,Rating not found,No social proof available,URL not found
Title not found,Brand not found,Discount not found,Price not found,Stock info not found,Rating not found,No social proof available,URL not found
"Generic Goniometer Ruler, Goniometer Gauge Convenient Unique Practical Strong and Durable with 0-170° for Worker for Industry",,Discount not found,Price not found,Stock info not found,Rating not found,,https://www.amazon.in/Generic-Goniometer-Convenient-Practical-Industry/dp/B0CC2M74YL
Title not found,Brand not found,Discount not found,Price not found,Stock info not found,Rating not found,No social proof available,URL not found
Title not found,Brand not found,Discount not found,Price not found,Stock info not found,Rating not found,No social proof available,URL not found
Title not found,Brand not found,Discount not found,Price not found,Stock info not found,Rating not found,No social proof available,URL not found
Title not found,Brand not found,Discount not found,Price not found,Stock info not found,Rating not found,No social proof available,URL not found
Title not found,Brand not found,Discount not found,Price not found,Stock info not found,Rating not found,No social proof available,URL not found
Title not found,Brand not found,Discount not found,Price not found,Stock info not found,Rating not found,No social proof available,URL not found
Title not found,Brand not found,Discount not found,Price not found,Stock info not found,Rating not found,No social proof available,URL not found
Title not found,Brand not found,Discount not found,Price not found,Stock info not found,Rating not found,No social proof available,URL not found
"BROLEO Handheld Coding Machine, Coding Machine Barcode Label Maker, Date Code Coding Tool Expiration Number Printer for Industrial Supplies Coding Machine",,"₹13,199","6,853",,Rating not found,,https://www.amazon.in/BROLEO-Handheld-Expiration-Industrial-Supplies/dp/B0CBTL1KS6
Title not found,Brand not found,Discount not found,Price not found,Stock info not found,Rating not found,No social proof available,URL not found
Title not found,Brand not found,Discount not found,Price not found,Stock info not found,Rating not found,No social proof available,URL not found
Title not found,Brand not found,Discount not found,Price not found,Stock info not found,Rating not found,No social proof available,URL not found
Title not found,Brand not found,Discount not found,Price not found,Stock info not found,Rating not found,No social proof available,URL not found
Title not found,Brand not found,Discount not found,Price not found,Stock info not found,Rating not found,No social proof available,URL not found
Title not found,Brand not found,Discount not found,Price not found,Stock info not found,Rating not found,No social proof available,URL not found
Title not found,Brand not found,Discount not found,Price not found,Stock info not found,Rating not found,No social proof available,URL not found
Title not found,Brand not found,Discount not found,Price not found,Stock info not found,Rating not found,No social proof available,URL not found
"EXCLUZO Battery Analyzer, Color Screen Car Battery Tester with Built-in Printer Thermal Printer Paper Storage Case",,"₹57,004","28,502",,Rating not found,,https://www.amazon.in/EXCLUZO-Battery-Analyzer-Printer-Thermal/dp/B0CBS761JW
EXCLUZO Laser Cutter Air Pump Low Noise Stable Shock Absorption Heat Dissipation 16W Easy Installation (DC-30A),,"₹27,886","13,943",,Rating not found,,https://www.amazon.in/EXCLUZO-Cutter-Absorption-Dissipation-Installation/dp/B0CBS6YK64
Title not found,Brand not found,Discount not found,Price not found,Stock info not found,Rating not found,No social proof available,URL not found
Title not found,Brand not found,Discount not found,Price not found,Stock info not found,Rating not found,No social proof available,URL not found
Title not found,Brand not found,Discount not found,Price not found,Stock info not found,Rating not found,No social proof available,URL not found
Title not found,Brand not found,Discount not found,Price not found,Stock info not found,Rating not found,No social proof available,URL not found
Title not found,Brand not found,Discount not found,Price not found,Stock info not found,Rating not found,No social proof available,URL not found
Title not found,Brand not found,Discount not found,Price not found,Stock info not found,Rating not found,No social proof available,URL not found
Title not found,Brand not found,Discount not found,Price not found,Stock info not found,Rating not found,No social proof available,URL not found
Title not found,Brand not found,Discount not found,Price not found,Stock info not found,Rating not found,No social proof available,URL not found
Title not found,Brand not found,Discount not found,Price not found,Stock info not found,Rating not found,No social proof available,URL not found
EXCLUZO Z4 Engraver Mini Marker 5W Blue Light Power Port BT Function Wirelss Connection APP Comtrol Offline Engraving and Carving Magnetic Eye Protective Shield Design 50x50mm,,"₹2,50,432","1,25,216",,Rating not found,,https://www.amazon.in/EXCLUZO-Engraver-Connection-Engraving-Protective/dp/B0CBS1HN5F
Title not found,Brand not found,Discount not found,Price not found,Stock info not found,Rating not found,No social proof available,URL not found
Title not found,Brand not found,Discount not found,Price not found,Stock info not found,Rating not found,No social proof available,URL not found
Title not found,Brand not found,Discount not found,Price not found,Stock info not found,Rating not found,No social proof available,URL not found
Title not found,Brand not found,Discount not found,Price not found,Stock info not found,Rating not found,No social proof available,URL not found
Title not found,Brand not found,Discount not found,Price not found,Stock info not found,Rating not found,No social proof available,URL not found
Title not found,Brand not found,Discount not found,Price not found,Stock info not found,Rating not found,No social proof available,URL not found
Title not found,Brand not found,Discount not found,Price not found,Stock info not found,Rating not found,No social proof available,URL not found
Title not found,Brand not found,Discount not found,Price not found,Stock info not found,Rating not found,No social proof available,URL not found
Title not found,Brand not found,Discount not found,Price not found,Stock info not found,Rating not found,No social proof available,URL not found
Title not found,Brand not found,Discount not found,Price not found,Stock info not found,Rating not found,No social proof available,URL not found
Title not found,Brand not found,Discount not found,Price not found,Stock info not found,Rating not found,No social proof available,URL not found
Title not found,Brand not found,Discount not found,Price not found,Stock info not found,Rating not found,No social proof available,URL not found
Title not found,Brand not found,Discount not found,Price not found,Stock info not found,Rating not found,No social proof available,URL not found
Title not found,Brand not found,Discount not found,Price not found,Stock info not found,Rating not found,No social proof available,URL not found
Title not found,Brand not found,Discount not found,Price not found,Stock info not found,Rating not found,No social proof available,URL not found
Title not found,Brand not found,Discount not found,Price not found,Stock info not found,Rating not found,No social proof available,URL not found
Title not found,Brand not found,Discount not found,Price not found,Stock info not found,Rating not found,No social proof available,URL not found
Title not found,Brand not found,Discount not found,Price not found,Stock info not found,Rating not found,No social proof available,URL not found
Title not found,Brand not found,Discount not found,Price not found,Stock info not found,Rating not found,No social proof available,URL not found
Title not found,Brand not found,Discount not found,Price not found,Stock info not found,Rating not found,No social proof available,URL not found
Title not found,Brand not found,Discount not found,Price not found,Stock info not found,Rating not found,No social proof available,URL not found
"EXCLUZO Aluminum Profiles End Caps, Practical Non Fade Profiles Accessories 5Pcs for 3D Printer(black)",,"₹10,020","4,960",,Rating not found,,https://www.amazon.in/EXCLUZO-Aluminum-Profiles-Practical-Accessories/dp/B0CBRXXQ8G
"EXCLUZO Laser Cutter Air Assist Pump, 80L/min Laser Air Assist Pump Clean Cuts Protect Lens Low Vibration Stable for Industrial Use (MPQ‑904(DC12V))",,"₹36,562","18,281",,,,https://www.amazon.in/EXCLUZO-Protect-Vibration-Industrial-MPQ%E2%80%91904/dp/B0CBRXT6T3
Title not found,Brand not found,Discount not found,Price not found,Stock info not found,Rating not found,No social proof available,URL not found
Title not found,Brand not found,Discount not found,Price not found,Stock info not found,Rating not found,No social proof available,URL not found
Title not found,Brand not found,Discount not found,Price not found,Stock info not found,Rating not found,No social proof available,URL not found
"EXCLUZO Ends Covers Plate, Easy Installation 5Pcs Practical Aluminum Profiles End Caps for 3D Printer(black)",,"₹9,994","4,947",,,,https://www.amazon.in/EXCLUZO-Installation-Practical-Aluminum-Profiles/dp/B0CBRWMXHH
Title not found,Brand not found,Discount not found,Price not found,Stock info not found,Rating not found,No social proof available,URL not found
Title not found,Brand not found,Discount not found,Price not found,Stock info not found,Rating not found,No social proof available,URL not found
Title not found,Brand not found,Discount not found,Price not found,Stock info not found,Rating not found,No social proof available,URL not found
Title not found,Brand not found,Discount not found,Price not found,Stock info not found,Rating not found,No social proof available,URL not found
Title not found,Brand not found,Discount not found,Price not found,Stock info not found,Rating not found,No social proof available,URL not found
Title not found,Brand not found,Discount not found,Price not found,Stock info not found,Rating not found,No social proof available,URL not found
Title not found,Brand not found,Discount not found,Price not found,Stock info not found,Rating not found,No social proof available,URL not found
Title not found,Brand not found,Discount not found,Price not found,Stock info not found,Rating not found,No social proof available,URL not found
Title not found,Brand not found,Discount not found,Price not found,Stock info not found,Rating not found,No social proof available,URL not found
Title not found,Brand not found,Discount not found,Price not found,Stock info not found,Rating not found,No social proof available,URL not found
Title not found,Brand not found,Discount not found,Price not found,Stock info not found,Rating not found,No social proof available,URL not found
Title not found,Brand not found,Discount not found,Price not found,Stock info not found,Rating not found,No social proof available,URL not found
Title not found,Brand not found,Discount not found,Price not found,Stock info not found,Rating not found,No social proof available,URL not found
Title not found,Brand not found,Discount not found,Price not found,Stock info not found,Rating not found,No social proof available,URL not found
Title not found,Brand not found,Discount not found,Price not found,Stock info not found,Rating not found,No social proof available,URL not found
Title not found,Brand not found,Discount not found,Price not found,Stock info not found,Rating not found,No social proof available,URL not found
Title not found,Brand not found,Discount not found,Price not found,Stock info not found,Rating not found,No social proof available,URL not found
Title not found,Brand not found,Discount not found,Price not found,Stock info not found,Rating not found,No social proof available,URL not found
Title not found,Brand not found,Discount not found,Price not found,Stock info not found,Rating not found,No social proof available,URL not found
Title not found,Brand not found,Discount not found,Price not found,Stock info not found,Rating not found,No social proof available,URL not found
Title not found,Brand not found,Discount not found,Price not found,Stock info not found,Rating not found,No social proof available,URL not found
Title not found,Brand not found,Discount not found,Price not found,Stock info not found,Rating not found,No social proof available,URL not found
"DARQ POS Printer, Thermal Receipt Printer 58mm High Speed Printing Compact Structure for Business (EU Plug)",,"₹14,499","7,518",,Rating not found,,https://www.amazon.in/DARQ-Printer-Printing-Structure-Business/dp/B0CBLH8FVZ
"fannay Thermal Receipt Printer, POS Printer 58mm Compact Structure for Business (EU Plug)",,"₹14,499","7,518",,Rating not found,,https://www.amazon.in/fannay-Thermal-Receipt-Structure-Business/dp/B0CBLGB13S
Title not found,Brand not found,Discount not found,Price not found,Stock info not found,Rating not found,No social proof available,URL not found
Title not found,Brand not found,Discount not found,Price not found,Stock info not found,Rating not found,No social proof available,URL not found
Title not found,Brand not found,Discount not found,Price not found,Stock info not found,Rating not found,No social proof available,URL not found
Title not found,Brand not found,Discount not found,Price not found,Stock info not found,Rating not found,No social proof available,URL not found
Title not found,Brand not found,Discount not found,Price not found,Stock info not found,Rating not found,No social proof available,URL not found
Title not found,Brand not found,Discount not found,Price not found,Stock info not found,Rating not found,No social proof available,URL not found
Title not found,Brand not found,Discount not found,Price not found,Stock info not found,Rating not found,No social proof available,URL not found
Title not found,Brand not found,Discount not found,Price not found,Stock info not found,Rating not found,No social proof available,URL not found
Title not found,Brand not found,Discount not found,Price not found,Stock info not found,Rating not found,No social proof available,URL not found
Title not found,Brand not found,Discount not found,Price not found,Stock info not found,Rating not found,No social proof available,URL not found
Title not found,Brand not found,Discount not found,Price not found,Stock info not found,Rating not found,No social proof available,URL not found
Title not found,Brand not found,Discount not found,Price not found,Stock info not found,Rating not found,No social proof available,URL not found
Title not found,Brand not found,Discount not found,Price not found,Stock info not found,Rating not found,No social proof available,URL not found
Title not found,Brand not found,Discount not found,Price not found,Stock info not found,Rating not found,No social proof available,URL not found
Title not found,Brand not found,Discount not found,Price not found,Stock info not found,Rating not found,No social proof available,URL not found
Title not found,Brand not found,Discount not found,Price not found,Stock info not found,Rating not found,No social proof available,URL not found
Title not found,Brand not found,Discount not found,Price not found,Stock info not found,Rating not found,No social proof available,URL not found
Title not found,Brand not found,Discount not found,Price not found,Stock info not found,Rating not found,No social proof available,URL not found
Title not found,Brand not found,Discount not found,Price not found,Stock info not found,Rating not found,No social proof available,URL not found
Title not found,Brand not found,Discount not found,Price not found,Stock info not found,Rating not found,No social proof available,URL not found
Title not found,Brand not found,Discount not found,Price not found,Stock info not found,Rating not found,No social proof available,URL not found
Title not found,Brand not found,Discount not found,Price not found,Stock info not found,Rating not found,No social proof available,URL not found
Title not found,Brand not found,Discount not found,Price not found,Stock info not found,Rating not found,No social proof available,URL not found
Title not found,Brand not found,Discount not found,Price not found,Stock info not found,Rating not found,No social proof available,URL not found
Title not found,Brand not found,Discount not found,Price not found,Stock info not found,Rating not found,No social proof available,URL not found
Title not found,Brand not found,Discount not found,Price not found,Stock info not found,Rating not found,No social proof available,URL not found
Title not found,Brand not found,Discount not found,Price not found,Stock info not found,Rating not found,No social proof available,URL not found
Title not found,Brand not found,Discount not found,Price not found,Stock info not found,Rating not found,No social proof available,URL not found
Title not found,Brand not found,Discount not found,Price not found,Stock info not found,Rating not found,No social proof available,URL not found
Title not found,Brand not found,Discount not found,Price not found,Stock info not found,Rating not found,No social proof available,URL not found
Title not found,Brand not found,Discount not found,Price not found,Stock info not found,Rating not found,No social proof available,URL not found
Title not found,Brand not found,Discount not found,Price not found,Stock info not found,Rating not found,No social proof available,URL not found
Title not found,Brand not found,Discount not found,Price not found,Stock info not found,Rating not found,No social proof available,URL not found
Title not found,Brand not found,Discount not found,Price not found,Stock info not found,Rating not found,No social proof available,URL not found
Title not found,Brand not found,Discount not found,Price not found,Stock info not found,Rating not found,No social proof available,URL not found
Title not found,Brand not found,Discount not found,Price not found,Stock info not found,Rating not found,No social proof available,URL not found
Title not found,Brand not found,Discount not found,Price not found,Stock info not found,Rating not found,No social proof available,URL not found
Title not found,Brand not found,Discount not found,Price not found,Stock info not found,Rating not found,No social proof available,URL not found
Title not found,Brand not found,Discount not found,Price not found,Stock info not found,Rating not found,No social proof available,URL not found
Title not found,Brand not found,Discount not found,Price not found,Stock info not found,Rating not found,No social proof available,URL not found
Title not found,Brand not found,Discount not found,Price not found,Stock info not found,Rating not found,No social proof available,URL not found
Title not found,Brand not found,Discount not found,Price not found,Stock info not found,Rating not found,No social proof available,URL not found
Title not found,Brand not found,Discount not found,Price not found,Stock info not found,Rating not found,No social proof available,URL not found
Title not found,Brand not found,Discount not found,Price not found,Stock info not found,Rating not found,No social proof available,URL not found
Title not found,Brand not found,Discount not found,Price not found,Stock info not found,Rating not found,No social proof available,URL not found
Title not found,Brand not found,Discount not found,Price not found,Stock info not found,Rating not found,No social proof available,URL not found
Title not found,Brand not found,Discount not found,Price not found,Stock info not found,Rating not found,No social proof available,URL not found
Title not found,Brand not found,Discount not found,Price not found,Stock info not found,Rating not found,No social proof available,URL not found
Title not found,Brand not found,Discount not found,Price not found,Stock info not found,Rating not found,No social proof available,URL not found
Title not found,Brand not found,Discount not found,Price not found,Stock info not found,Rating not found,No social proof available,URL not found
"Kufoo POS Printer, Thermal Printer USB 80mm with Auto Cutter for Kitchen (EU Plug 100-240V)",,"₹18,699","9,692",,Rating not found,,https://www.amazon.in/Kufoo-Printer-Thermal-Kitchen-100-240V/dp/B0CB6W5BK8
Title not found,Brand not found,Discount not found,Price not found,Stock info not found,Rating not found,No social proof available,URL not found
Title not found,Brand not found,Discount not found,Price not found,Stock info not found,Rating not found,No social proof available,URL not found
"EXCLUZO Laser Head, Laser Module Fixed Easy Cutting for Paper (Normal Version)",,"₹1,09,328","54,664",,Rating not found,,https://www.amazon.in/EXCLUZO-Module-Cutting-Normal-Version/dp/B0CB6LDQPL
Title not found,Brand not found,Discount not found,Price not found,Stock info not found,Rating not found,No social proof available,URL not found
EXCLUZO Portable Mini Wireless 58mm BT Direct Thermal Printer Compatible with iOS Windows Li ESC/POS Print Commands Set,,"₹24,532","12,266",,Rating not found,,https://www.amazon.in/EXCLUZO-Portable-Wireless-Compatible-Commands/dp/B0CB6LB4VQ
Title not found,Brand not found,Discount not found,Price not found,Stock info not found,Rating not found,No social proof available,URL not found
Title not found,Brand not found,Discount not found,Price not found,Stock info not found,Rating not found,No social proof available,URL not found
Title not found,Brand not found,Discount not found,Price not found,Stock info not found,Rating not found,No social proof available,URL not found
"EXCLUZO Thermal Label Printer, Easy Connection Label Printer 203DPI High Resolution for Home for Businesses for Offices",,"₹35,964","17,982",,Rating not found,,https://www.amazon.in/EXCLUZO-Thermal-Connection-Resolution-Businesses/dp/B0CB6L575J
Title not found,Brand not found,Discount not found,Price not found,Stock info not found,Rating not found,No social proof available,URL not found
Title not found,Brand not found,Discount not found,Price not found,Stock info not found,Rating not found,No social proof available,URL not found
Title not found,Brand not found,Discount not found,Price not found,Stock info not found,Rating not found,No social proof available,URL not found
Title not found,Brand not found,Discount not found,Price not found,Stock info not found,Rating not found,No social proof available,URL not found
Title not found,Brand not found,Discount not found,Price not found,Stock info not found,Rating not found,No social proof available,URL not found
Title not found,Brand not found,Discount not found,Price not found,Stock info not found,Rating not found,No social proof available,URL not found
Title not found,Brand not found,Discount not found,Price not found,Stock info not found,Rating not found,No social proof available,URL not found
Title not found,Brand not found,Discount not found,Price not found,Stock info not found,Rating not found,No social proof available,URL not found
"EXCLUZO Profiles Accessories, Aluminum Profiles End Cover Easy Installation Practical 5Pcs Non Fade for 3D Printer(black)",,"₹2,954","1,427",,Rating not found,,https://www.amazon.in/EXCLUZO-Profiles-Accessories-Installation-Practical/dp/B0CB6JYC3Q
Title not found,Brand not found,Discount not found,Price not found,Stock info not found,Rating not found,No social proof available,URL not found
"EXCLUZO Finger Ink Pad, Stamping Pad, 35Pcs / Box Mini DIY Stamping Pad Paper for Cloth",,"₹12,478","6,189",,Rating not found,,https://www.amazon.in/EXCLUZO-Finger-Stamping-35Pcs-Paper/dp/B0CB6JTGQ1
Title not found,Brand not found,Discount not found,Price not found,Stock info not found,Rating not found,No social proof available,URL not found
"EXCLUZO Thermal Pad, 450W Heat Resistant 100K Thermistor, 350mm Side Length Silicone Thermal Pad for 3D Printer DC12V",,"₹29,578","14,789",,Rating not found,,https://www.amazon.in/EXCLUZO-Thermal-Resistant-Thermistor-Silicone/dp/B0CB6JNQPJ
Title not found,Brand not found,Discount not found,Price not found,Stock info not found,Rating not found,No social proof available,URL not found
Title not found,Brand not found,Discount not found,Price not found,Stock info not found,Rating not found,No social proof available,URL not found
Title not found,Brand not found,Discount not found,Price not found,Stock info not found,Rating not found,No social proof available,URL not found
"EXCLUZO Thermal Label Printer, Thermal Shipping Label Printer for Retail Business POS Systems, 90mm/s Label Maker for Express Delivery(#1)",,"₹15,328","7,614",,Rating not found,,https://www.amazon.in/EXCLUZO-Thermal-Shipping-Business-Delivery/dp/B0CB6JHKBV
"EXCLUZO Shipping Label Printer, High Speed Label Printer Portable Easy Connection 203DPI High Resolution for Offices for Businesses for Home",,"₹35,268","17,634",,Rating not found,,https://www.amazon.in/EXCLUZO-Shipping-Connection-Resolution-Businesses/dp/B0CB6JGZ91
Title not found,Brand not found,Discount not found,Price not found,Stock info not found,Rating not found,No social proof available,URL not found
"EXCLUZO Label Printer, Plastic Electronics Receipt Printer Wireless 203 DPI for Home for Business Organization EU Plug",,"₹32,262","16,131",,Rating not found,,https://www.amazon.in/EXCLUZO-Electronics-Wireless-Business-Organization/dp/B0CB6JBS6V
Title not found,Brand not found,Discount not found,Price not found,Stock info not found,Rating not found,No social proof available,URL not found
Title not found,Brand not found,Discount not found,Price not found,Stock info not found,Rating not found,No social proof available,URL not found
Title not found,Brand not found,Discount not found,Price not found,Stock info not found,Rating not found,No social proof available,URL not found
"EXCLUZO CNC Laser Engraver, Adjustable Spacing Roller Engraving Module Prevent Slippage for Cans",,"₹71,030","35,515",,Rating not found,,https://www.amazon.in/EXCLUZO-Engraver-Adjustable-Engraving-Slippage/dp/B0CB6J3GLP
Title not found,Brand not found,Discount not found,Price not found,Stock info not found,Rating not found,No social proof available,URL not found
Title not found,Brand not found,Discount not found,Price not found,Stock info not found,Rating not found,No social proof available,URL not found
Title not found,Brand not found,Discount not found,Price not found,Stock info not found,Rating not found,No social proof available,URL not found
Title not found,Brand not found,Discount not found,Price not found,Stock info not found,Rating not found,No social proof available,URL not found
Title not found,Brand not found,Discount not found,Price not found,Stock info not found,Rating not found,No social proof available,URL not found
"EXCLUZO Printer Flexible Tube, Ink Tubing Glossy Finish Standard Size for A3 A4 UV Printers 10m",,"₹4,656","2,278",,Rating not found,,https://www.amazon.in/EXCLUZO-Printer-Flexible-Standard-Printers/dp/B0CB6HJXRJ
Title not found,Brand not found,Discount not found,Price not found,Stock info not found,Rating not found,No social proof available,URL not found
Title not found,Brand not found,Discount not found,Price not found,Stock info not found,Rating not found,No social proof available,URL not found
"EXCLUZO Printer Head, Stable Reliable Original Printer Head Durable Lightweight for 7621 3620 3640 7111",,"₹14,100","7,000",,,,https://www.amazon.in/EXCLUZO-Printer-Reliable-Original-Lightweight/dp/B0CB6HCYPH
Title not found,Brand not found,Discount not found,Price not found,Stock info not found,Rating not found,No social proof available,URL not found
"EXCLUZO Thermal Printer, Thermal Label Printer Widely Used High Speed Printing for POS System for Transportation Label(#1)",,"₹25,478","12,739",,Rating not found,,https://www.amazon.in/EXCLUZO-Thermal-Printer-Printing-Transportation/dp/B0CB6H7W1P
"EXCLUZO USB Label Printer, Easily Use Low Power Consumption High Resolution Samll Portable Direct Thermal Label Printer Clear Printing for Shops for Kitchen(#1)",,"₹19,702","9,851",,Rating not found,,https://www.amazon.in/EXCLUZO-Consumption-Resolution-Portable-Printing/dp/B0CB6H2VZ5
Title not found,Brand not found,Discount not found,Price not found,Stock info not found,Rating not found,No social proof available,URL not found
"EXCLUZO Finger Ink Pad, Bright Color DIY Art Inkpad Washable Mini 35Pcs / Box Stamping Pad, Paper for Cloth",,"₹10,856","5,378",,Rating not found,,https://www.amazon.in/EXCLUZO-Finger-Bright-Washable-Stamping/dp/B0CB6GJ66J
Title not found,Brand not found,Discount not found,Price not found,Stock info not found,Rating not found,No social proof available,URL not found
Title not found,Brand not found,Discount not found,Price not found,Stock info not found,Rating not found,No social proof available,URL not found
EXCLUZO PeriPage L1 Printer Mini Pocket Label Maker Sticker Inkless Portable Thermal Wireless Label Printer Bluetooth-Compatible (Pink),,"₹11,300","5,600",,Rating not found,,https://www.amazon.in/EXCLUZO-Printer-Portable-Wireless-Bluetooth-Compatible/dp/B0CB6GCPXT
EXCLUZO Original S9 Air Assist Nozzle Kit with Air Pump US Version 110V High Speed Air Assist Full Metal Structure Perfectly Fits S6 PRO/S9 s Upgraded Engraving,,"₹54,180","27,090",,Rating not found,,https://www.amazon.in/EXCLUZO-Original-Structure-Perfectly-Engraving/dp/B0CB6GC9F1
Title not found,Brand not found,Discount not found,Price not found,Stock info not found,Rating not found,No social proof available,URL not found
Title not found,Brand not found,Discount not found,Price not found,Stock info not found,Rating not found,No social proof available,URL not found
Title not found,Brand not found,Discount not found,Price not found,Stock info not found,Rating not found,No social proof available,URL not found
Title not found,Brand not found,Discount not found,Price not found,Stock info not found,Rating not found,No social proof available,URL not found
Title not found,Brand not found,Discount not found,Price not found,Stock info not found,Rating not found,No social proof available,URL not found
Title not found,Brand not found,Discount not found,Price not found,Stock info not found,Rating not found,No social proof available,URL not found
Title not found,Brand not found,Discount not found,Price not found,Stock info not found,Rating not found,No social proof available,URL not found
"EXCLUZO Label Printer, Space Saving Design High Resolution Thermal Label Printer Continuous Printing for Logistics for Restaurants EU Plug",,"₹39,196","19,598",,Rating not found,,https://www.amazon.in/EXCLUZO-Resolution-Continuous-Logistics-Restaurants/dp/B0CB67HN68
Title not found,Brand not found,Discount not found,Price not found,Stock info not found,Rating not found,No social proof available,URL not found
Title not found,Brand not found,Discount not found,Price not found,Stock info not found,Rating not found,No social proof available,URL not found
Title not found,Brand not found,Discount not found,Price not found,Stock info not found,Rating not found,No social proof available,URL not found
Title not found,Brand not found,Discount not found,Price not found,Stock info not found,Rating not found,No social proof available,URL not found
Title not found,Brand not found,Discount not found,Price not found,Stock info not found,Rating not found,No social proof available,URL not found
Title not found,Brand not found,Discount not found,Price not found,Stock info not found,Rating not found,No social proof available,URL not found
Title not found,Brand not found,Discount not found,Price not found,Stock info not found,Rating not found,No social proof available,URL not found
Title not found,Brand not found,Discount not found,Price not found,Stock info not found,Rating not found,No social proof available,URL not found
Title not found,Brand not found,Discount not found,Price not found,Stock info not found,Rating not found,No social proof available,URL not found
Title not found,Brand not found,Discount not found,Price not found,Stock info not found,Rating not found,No social proof available,URL not found
Title not found,Brand not found,Discount not found,Price not found,Stock info not found,Rating not found,No social proof available,URL not found
"EXCLUZO Label Printer, Clear Printing High Speed ​​Printing Speed ​​Thermal Printer High Resolution for High Speed EU Plug",,"₹16,374","8,137",,Rating not found,,https://www.amazon.in/EXCLUZO-Printer-Printing-Thermal-Resolution/dp/B0CB66NGXC
Title not found,Brand not found,Discount not found,Price not found,Stock info not found,Rating not found,No social proof available,URL not found
Title not found,Brand not found,Discount not found,Price not found,Stock info not found,Rating not found,No social proof available,URL not found
Title not found,Brand not found,Discount not found,Price not found,Stock info not found,Rating not found,No social proof available,URL not found
Title not found,Brand not found,Discount not found,Price not found,Stock info not found,Rating not found,No social proof available,URL not found
Title not found,Brand not found,Discount not found,Price not found,Stock info not found,Rating not found,No social proof available,URL not found
Title not found,Brand not found,Discount not found,Price not found,Stock info not found,Rating not found,No social proof available,URL not found
Title not found,Brand not found,Discount not found,Price not found,Stock info not found,Rating not found,No social proof available,URL not found
Title not found,Brand not found,Discount not found,Price not found,Stock info not found,Rating not found,No social proof available,URL not found
Title not found,Brand not found,Discount not found,Price not found,Stock info not found,Rating not found,No social proof available,URL not found
Title not found,Brand not found,Discount not found,Price not found,Stock info not found,Rating not found,No social proof available,URL not found
"Zudoo POS Printer, Low Noise Thermal Receipt Printer Low Power Consumption High Speed Printing 58mm USB Port for Retail POS System (EU Plug)",,"₹14,199","7,394",,Rating not found,,https://www.amazon.in/Zudoo-Printer-Thermal-Consumption-Printing/dp/B0C9X6CQFZ
Title not found,Brand not found,Discount not found,Price not found,Stock info not found,Rating not found,No social proof available,URL not found
"Kufoo Thermal Receipt Printer, 100-240V 58mm POS Printer for Retail POS System (EU Plug)",,"₹9,399","4,679",,Rating not found,,https://www.amazon.in/Kufoo-Thermal-Receipt-Printer-100-240V/dp/B0C9X57G3Z
Title not found,Brand not found,Discount not found,Price not found,Stock info not found,Rating not found,No social proof available,URL not found
Title not found,Brand not found,Discount not found,Price not found,Stock info not found,Rating not found,No social proof available,URL not found
"Kufoo POS Printer, Thermal Receipt Printer USB Port 58mm 100-240V Low Noise for Retail POS System (EU Plug)",,"₹9,599","4,799",,Rating not found,,https://www.amazon.in/Kufoo-Printer-Thermal-Receipt-100-240V/dp/B0C9W6FN6W
Airshi Mini Printer Built-in Paper Box for Portable Mobile Office Thermal Printer,,"₹80,799","41,984",,Rating not found,,https://www.amazon.in/Airshi-Printer-Built-Portable-Thermal/dp/B0C9V7QT27
Title not found,Brand not found,Discount not found,Price not found,Stock info not found,Rating not found,No social proof available,URL not found
"LJCM Bill Printer, Mini Thermal Printer for Logistics (Without Storage Bag)",,"₹13,099","6,801",,Rating not found,,https://www.amazon.in/LJCM-Printer-Thermal-Logistics-Without/dp/B0C9TG5FR3
Title not found,Brand not found,Discount not found,Price not found,Stock info not found,Rating not found,No social proof available,URL not found
Title not found,Brand not found,Discount not found,Price not found,Stock info not found,Rating not found,No social proof available,URL not found
"Airshi Portable Thermal Printer, Portable Notes Printer, Thermal Label Printer for Printing Photo Wrong Question Office School Supplies",,"₹6,399","3,331",,Rating not found,,https://www.amazon.in/Airshi-Portable-Printing-Question-Supplies/dp/B0C9RWT2WN
Title not found,Brand not found,Discount not found,Price not found,Stock info not found,Rating not found,No social proof available,URL not found
Title not found,Brand not found,Discount not found,Price not found,Stock info not found,Rating not found,No social proof available,URL not found
Title not found,Brand not found,Discount not found,Price not found,Stock info not found,Rating not found,No social proof available,URL not found
Practical Color Print Head for Canon IP7220 IP7250 MG5420 MG5450 Printers Scanners Accessories QY60082 with Protective Cover,,"₹7,399","3,709",,,,https://www.amazon.in/Practical-Printers-Scanners-Accessories-Protective/dp/B0C998TSV6
Title not found,Brand not found,Discount not found,Price not found,Stock info not found,Rating not found,No social proof available,URL not found
Title not found,Brand not found,Discount not found,Price not found,Stock info not found,Rating not found,No social proof available,URL not found
Title not found,Brand not found,Discount not found,Price not found,Stock info not found,Rating not found,No social proof available,URL not found
Title not found,Brand not found,Discount not found,Price not found,Stock info not found,Rating not found,No social proof available,URL not found
Title not found,Brand not found,Discount not found,Price not found,Stock info not found,Rating not found,No social proof available,URL not found
Printhead Replacement Print Head Printhead Replacement Color Printing Easy Replaceable Stable Reliable Convenient Practical Printers Supplies for Canon,,"₹25,199","13,088",,Rating not found,,https://www.amazon.in/Printhead-Replacement-Replaceable-Convenient-Practical/dp/B0C8JN8J5Z
Title not found,Brand not found,Discount not found,Price not found,Stock info not found,Rating not found,No social proof available,URL not found
Title not found,Brand not found,Discount not found,Price not found,Stock info not found,Rating not found,No social proof available,URL not found
Title not found,Brand not found,Discount not found,Price not found,Stock info not found,Rating not found,No social proof available,URL not found
Title not found,Brand not found,Discount not found,Price not found,Stock info not found,Rating not found,No social proof available,URL not found
"Laser Cutter Air Pump, Stable Shock Absorbing Laser Cutting Air Assist Pump 16W Heat Dissipation for Workshop (DC-30)",,"₹17,499","9,140",,Rating not found,,https://www.amazon.in/Cutter-Absorbing-Cutting-Dissipation-Workshop/dp/B0C7W4V4YD
Title not found,Brand not found,Discount not found,Price not found,Stock info not found,Rating not found,No social proof available,URL not found
Title not found,Brand not found,Discount not found,Price not found,Stock info not found,Rating not found,No social proof available,URL not found
Title not found,Brand not found,Discount not found,Price not found,Stock info not found,Rating not found,No social proof available,URL not found
Marine For Nmea Distributor Boat Standard Compliant Dual Channel For Nmea Converter,,Discount not found,Price not found,Stock info not found,Rating not found,,https://www.amazon.in/Distributor-Standard-Compliant-Channel-Converter/dp/B0C7PH6J53
Title not found,Brand not found,Discount not found,Price not found,Stock info not found,Rating not found,No social proof available,URL not found
Title not found,Brand not found,Discount not found,Price not found,Stock info not found,Rating not found,No social proof available,URL not found
Title not found,Brand not found,Discount not found,Price not found,Stock info not found,Rating not found,No social proof available,URL not found
Title not found,Brand not found,Discount not found,Price not found,Stock info not found,Rating not found,No social proof available,URL not found
Title not found,Brand not found,Discount not found,Price not found,Stock info not found,Rating not found,No social proof available,URL not found
Title not found,Brand not found,Discount not found,Price not found,Stock info not found,Rating not found,No social proof available,URL not found
Title not found,Brand not found,Discount not found,Price not found,Stock info not found,Rating not found,No social proof available,URL not found
Title not found,Brand not found,Discount not found,Price not found,Stock info not found,Rating not found,No social proof available,URL not found
Disenparts 879885Q In-line Fuel Filter 5/16 inch 35-879885Q Compatible with Mercury Mariner 4 Stroke 40/50/60 HP EFI 75-115 135-300HP Verado Outboards 18-7718 35-879885T 879885T 35-879885K(2 Pcs),,Discount not found,Price not found,Stock info not found,5.0  5.0 out of 5 stars  (1),,https://www.amazon.in/Disenparts-35-879885Q-Compatible-Stroke-35-879885T/dp/B0C6KDRNW9
Ubersweet® Portable Flip Book Kit with Light Pad Tablet LED Light Box 3 Level Brightn Control 300 Sheets Flipbook Par with Bing Screws for Tracing and Ding',,"₹22,699","11,198",,Rating not found,,https://www.amazon.in/Ubersweet%C2%AE-Portable-Brightn-Control-Flipbook/dp/B0C6KD5S6D
Title not found,Brand not found,Discount not found,Price not found,Stock info not found,Rating not found,No social proof available,URL not found
Title not found,Brand not found,Discount not found,Price not found,Stock info not found,Rating not found,No social proof available,URL not found
Title not found,Brand not found,Discount not found,Price not found,Stock info not found,Rating not found,No social proof available,URL not found
Title not found,Brand not found,Discount not found,Price not found,Stock info not found,Rating not found,No social proof available,URL not found
Title not found,Brand not found,Discount not found,Price not found,Stock info not found,Rating not found,No social proof available,URL not found
Title not found,Brand not found,Discount not found,Price not found,Stock info not found,Rating not found,No social proof available,URL not found
Title not found,Brand not found,Discount not found,Price not found,Stock info not found,Rating not found,No social proof available,URL not found
Title not found,Brand not found,Discount not found,Price not found,Stock info not found,Rating not found,No social proof available,URL not found
Title not found,Brand not found,Discount not found,Price not found,Stock info not found,Rating not found,No social proof available,URL not found
Title not found,Brand not found,Discount not found,Price not found,Stock info not found,Rating not found,No social proof available,URL not found
Title not found,Brand not found,Discount not found,Price not found,Stock info not found,Rating not found,No social proof available,URL not found
Title not found,Brand not found,Discount not found,Price not found,Stock info not found,Rating not found,No social proof available,URL not found
Title not found,Brand not found,Discount not found,Price not found,Stock info not found,Rating not found,No social proof available,URL not found
Title not found,Brand not found,Discount not found,Price not found,Stock info not found,Rating not found,No social proof available,URL not found
Title not found,Brand not found,Discount not found,Price not found,Stock info not found,Rating not found,No social proof available,URL not found
Ubersweet® Portable Flip Book Kit with Light Pad Tablet LED Light Box 3 Level Brightn Control 300 Sheets Flipbook Par with Bing Screws for Tracing and Ding,,"₹22,699","11,198",,Rating not found,,https://www.amazon.in/Ubersweet%C2%AE-Portable-Brightn-Control-Flipbook/dp/B0C5XDQPF3
Title not found,Brand not found,Discount not found,Price not found,Stock info not found,Rating not found,No social proof available,URL not found
Title not found,Brand not found,Discount not found,Price not found,Stock info not found,Rating not found,No social proof available,URL not found
Title not found,Brand not found,Discount not found,Price not found,Stock info not found,Rating not found,No social proof available,URL not found
Title not found,Brand not found,Discount not found,Price not found,Stock info not found,Rating not found,No social proof available,URL not found
Title not found,Brand not found,Discount not found,Price not found,Stock info not found,Rating not found,No social proof available,URL not found
Title not found,Brand not found,Discount not found,Price not found,Stock info not found,Rating not found,No social proof available,URL not found
Title not found,Brand not found,Discount not found,Price not found,Stock info not found,Rating not found,No social proof available,URL not found
Title not found,Brand not found,Discount not found,Price not found,Stock info not found,Rating not found,No social proof available,URL not found
Title not found,Brand not found,Discount not found,Price not found,Stock info not found,Rating not found,No social proof available,URL not found
Title not found,Brand not found,Discount not found,Price not found,Stock info not found,Rating not found,No social proof available,URL not found
Title not found,Brand not found,Discount not found,Price not found,Stock info not found,Rating not found,No social proof available,URL not found
Title not found,Brand not found,Discount not found,Price not found,Stock info not found,Rating not found,No social proof available,URL not found
Title not found,Brand not found,Discount not found,Price not found,Stock info not found,Rating not found,No social proof available,URL not found
Title not found,Brand not found,Discount not found,Price not found,Stock info not found,Rating not found,No social proof available,URL not found
Title not found,Brand not found,Discount not found,Price not found,Stock info not found,Rating not found,No social proof available,URL not found
Title not found,Brand not found,Discount not found,Price not found,Stock info not found,Rating not found,No social proof available,URL not found
Title not found,Brand not found,Discount not found,Price not found,Stock info not found,Rating not found,No social proof available,URL not found
Title not found,Brand not found,Discount not found,Price not found,Stock info not found,Rating not found,No social proof available,URL not found
Title not found,Brand not found,Discount not found,Price not found,Stock info not found,Rating not found,No social proof available,URL not found
Title not found,Brand not found,Discount not found,Price not found,Stock info not found,Rating not found,No social proof available,URL not found
Title not found,Brand not found,Discount not found,Price not found,Stock info not found,Rating not found,No social proof available,URL not found
Title not found,Brand not found,Discount not found,Price not found,Stock info not found,Rating not found,No social proof available,URL not found
Title not found,Brand not found,Discount not found,Price not found,Stock info not found,Rating not found,No social proof available,URL not found
Title not found,Brand not found,Discount not found,Price not found,Stock info not found,Rating not found,No social proof available,URL not found
Title not found,Brand not found,Discount not found,Price not found,Stock info not found,Rating not found,No social proof available,URL not found
Title not found,Brand not found,Discount not found,Price not found,Stock info not found,Rating not found,No social proof available,URL not found
Title not found,Brand not found,Discount not found,Price not found,Stock info not found,Rating not found,No social proof available,URL not found
Title not found,Brand not found,Discount not found,Price not found,Stock info not found,Rating not found,No social proof available,URL not found
Title not found,Brand not found,Discount not found,Price not found,Stock info not found,Rating not found,No social proof available,URL not found
Title not found,Brand not found,Discount not found,Price not found,Stock info not found,Rating not found,No social proof available,URL not found
Title not found,Brand not found,Discount not found,Price not found,Stock info not found,Rating not found,No social proof available,URL not found
Title not found,Brand not found,Discount not found,Price not found,Stock info not found,Rating not found,No social proof available,URL not found
Title not found,Brand not found,Discount not found,Price not found,Stock info not found,Rating not found,No social proof available,URL not found
Title not found,Brand not found,Discount not found,Price not found,Stock info not found,Rating not found,No social proof available,URL not found
Title not found,Brand not found,Discount not found,Price not found,Stock info not found,Rating not found,No social proof available,URL not found
Title not found,Brand not found,Discount not found,Price not found,Stock info not found,Rating not found,No social proof available,URL not found
Title not found,Brand not found,Discount not found,Price not found,Stock info not found,Rating not found,No social proof available,URL not found
Title not found,Brand not found,Discount not found,Price not found,Stock info not found,Rating not found,No social proof available,URL not found
Title not found,Brand not found,Discount not found,Price not found,Stock info not found,Rating not found,No social proof available,URL not found
Title not found,Brand not found,Discount not found,Price not found,Stock info not found,Rating not found,No social proof available,URL not found
Title not found,Brand not found,Discount not found,Price not found,Stock info not found,Rating not found,No social proof available,URL not found
Title not found,Brand not found,Discount not found,Price not found,Stock info not found,Rating not found,No social proof available,URL not found
Title not found,Brand not found,Discount not found,Price not found,Stock info not found,Rating not found,No social proof available,URL not found
Title not found,Brand not found,Discount not found,Price not found,Stock info not found,Rating not found,No social proof available,URL not found
Title not found,Brand not found,Discount not found,Price not found,Stock info not found,Rating not found,No social proof available,URL not found
Title not found,Brand not found,Discount not found,Price not found,Stock info not found,Rating not found,No social proof available,URL not found
Title not found,Brand not found,Discount not found,Price not found,Stock info not found,Rating not found,No social proof available,URL not found
Title not found,Brand not found,Discount not found,Price not found,Stock info not found,Rating not found,No social proof available,URL not found
Title not found,Brand not found,Discount not found,Price not found,Stock info not found,Rating not found,No social proof available,URL not found
Title not found,Brand not found,Discount not found,Price not found,Stock info not found,Rating not found,No social proof available,URL not found
Title not found,Brand not found,Discount not found,Price not found,Stock info not found,Rating not found,No social proof available,URL not found
Title not found,Brand not found,Discount not found,Price not found,Stock info not found,Rating not found,No social proof available,URL not found
Title not found,Brand not found,Discount not found,Price not found,Stock info not found,Rating not found,No social proof available,URL not found
Title not found,Brand not found,Discount not found,Price not found,Stock info not found,Rating not found,No social proof available,URL not found
Title not found,Brand not found,Discount not found,Price not found,Stock info not found,Rating not found,No social proof available,URL not found
Title not found,Brand not found,Discount not found,Price not found,Stock info not found,Rating not found,No social proof available,URL not found
Title not found,Brand not found,Discount not found,Price not found,Stock info not found,Rating not found,No social proof available,URL not found
Title not found,Brand not found,Discount not found,Price not found,Stock info not found,Rating not found,No social proof available,URL not found
Title not found,Brand not found,Discount not found,Price not found,Stock info not found,Rating not found,No social proof available,URL not found
Title not found,Brand not found,Discount not found,Price not found,Stock info not found,Rating not found,No social proof available,URL not found
Title not found,Brand not found,Discount not found,Price not found,Stock info not found,Rating not found,No social proof available,URL not found
Title not found,Brand not found,Discount not found,Price not found,Stock info not found,Rating not found,No social proof available,URL not found
Title not found,Brand not found,Discount not found,Price not found,Stock info not found,Rating not found,No social proof available,URL not found
Title not found,Brand not found,Discount not found,Price not found,Stock info not found,Rating not found,No social proof available,URL not found
Title not found,Brand not found,Discount not found,Price not found,Stock info not found,Rating not found,No social proof available,URL not found
Title not found,Brand not found,Discount not found,Price not found,Stock info not found,Rating not found,No social proof available,URL not found
Title not found,Brand not found,Discount not found,Price not found,Stock info not found,Rating not found,No social proof available,URL not found
Title not found,Brand not found,Discount not found,Price not found,Stock info not found,Rating not found,No social proof available,URL not found
Title not found,Brand not found,Discount not found,Price not found,Stock info not found,Rating not found,No social proof available,URL not found
Title not found,Brand not found,Discount not found,Price not found,Stock info not found,Rating not found,No social proof available,URL not found
Title not found,Brand not found,Discount not found,Price not found,Stock info not found,Rating not found,No social proof available,URL not found
Title not found,Brand not found,Discount not found,Price not found,Stock info not found,Rating not found,No social proof available,URL not found
Title not found,Brand not found,Discount not found,Price not found,Stock info not found,Rating not found,No social proof available,URL not found
Title not found,Brand not found,Discount not found,Price not found,Stock info not found,Rating not found,No social proof available,URL not found
Title not found,Brand not found,Discount not found,Price not found,Stock info not found,Rating not found,No social proof available,URL not found
Title not found,Brand not found,Discount not found,Price not found,Stock info not found,Rating not found,No social proof available,URL not found
Title not found,Brand not found,Discount not found,Price not found,Stock info not found,Rating not found,No social proof available,URL not found
Title not found,Brand not found,Discount not found,Price not found,Stock info not found,Rating not found,No social proof available,URL not found
Title not found,Brand not found,Discount not found,Price not found,Stock info not found,Rating not found,No social proof available,URL not found
Title not found,Brand not found,Discount not found,Price not found,Stock info not found,Rating not found,No social proof available,URL not found
Title not found,Brand not found,Discount not found,Price not found,Stock info not found,Rating not found,No social proof available,URL not found
Title not found,Brand not found,Discount not found,Price not found,Stock info not found,Rating not found,No social proof available,URL not found
Title not found,Brand not found,Discount not found,Price not found,Stock info not found,Rating not found,No social proof available,URL not found
Title not found,Brand not found,Discount not found,Price not found,Stock info not found,Rating not found,No social proof available,URL not found
Title not found,Brand not found,Discount not found,Price not found,Stock info not found,Rating not found,No social proof available,URL not found
Title not found,Brand not found,Discount not found,Price not found,Stock info not found,Rating not found,No social proof available,URL not found
Title not found,Brand not found,Discount not found,Price not found,Stock info not found,Rating not found,No social proof available,URL not found
Title not found,Brand not found,Discount not found,Price not found,Stock info not found,Rating not found,No social proof available,URL not found
Title not found,Brand not found,Discount not found,Price not found,Stock info not found,Rating not found,No social proof available,URL not found
Title not found,Brand not found,Discount not found,Price not found,Stock info not found,Rating not found,No social proof available,URL not found
Title not found,Brand not found,Discount not found,Price not found,Stock info not found,Rating not found,No social proof available,URL not found
Title not found,Brand not found,Discount not found,Price not found,Stock info not found,Rating not found,No social proof available,URL not found
Title not found,Brand not found,Discount not found,Price not found,Stock info not found,Rating not found,No social proof available,URL not found
Title not found,Brand not found,Discount not found,Price not found,Stock info not found,Rating not found,No social proof available,URL not found
Title not found,Brand not found,Discount not found,Price not found,Stock info not found,Rating not found,No social proof available,URL not found
Title not found,Brand not found,Discount not found,Price not found,Stock info not found,Rating not found,No social proof available,URL not found
Title not found,Brand not found,Discount not found,Price not found,Stock info not found,Rating not found,No social proof available,URL not found
Title not found,Brand not found,Discount not found,Price not found,Stock info not found,Rating not found,No social proof available,URL not found
Title not found,Brand not found,Discount not found,Price not found,Stock info not found,Rating not found,No social proof available,URL not found
Title not found,Brand not found,Discount not found,Price not found,Stock info not found,Rating not found,No social proof available,URL not found
Title not found,Brand not found,Discount not found,Price not found,Stock info not found,Rating not found,No social proof available,URL not found
Title not found,Brand not found,Discount not found,Price not found,Stock info not found,Rating not found,No social proof available,URL not found
Title not found,Brand not found,Discount not found,Price not found,Stock info not found,Rating not found,No social proof available,URL not found
Title not found,Brand not found,Discount not found,Price not found,Stock info not found,Rating not found,No social proof available,URL not found
Title not found,Brand not found,Discount not found,Price not found,Stock info not found,Rating not found,No social proof available,URL not found
Title not found,Brand not found,Discount not found,Price not found,Stock info not found,Rating not found,No social proof available,URL not found
Title not found,Brand not found,Discount not found,Price not found,Stock info not found,Rating not found,No social proof available,URL not found
Title not found,Brand not found,Discount not found,Price not found,Stock info not found,Rating not found,No social proof available,URL not found
Title not found,Brand not found,Discount not found,Price not found,Stock info not found,Rating not found,No social proof available,URL not found
Title not found,Brand not found,Discount not found,Price not found,Stock info not found,Rating not found,No social proof available,URL not found
Title not found,Brand not found,Discount not found,Price not found,Stock info not found,Rating not found,No social proof available,URL not found
Title not found,Brand not found,Discount not found,Price not found,Stock info not found,Rating not found,No social proof available,URL not found
Title not found,Brand not found,Discount not found,Price not found,Stock info not found,Rating not found,No social proof available,URL not found
Title not found,Brand not found,Discount not found,Price not found,Stock info not found,Rating not found,No social proof available,URL not found
Title not found,Brand not found,Discount not found,Price not found,Stock info not found,Rating not found,No social proof available,URL not found
Title not found,Brand not found,Discount not found,Price not found,Stock info not found,Rating not found,No social proof available,URL not found
Title not found,Brand not found,Discount not found,Price not found,Stock info not found,Rating not found,No social proof available,URL not found
Title not found,Brand not found,Discount not found,Price not found,Stock info not found,Rating not found,No social proof available,URL not found
Title not found,Brand not found,Discount not found,Price not found,Stock info not found,Rating not found,No social proof available,URL not found
Title not found,Brand not found,Discount not found,Price not found,Stock info not found,Rating not found,No social proof available,URL not found
Title not found,Brand not found,Discount not found,Price not found,Stock info not found,Rating not found,No social proof available,URL not found
"Ubersweet® 46T 104 BCD Chainring and Adapter, CNC Cutting Exquisite Workmanship 46T Chainring Conversion Kit for Mid Drive Motor (Black)",,"₹19,199","9,508",,Rating not found,,https://www.amazon.in/Ubersweet%C2%AE-Chainring-Exquisite-Workmanship-Conversion/dp/B0C5SYRS1X
Title not found,Brand not found,Discount not found,Price not found,Stock info not found,Rating not found,No social proof available,URL not found
Title not found,Brand not found,Discount not found,Price not found,Stock info not found,Rating not found,No social proof available,URL not found
Title not found,Brand not found,Discount not found,Price not found,Stock info not found,Rating not found,No social proof available,URL not found
Title not found,Brand not found,Discount not found,Price not found,Stock info not found,Rating not found,No social proof available,URL not found
Title not found,Brand not found,Discount not found,Price not found,Stock info not found,Rating not found,No social proof available,URL not found
Title not found,Brand not found,Discount not found,Price not found,Stock info not found,Rating not found,No social proof available,URL not found
Title not found,Brand not found,Discount not found,Price not found,Stock info not found,Rating not found,No social proof available,URL not found
Title not found,Brand not found,Discount not found,Price not found,Stock info not found,Rating not found,No social proof available,URL not found
Title not found,Brand not found,Discount not found,Price not found,Stock info not found,Rating not found,No social proof available,URL not found
Title not found,Brand not found,Discount not found,Price not found,Stock info not found,Rating not found,No social proof available,URL not found
Title not found,Brand not found,Discount not found,Price not found,Stock info not found,Rating not found,No social proof available,URL not found
Title not found,Brand not found,Discount not found,Price not found,Stock info not found,Rating not found,No social proof available,URL not found
Title not found,Brand not found,Discount not found,Price not found,Stock info not found,Rating not found,No social proof available,URL not found
Title not found,Brand not found,Discount not found,Price not found,Stock info not found,Rating not found,No social proof available,URL not found
Title not found,Brand not found,Discount not found,Price not found,Stock info not found,Rating not found,No social proof available,URL not found
Title not found,Brand not found,Discount not found,Price not found,Stock info not found,Rating not found,No social proof available,URL not found
Title not found,Brand not found,Discount not found,Price not found,Stock info not found,Rating not found,No social proof available,URL not found
Title not found,Brand not found,Discount not found,Price not found,Stock info not found,Rating not found,No social proof available,URL not found
"UBERSWEET® 2.0G Main Frequency Fast Transmission Microcomputer for Mini PC, Win 11 Home System (EU Plug)",,"₹43,699","21,598",,Rating not found,,https://www.amazon.in/UBERSWEET%C2%AE-Frequency-Transmission-Microcomputer-System/dp/B0C5SY1G3J
Title not found,Brand not found,Discount not found,Price not found,Stock info not found,Rating not found,No social proof available,URL not found
Title not found,Brand not found,Discount not found,Price not found,Stock info not found,Rating not found,No social proof available,URL not found
Title not found,Brand not found,Discount not found,Price not found,Stock info not found,Rating not found,No social proof available,URL not found
Title not found,Brand not found,Discount not found,Price not found,Stock info not found,Rating not found,No social proof available,URL not found
Title not found,Brand not found,Discount not found,Price not found,Stock info not found,Rating not found,No social proof available,URL not found
Title not found,Brand not found,Discount not found,Price not found,Stock info not found,Rating not found,No social proof available,URL not found
Title not found,Brand not found,Discount not found,Price not found,Stock info not found,Rating not found,No social proof available,URL not found
Title not found,Brand not found,Discount not found,Price not found,Stock info not found,Rating not found,No social proof available,URL not found
Title not found,Brand not found,Discount not found,Price not found,Stock info not found,Rating not found,No social proof available,URL not found
Title not found,Brand not found,Discount not found,Price not found,Stock info not found,Rating not found,No social proof available,URL not found
Title not found,Brand not found,Discount not found,Price not found,Stock info not found,Rating not found,No social proof available,URL not found
Title not found,Brand not found,Discount not found,Price not found,Stock info not found,Rating not found,No social proof available,URL not found
Title not found,Brand not found,Discount not found,Price not found,Stock info not found,Rating not found,No social proof available,URL not found
Title not found,Brand not found,Discount not found,Price not found,Stock info not found,Rating not found,No social proof available,URL not found
Title not found,Brand not found,Discount not found,Price not found,Stock info not found,Rating not found,No social proof available,URL not found
Title not found,Brand not found,Discount not found,Price not found,Stock info not found,Rating not found,No social proof available,URL not found
Title not found,Brand not found,Discount not found,Price not found,Stock info not found,Rating not found,No social proof available,URL not found
Title not found,Brand not found,Discount not found,Price not found,Stock info not found,Rating not found,No social proof available,URL not found
Title not found,Brand not found,Discount not found,Price not found,Stock info not found,Rating not found,No social proof available,URL not found
Title not found,Brand not found,Discount not found,Price not found,Stock info not found,Rating not found,No social proof available,URL not found
Title not found,Brand not found,Discount not found,Price not found,Stock info not found,Rating not found,No social proof available,URL not found
Title not found,Brand not found,Discount not found,Price not found,Stock info not found,Rating not found,No social proof available,URL not found
Title not found,Brand not found,Discount not found,Price not found,Stock info not found,Rating not found,No social proof available,URL not found
Title not found,Brand not found,Discount not found,Price not found,Stock info not found,Rating not found,No social proof available,URL not found
Title not found,Brand not found,Discount not found,Price not found,Stock info not found,Rating not found,No social proof available,URL not found
Title not found,Brand not found,Discount not found,Price not found,Stock info not found,Rating not found,No social proof available,URL not found
Title not found,Brand not found,Discount not found,Price not found,Stock info not found,Rating not found,No social proof available,URL not found
Title not found,Brand not found,Discount not found,Price not found,Stock info not found,Rating not found,No social proof available,URL not found
Title not found,Brand not found,Discount not found,Price not found,Stock info not found,Rating not found,No social proof available,URL not found
Title not found,Brand not found,Discount not found,Price not found,Stock info not found,Rating not found,No social proof available,URL not found
Title not found,Brand not found,Discount not found,Price not found,Stock info not found,Rating not found,No social proof available,URL not found
Title not found,Brand not found,Discount not found,Price not found,Stock info not found,Rating not found,No social proof available,URL not found
Title not found,Brand not found,Discount not found,Price not found,Stock info not found,Rating not found,No social proof available,URL not found
Title not found,Brand not found,Discount not found,Price not found,Stock info not found,Rating not found,No social proof available,URL not found
Title not found,Brand not found,Discount not found,Price not found,Stock info not found,Rating not found,No social proof available,URL not found
Title not found,Brand not found,Discount not found,Price not found,Stock info not found,Rating not found,No social proof available,URL not found
Title not found,Brand not found,Discount not found,Price not found,Stock info not found,Rating not found,No social proof available,URL not found
Title not found,Brand not found,Discount not found,Price not found,Stock info not found,Rating not found,No social proof available,URL not found
Title not found,Brand not found,Discount not found,Price not found,Stock info not found,Rating not found,No social proof available,URL not found
Title not found,Brand not found,Discount not found,Price not found,Stock info not found,Rating not found,No social proof available,URL not found
Title not found,Brand not found,Discount not found,Price not found,Stock info not found,Rating not found,No social proof available,URL not found
Title not found,Brand not found,Discount not found,Price not found,Stock info not found,Rating not found,No social proof available,URL not found
"Print Head, Impact Resistant Color Print Head for MP530 for MP500 for IP4200",,"₹9,399","4,887",,Rating not found,,https://www.amazon.in/Print-Impact-Resistant-Color-IP4200/dp/B0C4LH4RKH
Title not found,Brand not found,Discount not found,Price not found,Stock info not found,Rating not found,No social proof available,URL not found
Title not found,Brand not found,Discount not found,Price not found,Stock info not found,Rating not found,No social proof available,URL not found
Title not found,Brand not found,Discount not found,Price not found,Stock info not found,Rating not found,No social proof available,URL not found
Title not found,Brand not found,Discount not found,Price not found,Stock info not found,Rating not found,No social proof available,URL not found
Title not found,Brand not found,Discount not found,Price not found,Stock info not found,Rating not found,No social proof available,URL not found
Title not found,Brand not found,Discount not found,Price not found,Stock info not found,Rating not found,No social proof available,URL not found
Title not found,Brand not found,Discount not found,Price not found,Stock info not found,Rating not found,No social proof available,URL not found
Title not found,Brand not found,Discount not found,Price not found,Stock info not found,Rating not found,No social proof available,URL not found
Title not found,Brand not found,Discount not found,Price not found,Stock info not found,Rating not found,No social proof available,URL not found
Title not found,Brand not found,Discount not found,Price not found,Stock info not found,Rating not found,No social proof available,URL not found
Title not found,Brand not found,Discount not found,Price not found,Stock info not found,Rating not found,No social proof available,URL not found
Title not found,Brand not found,Discount not found,Price not found,Stock info not found,Rating not found,No social proof available,URL not found
Title not found,Brand not found,Discount not found,Price not found,Stock info not found,Rating not found,No social proof available,URL not found
Title not found,Brand not found,Discount not found,Price not found,Stock info not found,Rating not found,No social proof available,URL not found
Title not found,Brand not found,Discount not found,Price not found,Stock info not found,Rating not found,No social proof available,URL not found
Title not found,Brand not found,Discount not found,Price not found,Stock info not found,Rating not found,No social proof available,URL not found
Title not found,Brand not found,Discount not found,Price not found,Stock info not found,Rating not found,No social proof available,URL not found
Title not found,Brand not found,Discount not found,Price not found,Stock info not found,Rating not found,No social proof available,URL not found
Title not found,Brand not found,Discount not found,Price not found,Stock info not found,Rating not found,No social proof available,URL not found
Title not found,Brand not found,Discount not found,Price not found,Stock info not found,Rating not found,No social proof available,URL not found
Title not found,Brand not found,Discount not found,Price not found,Stock info not found,Rating not found,No social proof available,URL not found
Title not found,Brand not found,Discount not found,Price not found,Stock info not found,Rating not found,No social proof available,URL not found
Title not found,Brand not found,Discount not found,Price not found,Stock info not found,Rating not found,No social proof available,URL not found
Title not found,Brand not found,Discount not found,Price not found,Stock info not found,Rating not found,No social proof available,URL not found
Title not found,Brand not found,Discount not found,Price not found,Stock info not found,Rating not found,No social proof available,URL not found
Title not found,Brand not found,Discount not found,Price not found,Stock info not found,Rating not found,No social proof available,URL not found
Title not found,Brand not found,Discount not found,Price not found,Stock info not found,Rating not found,No social proof available,URL not found
Title not found,Brand not found,Discount not found,Price not found,Stock info not found,Rating not found,No social proof available,URL not found
Title not found,Brand not found,Discount not found,Price not found,Stock info not found,Rating not found,No social proof available,URL not found
Title not found,Brand not found,Discount not found,Price not found,Stock info not found,Rating not found,No social proof available,URL not found
Title not found,Brand not found,Discount not found,Price not found,Stock info not found,Rating not found,No social proof available,URL not found
Title not found,Brand not found,Discount not found,Price not found,Stock info not found,Rating not found,No social proof available,URL not found
Title not found,Brand not found,Discount not found,Price not found,Stock info not found,Rating not found,No social proof available,URL not found
Title not found,Brand not found,Discount not found,Price not found,Stock info not found,Rating not found,No social proof available,URL not found
Title not found,Brand not found,Discount not found,Price not found,Stock info not found,Rating not found,No social proof available,URL not found
Title not found,Brand not found,Discount not found,Price not found,Stock info not found,Rating not found,No social proof available,URL not found
Title not found,Brand not found,Discount not found,Price not found,Stock info not found,Rating not found,No social proof available,URL not found
Title not found,Brand not found,Discount not found,Price not found,Stock info not found,Rating not found,No social proof available,URL not found
Title not found,Brand not found,Discount not found,Price not found,Stock info not found,Rating not found,No social proof available,URL not found
Title not found,Brand not found,Discount not found,Price not found,Stock info not found,Rating not found,No social proof available,URL not found
Title not found,Brand not found,Discount not found,Price not found,Stock info not found,Rating not found,No social proof available,URL not found
Title not found,Brand not found,Discount not found,Price not found,Stock info not found,Rating not found,No social proof available,URL not found
Title not found,Brand not found,Discount not found,Price not found,Stock info not found,Rating not found,No social proof available,URL not found
Title not found,Brand not found,Discount not found,Price not found,Stock info not found,Rating not found,No social proof available,URL not found
Title not found,Brand not found,Discount not found,Price not found,Stock info not found,Rating not found,No social proof available,URL not found
Title not found,Brand not found,Discount not found,Price not found,Stock info not found,Rating not found,No social proof available,URL not found
Title not found,Brand not found,Discount not found,Price not found,Stock info not found,Rating not found,No social proof available,URL not found
Title not found,Brand not found,Discount not found,Price not found,Stock info not found,Rating not found,No social proof available,URL not found
Title not found,Brand not found,Discount not found,Price not found,Stock info not found,Rating not found,No social proof available,URL not found
Title not found,Brand not found,Discount not found,Price not found,Stock info not found,Rating not found,No social proof available,URL not found
Title not found,Brand not found,Discount not found,Price not found,Stock info not found,Rating not found,No social proof available,URL not found
Title not found,Brand not found,Discount not found,Price not found,Stock info not found,Rating not found,No social proof available,URL not found
Title not found,Brand not found,Discount not found,Price not found,Stock info not found,Rating not found,No social proof available,URL not found
Title not found,Brand not found,Discount not found,Price not found,Stock info not found,Rating not found,No social proof available,URL not found
Title not found,Brand not found,Discount not found,Price not found,Stock info not found,Rating not found,No social proof available,URL not found
Title not found,Brand not found,Discount not found,Price not found,Stock info not found,Rating not found,No social proof available,URL not found
Title not found,Brand not found,Discount not found,Price not found,Stock info not found,Rating not found,No social proof available,URL not found
Title not found,Brand not found,Discount not found,Price not found,Stock info not found,Rating not found,No social proof available,URL not found
Title not found,Brand not found,Discount not found,Price not found,Stock info not found,Rating not found,No social proof available,URL not found
Title not found,Brand not found,Discount not found,Price not found,Stock info not found,Rating not found,No social proof available,URL not found
Title not found,Brand not found,Discount not found,Price not found,Stock info not found,Rating not found,No social proof available,URL not found
Title not found,Brand not found,Discount not found,Price not found,Stock info not found,Rating not found,No social proof available,URL not found
Title not found,Brand not found,Discount not found,Price not found,Stock info not found,Rating not found,No social proof available,URL not found
Title not found,Brand not found,Discount not found,Price not found,Stock info not found,Rating not found,No social proof available,URL not found
Title not found,Brand not found,Discount not found,Price not found,Stock info not found,Rating not found,No social proof available,URL not found
Title not found,Brand not found,Discount not found,Price not found,Stock info not found,Rating not found,No social proof available,URL not found
Title not found,Brand not found,Discount not found,Price not found,Stock info not found,Rating not found,No social proof available,URL not found
Title not found,Brand not found,Discount not found,Price not found,Stock info not found,Rating not found,No social proof available,URL not found
Title not found,Brand not found,Discount not found,Price not found,Stock info not found,Rating not found,No social proof available,URL not found
Title not found,Brand not found,Discount not found,Price not found,Stock info not found,Rating not found,No social proof available,URL not found
Title not found,Brand not found,Discount not found,Price not found,Stock info not found,Rating not found,No social proof available,URL not found
Title not found,Brand not found,Discount not found,Price not found,Stock info not found,Rating not found,No social proof available,URL not found
Title not found,Brand not found,Discount not found,Price not found,Stock info not found,Rating not found,No social proof available,URL not found
Title not found,Brand not found,Discount not found,Price not found,Stock info not found,Rating not found,No social proof available,URL not found
Title not found,Brand not found,Discount not found,Price not found,Stock info not found,Rating not found,No social proof available,URL not found
Title not found,Brand not found,Discount not found,Price not found,Stock info not found,Rating not found,No social proof available,URL not found
"Set of 2 Excluzo HD Mini Printer Take Photos to Search for Questions, Analyze Wrong Questions, Print Without Ink，Pocket Wrong question Printer",,"₹19,538","9,719",,Rating not found,,https://www.amazon.in/Excluzo-Printer-Questions-Ink%EF%BC%8CPocket-question/dp/B0C2MSQZM5
Title not found,Brand not found,Discount not found,Price not found,Stock info not found,Rating not found,No social proof available,URL not found
Set of 2 USB Printer Thermal Receipt Printers Qr Code Barcode Sticker Adhesive Printer 58mm EU Plug,,"₹30,952","15,476",,Rating not found,,https://www.amazon.in/Printer-Thermal-Receipt-Printers-Adhesive/dp/B0C2MQGSWZ
Title not found,Brand not found,Discount not found,Price not found,Stock info not found,Rating not found,No social proof available,URL not found
Title not found,Brand not found,Discount not found,Price not found,Stock info not found,Rating not found,No social proof available,URL not found
Title not found,Brand not found,Discount not found,Price not found,Stock info not found,Rating not found,No social proof available,URL not found
Title not found,Brand not found,Discount not found,Price not found,Stock info not found,Rating not found,No social proof available,URL not found
Title not found,Brand not found,Discount not found,Price not found,Stock info not found,Rating not found,No social proof available,URL not found
Title not found,Brand not found,Discount not found,Price not found,Stock info not found,Rating not found,No social proof available,URL not found
Title not found,Brand not found,Discount not found,Price not found,Stock info not found,Rating not found,No social proof available,URL not found
Title not found,Brand not found,Discount not found,Price not found,Stock info not found,Rating not found,No social proof available,URL not found
Title not found,Brand not found,Discount not found,Price not found,Stock info not found,Rating not found,No social proof available,URL not found
Title not found,Brand not found,Discount not found,Price not found,Stock info not found,Rating not found,No social proof available,URL not found
Title not found,Brand not found,Discount not found,Price not found,Stock info not found,Rating not found,No social proof available,URL not found
Title not found,Brand not found,Discount not found,Price not found,Stock info not found,Rating not found,No social proof available,URL not found
Title not found,Brand not found,Discount not found,Price not found,Stock info not found,Rating not found,No social proof available,URL not found
Title not found,Brand not found,Discount not found,Price not found,Stock info not found,Rating not found,No social proof available,URL not found
Title not found,Brand not found,Discount not found,Price not found,Stock info not found,Rating not found,No social proof available,URL not found
Title not found,Brand not found,Discount not found,Price not found,Stock info not found,Rating not found,No social proof available,URL not found
"Industrial Endoscopes, Wireless 200W 30fps Semi Rigid Endoscope Micro USB 5V Flexible Cable for Electronics for Construction (3.5m (11.48ft))",,"₹12,199","6,378",,Rating not found,,https://www.amazon.in/Industrial-Endoscopes-Endoscope-Electronics-Construction/dp/B0C15SCXX1
Title not found,Brand not found,Discount not found,Price not found,Stock info not found,Rating not found,No social proof available,URL not found
Title not found,Brand not found,Discount not found,Price not found,Stock info not found,Rating not found,No social proof available,URL not found
Title not found,Brand not found,Discount not found,Price not found,Stock info not found,Rating not found,No social proof available,URL not found
Cosob 24 Pack ERC30 Black and Red ERC30 ERC-30 ERC-38 ERC30/34/38 RED and Black Ribbon Compatible with Epson TM-U220 M188B ERC 30 ERC 34 ERC-38 NK506 TMU370 TMU375 Printer,,Discount not found,"9,451",,4.8  4.8 out of 5 stars  (75),,https://www.amazon.in/ERC30-ERC-30-Compatible-TM-U220-Printer/dp/B0BZVL6Y9X
Title not found,Brand not found,Discount not found,Price not found,Stock info not found,Rating not found,No social proof available,URL not found
Title not found,Brand not found,Discount not found,Price not found,Stock info not found,Rating not found,No social proof available,URL not found
Title not found,Brand not found,Discount not found,Price not found,Stock info not found,Rating not found,No social proof available,URL not found
Title not found,Brand not found,Discount not found,Price not found,Stock info not found,Rating not found,No social proof available,URL not found
Title not found,Brand not found,Discount not found,Price not found,Stock info not found,Rating not found,No social proof available,URL not found
Title not found,Brand not found,Discount not found,Price not found,Stock info not found,Rating not found,No social proof available,URL not found
Title not found,Brand not found,Discount not found,Price not found,Stock info not found,Rating not found,No social proof available,URL not found
Title not found,Brand not found,Discount not found,Price not found,Stock info not found,Rating not found,No social proof available,URL not found
"Laser Cutter Air Pump, Simple Installation 16W Laser Cutting Air Assist Pump Aluminum Alloy Low Noise Shock Absorbing for Workshop (DC-30)",,"₹18,999","9,927",,Rating not found,,https://www.amazon.in/Installation-Cutting-Aluminum-Absorbing-Workshop/dp/B0BZCV61V9
Title not found,Brand not found,Discount not found,Price not found,Stock info not found,Rating not found,No social proof available,URL not found
Title not found,Brand not found,Discount not found,Price not found,Stock info not found,Rating not found,No social proof available,URL not found
Title not found,Brand not found,Discount not found,Price not found,Stock info not found,Rating not found,No social proof available,URL not found
Title not found,Brand not found,Discount not found,Price not found,Stock info not found,Rating not found,No social proof available,URL not found
Title not found,Brand not found,Discount not found,Price not found,Stock info not found,Rating not found,No social proof available,URL not found
Title not found,Brand not found,Discount not found,Price not found,Stock info not found,Rating not found,No social proof available,URL not found
Title not found,Brand not found,Discount not found,Price not found,Stock info not found,Rating not found,No social proof available,URL not found
Title not found,Brand not found,Discount not found,Price not found,Stock info not found,Rating not found,No social proof available,URL not found
Title not found,Brand not found,Discount not found,Price not found,Stock info not found,Rating not found,No social proof available,URL not found
Title not found,Brand not found,Discount not found,Price not found,Stock info not found,Rating not found,No social proof available,URL not found
Title not found,Brand not found,Discount not found,Price not found,Stock info not found,Rating not found,No social proof available,URL not found
Title not found,Brand not found,Discount not found,Price not found,Stock info not found,Rating not found,No social proof available,URL not found
Title not found,Brand not found,Discount not found,Price not found,Stock info not found,Rating not found,No social proof available,URL not found
Title not found,Brand not found,Discount not found,Price not found,Stock info not found,Rating not found,No social proof available,URL not found
Title not found,Brand not found,Discount not found,Price not found,Stock info not found,Rating not found,No social proof available,URL not found
Title not found,Brand not found,Discount not found,Price not found,Stock info not found,Rating not found,No social proof available,URL not found
Title not found,Brand not found,Discount not found,Price not found,Stock info not found,Rating not found,No social proof available,URL not found
Title not found,Brand not found,Discount not found,Price not found,Stock info not found,Rating not found,No social proof available,URL not found
Title not found,Brand not found,Discount not found,Price not found,Stock info not found,Rating not found,No social proof available,URL not found
Title not found,Brand not found,Discount not found,Price not found,Stock info not found,Rating not found,No social proof available,URL not found
Title not found,Brand not found,Discount not found,Price not found,Stock info not found,Rating not found,No social proof available,URL not found
Title not found,Brand not found,Discount not found,Price not found,Stock info not found,Rating not found,No social proof available,URL not found
Title not found,Brand not found,Discount not found,Price not found,Stock info not found,Rating not found,No social proof available,URL not found
Title not found,Brand not found,Discount not found,Price not found,Stock info not found,Rating not found,No social proof available,URL not found
"Photo Printer Case Compatible With Canon Ivy 2 Ivy Mini Photo Printer, Carrying Case Compatible With Canon Ivy CLIQ CLIQ+ CLIQ2 CLIQ+2 Instant Camera Printer Storage Accessories(Only Case) (Grey)",,Discount not found,"9,373",Stock info not found,Rating not found,,https://www.amazon.in/Printer-Compatible-Carrying-Instant-Accessories/dp/B0BX99P77C
Title not found,Brand not found,Discount not found,Price not found,Stock info not found,Rating not found,No social proof available,URL not found
Title not found,Brand not found,Discount not found,Price not found,Stock info not found,Rating not found,No social proof available,URL not found
Title not found,Brand not found,Discount not found,Price not found,Stock info not found,Rating not found,No social proof available,URL not found
Title not found,Brand not found,Discount not found,Price not found,Stock info not found,Rating not found,No social proof available,URL not found
Title not found,Brand not found,Discount not found,Price not found,Stock info not found,Rating not found,No social proof available,URL not found
Title not found,Brand not found,Discount not found,Price not found,Stock info not found,Rating not found,No social proof available,URL not found
Title not found,Brand not found,Discount not found,Price not found,Stock info not found,Rating not found,No social proof available,URL not found
Title not found,Brand not found,Discount not found,Price not found,Stock info not found,Rating not found,No social proof available,URL not found
Title not found,Brand not found,Discount not found,Price not found,Stock info not found,Rating not found,No social proof available,URL not found
Title not found,Brand not found,Discount not found,Price not found,Stock info not found,Rating not found,No social proof available,URL not found
Title not found,Brand not found,Discount not found,Price not found,Stock info not found,Rating not found,No social proof available,URL not found
Title not found,Brand not found,Discount not found,Price not found,Stock info not found,Rating not found,No social proof available,URL not found
Title not found,Brand not found,Discount not found,Price not found,Stock info not found,Rating not found,No social proof available,URL not found
Title not found,Brand not found,Discount not found,Price not found,Stock info not found,Rating not found,No social proof available,URL not found
Title not found,Brand not found,Discount not found,Price not found,Stock info not found,Rating not found,No social proof available,URL not found
Title not found,Brand not found,Discount not found,Price not found,Stock info not found,Rating not found,No social proof available,URL not found
Title not found,Brand not found,Discount not found,Price not found,Stock info not found,Rating not found,No social proof available,URL not found
Title not found,Brand not found,Discount not found,Price not found,Stock info not found,Rating not found,No social proof available,URL not found
Title not found,Brand not found,Discount not found,Price not found,Stock info not found,Rating not found,No social proof available,URL not found
Title not found,Brand not found,Discount not found,Price not found,Stock info not found,Rating not found,No social proof available,URL not found
Title not found,Brand not found,Discount not found,Price not found,Stock info not found,Rating not found,No social proof available,URL not found
Title not found,Brand not found,Discount not found,Price not found,Stock info not found,Rating not found,No social proof available,URL not found
Title not found,Brand not found,Discount not found,Price not found,Stock info not found,Rating not found,No social proof available,URL not found
Title not found,Brand not found,Discount not found,Price not found,Stock info not found,Rating not found,No social proof available,URL not found
Title not found,Brand not found,Discount not found,Price not found,Stock info not found,Rating not found,No social proof available,URL not found
Title not found,Brand not found,Discount not found,Price not found,Stock info not found,Rating not found,No social proof available,URL not found
Title not found,Brand not found,Discount not found,Price not found,Stock info not found,Rating not found,No social proof available,URL not found
Title not found,Brand not found,Discount not found,Price not found,Stock info not found,Rating not found,No social proof available,URL not found
Title not found,Brand not found,Discount not found,Price not found,Stock info not found,Rating not found,No social proof available,URL not found
Title not found,Brand not found,Discount not found,Price not found,Stock info not found,Rating not found,No social proof available,URL not found
Title not found,Brand not found,Discount not found,Price not found,Stock info not found,Rating not found,No social proof available,URL not found
Title not found,Brand not found,Discount not found,Price not found,Stock info not found,Rating not found,No social proof available,URL not found
Title not found,Brand not found,Discount not found,Price not found,Stock info not found,Rating not found,No social proof available,URL not found
Title not found,Brand not found,Discount not found,Price not found,Stock info not found,Rating not found,No social proof available,URL not found
Title not found,Brand not found,Discount not found,Price not found,Stock info not found,Rating not found,No social proof available,URL not found
Title not found,Brand not found,Discount not found,Price not found,Stock info not found,Rating not found,No social proof available,URL not found
Title not found,Brand not found,Discount not found,Price not found,Stock info not found,Rating not found,No social proof available,URL not found
Title not found,Brand not found,Discount not found,Price not found,Stock info not found,Rating not found,No social proof available,URL not found
Title not found,Brand not found,Discount not found,Price not found,Stock info not found,Rating not found,No social proof available,URL not found
Title not found,Brand not found,Discount not found,Price not found,Stock info not found,Rating not found,No social proof available,URL not found
Title not found,Brand not found,Discount not found,Price not found,Stock info not found,Rating not found,No social proof available,URL not found
Title not found,Brand not found,Discount not found,Price not found,Stock info not found,Rating not found,No social proof available,URL not found
Title not found,Brand not found,Discount not found,Price not found,Stock info not found,Rating not found,No social proof available,URL not found
Title not found,Brand not found,Discount not found,Price not found,Stock info not found,Rating not found,No social proof available,URL not found
"Printer Head, Colorfast Rust Proof Printhead Replacement High Reliability for Repair for Printing Machine",,Discount not found,Price not found,Stock info not found,Rating not found,,https://www.amazon.in/Colorfast-Printhead-Replacement-Reliability-Printing/dp/B0BRHFD2ML
Title not found,Brand not found,Discount not found,Price not found,Stock info not found,Rating not found,No social proof available,URL not found
Title not found,Brand not found,Discount not found,Price not found,Stock info not found,Rating not found,No social proof available,URL not found
Title not found,Brand not found,Discount not found,Price not found,Stock info not found,Rating not found,No social proof available,URL not found
Title not found,Brand not found,Discount not found,Price not found,Stock info not found,Rating not found,No social proof available,URL not found
Title not found,Brand not found,Discount not found,Price not found,Stock info not found,Rating not found,No social proof available,URL not found
Title not found,Brand not found,Discount not found,Price not found,Stock info not found,Rating not found,No social proof available,URL not found
Title not found,Brand not found,Discount not found,Price not found,Stock info not found,Rating not found,No social proof available,URL not found
Title not found,Brand not found,Discount not found,Price not found,Stock info not found,Rating not found,No social proof available,URL not found
Title not found,Brand not found,Discount not found,Price not found,Stock info not found,Rating not found,No social proof available,URL not found
Title not found,Brand not found,Discount not found,Price not found,Stock info not found,Rating not found,No social proof available,URL not found
Title not found,Brand not found,Discount not found,Price not found,Stock info not found,Rating not found,No social proof available,URL not found
Title not found,Brand not found,Discount not found,Price not found,Stock info not found,Rating not found,No social proof available,URL not found
Title not found,Brand not found,Discount not found,Price not found,Stock info not found,Rating not found,No social proof available,URL not found
Title not found,Brand not found,Discount not found,Price not found,Stock info not found,Rating not found,No social proof available,URL not found
Title not found,Brand not found,Discount not found,Price not found,Stock info not found,Rating not found,No social proof available,URL not found
Title not found,Brand not found,Discount not found,Price not found,Stock info not found,Rating not found,No social proof available,URL not found
Title not found,Brand not found,Discount not found,Price not found,Stock info not found,Rating not found,No social proof available,URL not found
Title not found,Brand not found,Discount not found,Price not found,Stock info not found,Rating not found,No social proof available,URL not found
Title not found,Brand not found,Discount not found,Price not found,Stock info not found,Rating not found,No social proof available,URL not found
Title not found,Brand not found,Discount not found,Price not found,Stock info not found,Rating not found,No social proof available,URL not found
Title not found,Brand not found,Discount not found,Price not found,Stock info not found,Rating not found,No social proof available,URL not found
Title not found,Brand not found,Discount not found,Price not found,Stock info not found,Rating not found,No social proof available,URL not found
Title not found,Brand not found,Discount not found,Price not found,Stock info not found,Rating not found,No social proof available,URL not found
Title not found,Brand not found,Discount not found,Price not found,Stock info not found,Rating not found,No social proof available,URL not found
Title not found,Brand not found,Discount not found,Price not found,Stock info not found,Rating not found,No social proof available,URL not found
Title not found,Brand not found,Discount not found,Price not found,Stock info not found,Rating not found,No social proof available,URL not found
Title not found,Brand not found,Discount not found,Price not found,Stock info not found,Rating not found,No social proof available,URL not found
Title not found,Brand not found,Discount not found,Price not found,Stock info not found,Rating not found,No social proof available,URL not found
Title not found,Brand not found,Discount not found,Price not found,Stock info not found,Rating not found,No social proof available,URL not found
Title not found,Brand not found,Discount not found,Price not found,Stock info not found,Rating not found,No social proof available,URL not found
Title not found,Brand not found,Discount not found,Price not found,Stock info not found,Rating not found,No social proof available,URL not found
Title not found,Brand not found,Discount not found,Price not found,Stock info not found,Rating not found,No social proof available,URL not found
Title not found,Brand not found,Discount not found,Price not found,Stock info not found,Rating not found,No social proof available,URL not found
Title not found,Brand not found,Discount not found,Price not found,Stock info not found,Rating not found,No social proof available,URL not found
Title not found,Brand not found,Discount not found,Price not found,Stock info not found,Rating not found,No social proof available,URL not found
Title not found,Brand not found,Discount not found,Price not found,Stock info not found,Rating not found,No social proof available,URL not found
Title not found,Brand not found,Discount not found,Price not found,Stock info not found,Rating not found,No social proof available,URL not found
Title not found,Brand not found,Discount not found,Price not found,Stock info not found,Rating not found,No social proof available,URL not found
Title not found,Brand not found,Discount not found,Price not found,Stock info not found,Rating not found,No social proof available,URL not found
Title not found,Brand not found,Discount not found,Price not found,Stock info not found,Rating not found,No social proof available,URL not found
Title not found,Brand not found,Discount not found,Price not found,Stock info not found,Rating not found,No social proof available,URL not found
Title not found,Brand not found,Discount not found,Price not found,Stock info not found,Rating not found,No social proof available,URL not found
Title not found,Brand not found,Discount not found,Price not found,Stock info not found,Rating not found,No social proof available,URL not found
Title not found,Brand not found,Discount not found,Price not found,Stock info not found,Rating not found,No social proof available,URL not found
Title not found,Brand not found,Discount not found,Price not found,Stock info not found,Rating not found,No social proof available,URL not found
Title not found,Brand not found,Discount not found,Price not found,Stock info not found,Rating not found,No social proof available,URL not found
Title not found,Brand not found,Discount not found,Price not found,Stock info not found,Rating not found,No social proof available,URL not found
Title not found,Brand not found,Discount not found,Price not found,Stock info not found,Rating not found,No social proof available,URL not found
Title not found,Brand not found,Discount not found,Price not found,Stock info not found,Rating not found,No social proof available,URL not found
Title not found,Brand not found,Discount not found,Price not found,Stock info not found,Rating not found,No social proof available,URL not found
Title not found,Brand not found,Discount not found,Price not found,Stock info not found,Rating not found,No social proof available,URL not found
Title not found,Brand not found,Discount not found,Price not found,Stock info not found,Rating not found,No social proof available,URL not found
Title not found,Brand not found,Discount not found,Price not found,Stock info not found,Rating not found,No social proof available,URL not found
Title not found,Brand not found,Discount not found,Price not found,Stock info not found,Rating not found,No social proof available,URL not found
Title not found,Brand not found,Discount not found,Price not found,Stock info not found,Rating not found,No social proof available,URL not found
Title not found,Brand not found,Discount not found,Price not found,Stock info not found,Rating not found,No social proof available,URL not found
Title not found,Brand not found,Discount not found,Price not found,Stock info not found,Rating not found,No social proof available,URL not found
Title not found,Brand not found,Discount not found,Price not found,Stock info not found,Rating not found,No social proof available,URL not found
Title not found,Brand not found,Discount not found,Price not found,Stock info not found,Rating not found,No social proof available,URL not found
Title not found,Brand not found,Discount not found,Price not found,Stock info not found,Rating not found,No social proof available,URL not found
Title not found,Brand not found,Discount not found,Price not found,Stock info not found,Rating not found,No social proof available,URL not found
Title not found,Brand not found,Discount not found,Price not found,Stock info not found,Rating not found,No social proof available,URL not found
Title not found,Brand not found,Discount not found,Price not found,Stock info not found,Rating not found,No social proof available,URL not found
Title not found,Brand not found,Discount not found,Price not found,Stock info not found,Rating not found,No social proof available,URL not found
Title not found,Brand not found,Discount not found,Price not found,Stock info not found,Rating not found,No social proof available,URL not found
Title not found,Brand not found,Discount not found,Price not found,Stock info not found,Rating not found,No social proof available,URL not found
Title not found,Brand not found,Discount not found,Price not found,Stock info not found,Rating not found,No social proof available,URL not found
Title not found,Brand not found,Discount not found,Price not found,Stock info not found,Rating not found,No social proof available,URL not found
Title not found,Brand not found,Discount not found,Price not found,Stock info not found,Rating not found,No social proof available,URL not found
Title not found,Brand not found,Discount not found,Price not found,Stock info not found,Rating not found,No social proof available,URL not found
Title not found,Brand not found,Discount not found,Price not found,Stock info not found,Rating not found,No social proof available,URL not found
Title not found,Brand not found,Discount not found,Price not found,Stock info not found,Rating not found,No social proof available,URL not found
Title not found,Brand not found,Discount not found,Price not found,Stock info not found,Rating not found,No social proof available,URL not found
Title not found,Brand not found,Discount not found,Price not found,Stock info not found,Rating not found,No social proof available,URL not found
Title not found,Brand not found,Discount not found,Price not found,Stock info not found,Rating not found,No social proof available,URL not found
Title not found,Brand not found,Discount not found,Price not found,Stock info not found,Rating not found,No social proof available,URL not found
Title not found,Brand not found,Discount not found,Price not found,Stock info not found,Rating not found,No social proof available,URL not found
Title not found,Brand not found,Discount not found,Price not found,Stock info not found,Rating not found,No social proof available,URL not found
"Color Print Head, Stable Easy Installation Clear Printing ABS Printer Head for MX728 for IX6880",,"₹8,499","4,259",,Rating not found,,https://www.amazon.in/Stable-Installation-Printing-Printer-IX6880/dp/B0BQH8RQ2N
Title not found,Brand not found,Discount not found,Price not found,Stock info not found,Rating not found,No social proof available,URL not found
Title not found,Brand not found,Discount not found,Price not found,Stock info not found,Rating not found,No social proof available,URL not found
Title not found,Brand not found,Discount not found,Price not found,Stock info not found,Rating not found,No social proof available,URL not found
Title not found,Brand not found,Discount not found,Price not found,Stock info not found,Rating not found,No social proof available,URL not found
Title not found,Brand not found,Discount not found,Price not found,Stock info not found,Rating not found,No social proof available,URL not found
Title not found,Brand not found,Discount not found,Price not found,Stock info not found,Rating not found,No social proof available,URL not found
Title not found,Brand not found,Discount not found,Price not found,Stock info not found,Rating not found,No social proof available,URL not found
"Jaerb Label Printer, Thermal Printer Fast Printing Easy Installation High Resolution for Warehouses for Markets",,Discount not found,Price not found,Stock info not found,Rating not found,,https://www.amazon.in/Jaerb-Printing-Installation-Resolution-Warehouses/dp/B0BQGD5FKQ
Title not found,Brand not found,Discount not found,Price not found,Stock info not found,Rating not found,No social proof available,URL not found
Title not found,Brand not found,Discount not found,Price not found,Stock info not found,Rating not found,No social proof available,URL not found
Title not found,Brand not found,Discount not found,Price not found,Stock info not found,Rating not found,No social proof available,URL not found
Title not found,Brand not found,Discount not found,Price not found,Stock info not found,Rating not found,No social proof available,URL not found
Title not found,Brand not found,Discount not found,Price not found,Stock info not found,Rating not found,No social proof available,URL not found
Title not found,Brand not found,Discount not found,Price not found,Stock info not found,Rating not found,No social proof available,URL not found
Title not found,Brand not found,Discount not found,Price not found,Stock info not found,Rating not found,No social proof available,URL not found
"L801 Print Head, Replacement Precise Anti Clogging Printhead ABS for Printers",,Discount not found,Price not found,Stock info not found,Rating not found,,https://www.amazon.in/Replacement-Precise-Clogging-Printhead-Printers/dp/B0BQCJMMVV
Title not found,Brand not found,Discount not found,Price not found,Stock info not found,Rating not found,No social proof available,URL not found
Title not found,Brand not found,Discount not found,Price not found,Stock info not found,Rating not found,No social proof available,URL not found
Title not found,Brand not found,Discount not found,Price not found,Stock info not found,Rating not found,No social proof available,URL not found
"LANADO Network Card for Zebra ZT210 ZT220 ZT230 Label Printer,Internal Ethernet Print Server(P1038204-101)",,"₹24,000","7,873",,Rating not found,,https://www.amazon.in/LANADO-Network-Internal-Ethernet-P1038204-101/dp/B0BQBL11GR
Title not found,Brand not found,Discount not found,Price not found,Stock info not found,Rating not found,No social proof available,URL not found
Title not found,Brand not found,Discount not found,Price not found,Stock info not found,Rating not found,No social proof available,URL not found
Title not found,Brand not found,Discount not found,Price not found,Stock info not found,Rating not found,No social proof available,URL not found
Title not found,Brand not found,Discount not found,Price not found,Stock info not found,Rating not found,No social proof available,URL not found
Title not found,Brand not found,Discount not found,Price not found,Stock info not found,Rating not found,No social proof available,URL not found
Title not found,Brand not found,Discount not found,Price not found,Stock info not found,Rating not found,No social proof available,URL not found
Title not found,Brand not found,Discount not found,Price not found,Stock info not found,Rating not found,No social proof available,URL not found
Title not found,Brand not found,Discount not found,Price not found,Stock info not found,Rating not found,No social proof available,URL not found
Title not found,Brand not found,Discount not found,Price not found,Stock info not found,Rating not found,No social proof available,URL not found
Title not found,Brand not found,Discount not found,Price not found,Stock info not found,Rating not found,No social proof available,URL not found
Title not found,Brand not found,Discount not found,Price not found,Stock info not found,Rating not found,No social proof available,URL not found
Title not found,Brand not found,Discount not found,Price not found,Stock info not found,Rating not found,No social proof available,URL not found
"Printhead Replacement, Colorfast Print Head Rust Proof ABS Durable for Office",,"₹24,099","12,601",,Rating not found,,https://www.amazon.in/Printhead-Replacement-Colorfast-Durable-Office/dp/B0BPZ1KX6G
Title not found,Brand not found,Discount not found,Price not found,Stock info not found,Rating not found,No social proof available,URL not found
Title not found,Brand not found,Discount not found,Price not found,Stock info not found,Rating not found,No social proof available,URL not found
Title not found,Brand not found,Discount not found,Price not found,Stock info not found,Rating not found,No social proof available,URL not found
Title not found,Brand not found,Discount not found,Price not found,Stock info not found,Rating not found,No social proof available,URL not found
Title not found,Brand not found,Discount not found,Price not found,Stock info not found,Rating not found,No social proof available,URL not found
Title not found,Brand not found,Discount not found,Price not found,Stock info not found,Rating not found,No social proof available,URL not found
Title not found,Brand not found,Discount not found,Price not found,Stock info not found,Rating not found,No social proof available,URL not found
Title not found,Brand not found,Discount not found,Price not found,Stock info not found,Rating not found,No social proof available,URL not found
Title not found,Brand not found,Discount not found,Price not found,Stock info not found,Rating not found,No social proof available,URL not found
Title not found,Brand not found,Discount not found,Price not found,Stock info not found,Rating not found,No social proof available,URL not found
Title not found,Brand not found,Discount not found,Price not found,Stock info not found,Rating not found,No social proof available,URL not found
Title not found,Brand not found,Discount not found,Price not found,Stock info not found,Rating not found,No social proof available,URL not found
Title not found,Brand not found,Discount not found,Price not found,Stock info not found,Rating not found,No social proof available,URL not found
Title not found,Brand not found,Discount not found,Price not found,Stock info not found,Rating not found,No social proof available,URL not found
Title not found,Brand not found,Discount not found,Price not found,Stock info not found,Rating not found,No social proof available,URL not found
Title not found,Brand not found,Discount not found,Price not found,Stock info not found,Rating not found,No social proof available,URL not found
Title not found,Brand not found,Discount not found,Price not found,Stock info not found,Rating not found,No social proof available,URL not found
Title not found,Brand not found,Discount not found,Price not found,Stock info not found,Rating not found,No social proof available,URL not found
Title not found,Brand not found,Discount not found,Price not found,Stock info not found,Rating not found,No social proof available,URL not found
Title not found,Brand not found,Discount not found,Price not found,Stock info not found,Rating not found,No social proof available,URL not found
Title not found,Brand not found,Discount not found,Price not found,Stock info not found,Rating not found,No social proof available,URL not found
Title not found,Brand not found,Discount not found,Price not found,Stock info not found,Rating not found,No social proof available,URL not found
Title not found,Brand not found,Discount not found,Price not found,Stock info not found,Rating not found,No social proof available,URL not found
Title not found,Brand not found,Discount not found,Price not found,Stock info not found,Rating not found,No social proof available,URL not found
Title not found,Brand not found,Discount not found,Price not found,Stock info not found,Rating not found,No social proof available,URL not found
Title not found,Brand not found,Discount not found,Price not found,Stock info not found,Rating not found,No social proof available,URL not found
Title not found,Brand not found,Discount not found,Price not found,Stock info not found,Rating not found,No social proof available,URL not found
"Printer Head, Rust Resistant Stable Performance 920 Printhead Replacement for Printing Shop",,Discount not found,Price not found,Stock info not found,Rating not found,,https://www.amazon.in/Resistant-Performance-Printhead-Replacement-Printing/dp/B0BNWHM7KQ
"Printhead Replacement, Print Head Functional Test Rust Proof for Printing Machine",,Discount not found,Price not found,Stock info not found,,,https://www.amazon.in/Printhead-Replacement-Functional-Printing-Machine/dp/B0BNWH7G6R
Title not found,Brand not found,Discount not found,Price not found,Stock info not found,Rating not found,No social proof available,URL not found
Title not found,Brand not found,Discount not found,Price not found,Stock info not found,Rating not found,No social proof available,URL not found
Title not found,Brand not found,Discount not found,Price not found,Stock info not found,Rating not found,No social proof available,URL not found
Title not found,Brand not found,Discount not found,Price not found,Stock info not found,Rating not found,No social proof available,URL not found
Title not found,Brand not found,Discount not found,Price not found,Stock info not found,Rating not found,No social proof available,URL not found
Title not found,Brand not found,Discount not found,Price not found,Stock info not found,Rating not found,No social proof available,URL not found
Title not found,Brand not found,Discount not found,Price not found,Stock info not found,Rating not found,No social proof available,URL not found
BESHENG Handheld Inkjet Printer,,Discount not found,Price not found,Stock info not found,1.0  1.0 out of 5 stars,,https://www.amazon.in/BESHENG-Handheld-Inkjet-Printer/dp/B0BNPX1N2V
Title not found,Brand not found,Discount not found,Price not found,Stock info not found,Rating not found,No social proof available,URL not found
"167 QY6-0080 Printhead Replacement, Single Black Printheads for IP4850, Compatible with for MG5250, MX892, IX6550, MG5320, IX6500",,"₹23,999","12,568",,Rating not found,,https://www.amazon.in/167-Printhead-Replacement-Printheads-Compatible/dp/B0BNNDNVP3
Color Print Head PF04 Printer Printhead Replacement for iPF650 iPF655 iPF750 iPF755 iPF760 iPF765 iPF680 iPF685 iPF780 iPF785,,Discount not found,Price not found,Stock info not found,Rating not found,,https://www.amazon.in/Printer-Printhead-Replacement-iPF650-iPF655/dp/B0BNNC74N7
Title not found,Brand not found,Discount not found,Price not found,Stock info not found,Rating not found,No social proof available,URL not found
Title not found,Brand not found,Discount not found,Price not found,Stock info not found,Rating not found,No social proof available,URL not found
Title not found,Brand not found,Discount not found,Price not found,Stock info not found,Rating not found,No social proof available,URL not found
Title not found,Brand not found,Discount not found,Price not found,Stock info not found,Rating not found,No social proof available,URL not found
Title not found,Brand not found,Discount not found,Price not found,Stock info not found,Rating not found,No social proof available,URL not found
Title not found,Brand not found,Discount not found,Price not found,Stock info not found,Rating not found,No social proof available,URL not found
Title not found,Brand not found,Discount not found,Price not found,Stock info not found,Rating not found,No social proof available,URL not found
Title not found,Brand not found,Discount not found,Price not found,Stock info not found,Rating not found,No social proof available,URL not found
Title not found,Brand not found,Discount not found,Price not found,Stock info not found,Rating not found,No social proof available,URL not found
Title not found,Brand not found,Discount not found,Price not found,Stock info not found,Rating not found,No social proof available,URL not found
"R2400 Printer Printhead, Print Head Fine Craftsmanship Compact Structure Anti-Corrosion for R1800 for RJ1300 for R2400",,Discount not found,Price not found,Stock info not found,Rating not found,,https://www.amazon.in/Printer-Printhead-Craftsmanship-Structure-Anti-Corrosion/dp/B0BMZQZL49
Title not found,Brand not found,Discount not found,Price not found,Stock info not found,Rating not found,No social proof available,URL not found
Title not found,Brand not found,Discount not found,Price not found,Stock info not found,Rating not found,No social proof available,URL not found
Title not found,Brand not found,Discount not found,Price not found,Stock info not found,Rating not found,No social proof available,URL not found
Title not found,Brand not found,Discount not found,Price not found,Stock info not found,Rating not found,No social proof available,URL not found
Title not found,Brand not found,Discount not found,Price not found,Stock info not found,Rating not found,No social proof available,URL not found
Title not found,Brand not found,Discount not found,Price not found,Stock info not found,Rating not found,No social proof available,URL not found
Title not found,Brand not found,Discount not found,Price not found,Stock info not found,Rating not found,No social proof available,URL not found
Title not found,Brand not found,Discount not found,Price not found,Stock info not found,Rating not found,No social proof available,URL not found
Title not found,Brand not found,Discount not found,Price not found,Stock info not found,Rating not found,No social proof available,URL not found
Title not found,Brand not found,Discount not found,Price not found,Stock info not found,Rating not found,No social proof available,URL not found
Title not found,Brand not found,Discount not found,Price not found,Stock info not found,Rating not found,No social proof available,URL not found
Title not found,Brand not found,Discount not found,Price not found,Stock info not found,Rating not found,No social proof available,URL not found
Title not found,Brand not found,Discount not found,Price not found,Stock info not found,Rating not found,No social proof available,URL not found
Title not found,Brand not found,Discount not found,Price not found,Stock info not found,Rating not found,No social proof available,URL not found
Title not found,Brand not found,Discount not found,Price not found,Stock info not found,Rating not found,No social proof available,URL not found
Title not found,Brand not found,Discount not found,Price not found,Stock info not found,Rating not found,No social proof available,URL not found
Title not found,Brand not found,Discount not found,Price not found,Stock info not found,Rating not found,No social proof available,URL not found
Title not found,Brand not found,Discount not found,Price not found,Stock info not found,Rating not found,No social proof available,URL not found
Title not found,Brand not found,Discount not found,Price not found,Stock info not found,Rating not found,No social proof available,URL not found
Title not found,Brand not found,Discount not found,Price not found,Stock info not found,Rating not found,No social proof available,URL not found
Title not found,Brand not found,Discount not found,Price not found,Stock info not found,Rating not found,No social proof available,URL not found
Title not found,Brand not found,Discount not found,Price not found,Stock info not found,Rating not found,No social proof available,URL not found
Title not found,Brand not found,Discount not found,Price not found,Stock info not found,Rating not found,No social proof available,URL not found
Title not found,Brand not found,Discount not found,Price not found,Stock info not found,Rating not found,No social proof available,URL not found
Title not found,Brand not found,Discount not found,Price not found,Stock info not found,Rating not found,No social proof available,URL not found
F138040 Printer printhead Durable F138040 printhead Suitable for Compact Design PRO 7600 Printer,,"₹29,899","15,546",,Rating not found,,https://www.amazon.in/F138040-Printer-printhead-Durable-Suitable/dp/B0BL1SF1W6
Title not found,Brand not found,Discount not found,Price not found,Stock info not found,Rating not found,No social proof available,URL not found
Title not found,Brand not found,Discount not found,Price not found,Stock info not found,Rating not found,No social proof available,URL not found
Title not found,Brand not found,Discount not found,Price not found,Stock info not found,Rating not found,No social proof available,URL not found
Title not found,Brand not found,Discount not found,Price not found,Stock info not found,Rating not found,No social proof available,URL not found
Title not found,Brand not found,Discount not found,Price not found,Stock info not found,Rating not found,No social proof available,URL not found
Title not found,Brand not found,Discount not found,Price not found,Stock info not found,Rating not found,No social proof available,URL not found
Title not found,Brand not found,Discount not found,Price not found,Stock info not found,Rating not found,No social proof available,URL not found
Title not found,Brand not found,Discount not found,Price not found,Stock info not found,Rating not found,No social proof available,URL not found
Title not found,Brand not found,Discount not found,Price not found,Stock info not found,Rating not found,No social proof available,URL not found
Title not found,Brand not found,Discount not found,Price not found,Stock info not found,Rating not found,No social proof available,URL not found
Title not found,Brand not found,Discount not found,Price not found,Stock info not found,Rating not found,No social proof available,URL not found
Desktop Thermal Label Printer for 4x6 Shipping Package Label Maker 160mm/s High Speed USB Connection Thermal Sticker Printer Max.110mm Paper Width Compatible with Amazon UPS Shopify FedEx,,"₹29,899","15,536",,Rating not found,,https://www.amazon.in/Desktop-Shipping-Connection-Max-110mm-Compatible/dp/B0BKSMVRFW
Title not found,Brand not found,Discount not found,Price not found,Stock info not found,Rating not found,No social proof available,URL not found
Title not found,Brand not found,Discount not found,Price not found,Stock info not found,Rating not found,No social proof available,URL not found
Title not found,Brand not found,Discount not found,Price not found,Stock info not found,Rating not found,No social proof available,URL not found
Title not found,Brand not found,Discount not found,Price not found,Stock info not found,Rating not found,No social proof available,URL not found
Title not found,Brand not found,Discount not found,Price not found,Stock info not found,Rating not found,No social proof available,URL not found
Title not found,Brand not found,Discount not found,Price not found,Stock info not found,Rating not found,No social proof available,URL not found
Title not found,Brand not found,Discount not found,Price not found,Stock info not found,Rating not found,No social proof available,URL not found
Title not found,Brand not found,Discount not found,Price not found,Stock info not found,Rating not found,No social proof available,URL not found
Title not found,Brand not found,Discount not found,Price not found,Stock info not found,Rating not found,No social proof available,URL not found
Title not found,Brand not found,Discount not found,Price not found,Stock info not found,Rating not found,No social proof available,URL not found
Title not found,Brand not found,Discount not found,Price not found,Stock info not found,Rating not found,No social proof available,URL not found
Title not found,Brand not found,Discount not found,Price not found,Stock info not found,Rating not found,No social proof available,URL not found
Title not found,Brand not found,Discount not found,Price not found,Stock info not found,Rating not found,No social proof available,URL not found
Title not found,Brand not found,Discount not found,Price not found,Stock info not found,Rating not found,No social proof available,URL not found
Title not found,Brand not found,Discount not found,Price not found,Stock info not found,Rating not found,No social proof available,URL not found
Title not found,Brand not found,Discount not found,Price not found,Stock info not found,Rating not found,No social proof available,URL not found
Title not found,Brand not found,Discount not found,Price not found,Stock info not found,Rating not found,No social proof available,URL not found
Title not found,Brand not found,Discount not found,Price not found,Stock info not found,Rating not found,No social proof available,URL not found
Title not found,Brand not found,Discount not found,Price not found,Stock info not found,Rating not found,No social proof available,URL not found
Title not found,Brand not found,Discount not found,Price not found,Stock info not found,Rating not found,No social proof available,URL not found
Title not found,Brand not found,Discount not found,Price not found,Stock info not found,Rating not found,No social proof available,URL not found
Title not found,Brand not found,Discount not found,Price not found,Stock info not found,Rating not found,No social proof available,URL not found
Title not found,Brand not found,Discount not found,Price not found,Stock info not found,Rating not found,No social proof available,URL not found
Title not found,Brand not found,Discount not found,Price not found,Stock info not found,Rating not found,No social proof available,URL not found
Title not found,Brand not found,Discount not found,Price not found,Stock info not found,Rating not found,No social proof available,URL not found
Title not found,Brand not found,Discount not found,Price not found,Stock info not found,Rating not found,No social proof available,URL not found
Title not found,Brand not found,Discount not found,Price not found,Stock info not found,Rating not found,No social proof available,URL not found
Title not found,Brand not found,Discount not found,Price not found,Stock info not found,Rating not found,No social proof available,URL not found
Title not found,Brand not found,Discount not found,Price not found,Stock info not found,Rating not found,No social proof available,URL not found
Title not found,Brand not found,Discount not found,Price not found,Stock info not found,Rating not found,No social proof available,URL not found
Printer Head QY6-0080 for Canon IX6520 IX6550 MX715 MX885 MG5220 MG5250,"Visit the store, IVELECT    IVELECT   Visit the store","₹12,594","6,247",,Rating not found,,https://www.amazon.in/Printer-QY6-0080-IX6520-IX6550-MG5220/dp/B0BFZDZTJL
Title not found,Brand not found,Discount not found,Price not found,Stock info not found,Rating not found,No social proof available,URL not found
Title not found,Brand not found,Discount not found,Price not found,Stock info not found,Rating not found,No social proof available,URL not found
Title not found,Brand not found,Discount not found,Price not found,Stock info not found,Rating not found,No social proof available,URL not found
Title not found,Brand not found,Discount not found,Price not found,Stock info not found,Rating not found,No social proof available,URL not found
Title not found,Brand not found,Discount not found,Price not found,Stock info not found,Rating not found,No social proof available,URL not found
Title not found,Brand not found,Discount not found,Price not found,Stock info not found,Rating not found,No social proof available,URL not found
Title not found,Brand not found,Discount not found,Price not found,Stock info not found,Rating not found,No social proof available,URL not found
Title not found,Brand not found,Discount not found,Price not found,Stock info not found,Rating not found,No social proof available,URL not found
Title not found,Brand not found,Discount not found,Price not found,Stock info not found,Rating not found,No social proof available,URL not found
Title not found,Brand not found,Discount not found,Price not found,Stock info not found,Rating not found,No social proof available,URL not found
Title not found,Brand not found,Discount not found,Price not found,Stock info not found,Rating not found,No social proof available,URL not found
Title not found,Brand not found,Discount not found,Price not found,Stock info not found,Rating not found,No social proof available,URL not found
Title not found,Brand not found,Discount not found,Price not found,Stock info not found,Rating not found,No social proof available,URL not found
Title not found,Brand not found,Discount not found,Price not found,Stock info not found,Rating not found,No social proof available,URL not found
Title not found,Brand not found,Discount not found,Price not found,Stock info not found,Rating not found,No social proof available,URL not found
Title not found,Brand not found,Discount not found,Price not found,Stock info not found,Rating not found,No social proof available,URL not found
Title not found,Brand not found,Discount not found,Price not found,Stock info not found,Rating not found,No social proof available,URL not found
Title not found,Brand not found,Discount not found,Price not found,Stock info not found,Rating not found,No social proof available,URL not found
Title not found,Brand not found,Discount not found,Price not found,Stock info not found,Rating not found,No social proof available,URL not found
Title not found,Brand not found,Discount not found,Price not found,Stock info not found,Rating not found,No social proof available,URL not found
Title not found,Brand not found,Discount not found,Price not found,Stock info not found,Rating not found,No social proof available,URL not found
Title not found,Brand not found,Discount not found,Price not found,Stock info not found,Rating not found,No social proof available,URL not found
Title not found,Brand not found,Discount not found,Price not found,Stock info not found,Rating not found,No social proof available,URL not found
Title not found,Brand not found,Discount not found,Price not found,Stock info not found,Rating not found,No social proof available,URL not found
Title not found,Brand not found,Discount not found,Price not found,Stock info not found,Rating not found,No social proof available,URL not found
Title not found,Brand not found,Discount not found,Price not found,Stock info not found,Rating not found,No social proof available,URL not found
Title not found,Brand not found,Discount not found,Price not found,Stock info not found,Rating not found,No social proof available,URL not found
Title not found,Brand not found,Discount not found,Price not found,Stock info not found,Rating not found,No social proof available,URL not found
Title not found,Brand not found,Discount not found,Price not found,Stock info not found,Rating not found,No social proof available,URL not found
Title not found,Brand not found,Discount not found,Price not found,Stock info not found,Rating not found,No social proof available,URL not found
Title not found,Brand not found,Discount not found,Price not found,Stock info not found,Rating not found,No social proof available,URL not found
Title not found,Brand not found,Discount not found,Price not found,Stock info not found,Rating not found,No social proof available,URL not found
Title not found,Brand not found,Discount not found,Price not found,Stock info not found,Rating not found,No social proof available,URL not found
Title not found,Brand not found,Discount not found,Price not found,Stock info not found,Rating not found,No social proof available,URL not found
Title not found,Brand not found,Discount not found,Price not found,Stock info not found,Rating not found,No social proof available,URL not found
Title not found,Brand not found,Discount not found,Price not found,Stock info not found,Rating not found,No social proof available,URL not found
Title not found,Brand not found,Discount not found,Price not found,Stock info not found,Rating not found,No social proof available,URL not found
Title not found,Brand not found,Discount not found,Price not found,Stock info not found,Rating not found,No social proof available,URL not found
Title not found,Brand not found,Discount not found,Price not found,Stock info not found,Rating not found,No social proof available,URL not found
Title not found,Brand not found,Discount not found,Price not found,Stock info not found,Rating not found,No social proof available,URL not found
Title not found,Brand not found,Discount not found,Price not found,Stock info not found,Rating not found,No social proof available,URL not found
Title not found,Brand not found,Discount not found,Price not found,Stock info not found,Rating not found,No social proof available,URL not found
Title not found,Brand not found,Discount not found,Price not found,Stock info not found,Rating not found,No social proof available,URL not found
Title not found,Brand not found,Discount not found,Price not found,Stock info not found,Rating not found,No social proof available,URL not found
Title not found,Brand not found,Discount not found,Price not found,Stock info not found,Rating not found,No social proof available,URL not found
Title not found,Brand not found,Discount not found,Price not found,Stock info not found,Rating not found,No social proof available,URL not found
Title not found,Brand not found,Discount not found,Price not found,Stock info not found,Rating not found,No social proof available,URL not found
Ubersweet® DN50PVC non-return DN20 DN25 DN32 DN40 DN50 valve valve inner 20MM 25MM 32MM 40MM 50MM,,"₹28,199","13,928",,Rating not found,,https://www.amazon.in/Ubersweet%C2%AE-DN50PVC-non-return-valve-inner/dp/B0B1M1KZ87
"PF-03 Printhead for Canon IPF500, IPF510,IPF605,IPF610, IPF700,IPF710,IPF810,IPF815,IPF5000,IPF6000s,IPF6100,IPF8000s,IPF8010s,IPF8100,IPF9000 Print Head",,"₹82,025","74,570",,Rating not found,,https://www.amazon.in/Printhead-IPF5000-IPF6000s-IPF8000s-IPF8010s/dp/B0B18M9JYC
Title not found,Brand not found,Discount not found,Price not found,Stock info not found,Rating not found,No social proof available,URL not found
Title not found,Brand not found,Discount not found,Price not found,Stock info not found,Rating not found,No social proof available,URL not found
Title not found,Brand not found,Discount not found,Price not found,Stock info not found,Rating not found,No social proof available,URL not found
Title not found,Brand not found,Discount not found,Price not found,Stock info not found,Rating not found,No social proof available,URL not found
Title not found,Brand not found,Discount not found,Price not found,Stock info not found,Rating not found,No social proof available,URL not found
Title not found,Brand not found,Discount not found,Price not found,Stock info not found,Rating not found,No social proof available,URL not found
Title not found,Brand not found,Discount not found,Price not found,Stock info not found,Rating not found,No social proof available,URL not found
Title not found,Brand not found,Discount not found,Price not found,Stock info not found,Rating not found,No social proof available,URL not found
Title not found,Brand not found,Discount not found,Price not found,Stock info not found,Rating not found,No social proof available,URL not found
Title not found,Brand not found,Discount not found,Price not found,Stock info not found,Rating not found,No social proof available,URL not found
Title not found,Brand not found,Discount not found,Price not found,Stock info not found,Rating not found,No social proof available,URL not found
Title not found,Brand not found,Discount not found,Price not found,Stock info not found,Rating not found,No social proof available,URL not found
Title not found,Brand not found,Discount not found,Price not found,Stock info not found,Rating not found,No social proof available,URL not found
Title not found,Brand not found,Discount not found,Price not found,Stock info not found,Rating not found,No social proof available,URL not found
Title not found,Brand not found,Discount not found,Price not found,Stock info not found,Rating not found,No social proof available,URL not found
Title not found,Brand not found,Discount not found,Price not found,Stock info not found,Rating not found,No social proof available,URL not found
Title not found,Brand not found,Discount not found,Price not found,Stock info not found,Rating not found,No social proof available,URL not found
Title not found,Brand not found,Discount not found,Price not found,Stock info not found,Rating not found,No social proof available,URL not found
Title not found,Brand not found,Discount not found,Price not found,Stock info not found,Rating not found,No social proof available,URL not found
Title not found,Brand not found,Discount not found,Price not found,Stock info not found,Rating not found,No social proof available,URL not found
Title not found,Brand not found,Discount not found,Price not found,Stock info not found,Rating not found,No social proof available,URL not found
Title not found,Brand not found,Discount not found,Price not found,Stock info not found,Rating not found,No social proof available,URL not found
Title not found,Brand not found,Discount not found,Price not found,Stock info not found,Rating not found,No social proof available,URL not found
Title not found,Brand not found,Discount not found,Price not found,Stock info not found,Rating not found,No social proof available,URL not found
Title not found,Brand not found,Discount not found,Price not found,Stock info not found,Rating not found,No social proof available,URL not found
Title not found,Brand not found,Discount not found,Price not found,Stock info not found,Rating not found,No social proof available,URL not found
Title not found,Brand not found,Discount not found,Price not found,Stock info not found,Rating not found,No social proof available,URL not found
Title not found,Brand not found,Discount not found,Price not found,Stock info not found,Rating not found,No social proof available,URL not found
Title not found,Brand not found,Discount not found,Price not found,Stock info not found,Rating not found,No social proof available,URL not found
Title not found,Brand not found,Discount not found,Price not found,Stock info not found,Rating not found,No social proof available,URL not found
Title not found,Brand not found,Discount not found,Price not found,Stock info not found,Rating not found,No social proof available,URL not found
Title not found,Brand not found,Discount not found,Price not found,Stock info not found,Rating not found,No social proof available,URL not found
"Direct Thermal Label Printer, Clear Printing High Resolution USB Label Printer Easily Use Low Power Consumption Fast Printing for Kitchen for Shops(#1)",,"₹23,099","11,979",,Rating not found,,https://www.amazon.in/Thermal-Printer-Printing-Resolution-Consumption/dp/B09X24YVT6
Title not found,Brand not found,Discount not found,Price not found,Stock info not found,Rating not found,No social proof available,URL not found
Title not found,Brand not found,Discount not found,Price not found,Stock info not found,Rating not found,No social proof available,URL not found
"Printhead (PF-05) Compatible with Canon iPF6300, iPF6300S, iPF6350, iPF6400, iPF6400S, iPF6400SE,iPF6450,iPF8300, iPF8300S, iPF8400, iPF8400S, iPF8400SE, iPF9400",,"₹88,285","80,260",,2.3  2.3 out of 5 stars,,https://www.amazon.in/Printhead-PF-05-Compatible-iPF6400SE-iPF8400SE/dp/B09WXZFJ8N
Title not found,Brand not found,Discount not found,Price not found,Stock info not found,Rating not found,No social proof available,URL not found
Title not found,Brand not found,Discount not found,Price not found,Stock info not found,Rating not found,No social proof available,URL not found
Title not found,Brand not found,Discount not found,Price not found,Stock info not found,Rating not found,No social proof available,URL not found
Title not found,Brand not found,Discount not found,Price not found,Stock info not found,Rating not found,No social proof available,URL not found
Title not found,Brand not found,Discount not found,Price not found,Stock info not found,Rating not found,No social proof available,URL not found
Title not found,Brand not found,Discount not found,Price not found,Stock info not found,Rating not found,No social proof available,URL not found
Title not found,Brand not found,Discount not found,Price not found,Stock info not found,Rating not found,No social proof available,URL not found
Title not found,Brand not found,Discount not found,Price not found,Stock info not found,Rating not found,No social proof available,URL not found
Title not found,Brand not found,Discount not found,Price not found,Stock info not found,Rating not found,No social proof available,URL not found
Title not found,Brand not found,Discount not found,Price not found,Stock info not found,Rating not found,No social proof available,URL not found
Title not found,Brand not found,Discount not found,Price not found,Stock info not found,Rating not found,No social proof available,URL not found
Title not found,Brand not found,Discount not found,Price not found,Stock info not found,Rating not found,No social proof available,URL not found
Title not found,Brand not found,Discount not found,Price not found,Stock info not found,Rating not found,No social proof available,URL not found
Title not found,Brand not found,Discount not found,Price not found,Stock info not found,Rating not found,No social proof available,URL not found
Title not found,Brand not found,Discount not found,Price not found,Stock info not found,Rating not found,No social proof available,URL not found
Title not found,Brand not found,Discount not found,Price not found,Stock info not found,Rating not found,No social proof available,URL not found
Title not found,Brand not found,Discount not found,Price not found,Stock info not found,Rating not found,No social proof available,URL not found
Title not found,Brand not found,Discount not found,Price not found,Stock info not found,Rating not found,No social proof available,URL not found
Title not found,Brand not found,Discount not found,Price not found,Stock info not found,Rating not found,No social proof available,URL not found
Title not found,Brand not found,Discount not found,Price not found,Stock info not found,Rating not found,No social proof available,URL not found
Title not found,Brand not found,Discount not found,Price not found,Stock info not found,Rating not found,No social proof available,URL not found
Title not found,Brand not found,Discount not found,Price not found,Stock info not found,Rating not found,No social proof available,URL not found
Title not found,Brand not found,Discount not found,Price not found,Stock info not found,Rating not found,No social proof available,URL not found
Title not found,Brand not found,Discount not found,Price not found,Stock info not found,Rating not found,No social proof available,URL not found
Title not found,Brand not found,Discount not found,Price not found,Stock info not found,Rating not found,No social proof available,URL not found
Title not found,Brand not found,Discount not found,Price not found,Stock info not found,Rating not found,No social proof available,URL not found
Title not found,Brand not found,Discount not found,Price not found,Stock info not found,Rating not found,No social proof available,URL not found
Title not found,Brand not found,Discount not found,Price not found,Stock info not found,Rating not found,No social proof available,URL not found
Title not found,Brand not found,Discount not found,Price not found,Stock info not found,Rating not found,No social proof available,URL not found
Title not found,Brand not found,Discount not found,Price not found,Stock info not found,Rating not found,No social proof available,URL not found
Ubersweet® Optical Laser Lens HOP-14XX Laser Lens For 360 LITE-ON DG-16D2S Game Machine Laser Disk Drive Head Black,,"₹3,899","1,938",,Rating not found,,https://www.amazon.in/Ubersweet%C2%AE-Optical-HOP-14XX-DG-16D2S-Machine/dp/B09TH25G8V
Title not found,Brand not found,Discount not found,Price not found,Stock info not found,Rating not found,No social proof available,URL not found
Title not found,Brand not found,Discount not found,Price not found,Stock info not found,Rating not found,No social proof available,URL not found
Title not found,Brand not found,Discount not found,Price not found,Stock info not found,Rating not found,No social proof available,URL not found
Title not found,Brand not found,Discount not found,Price not found,Stock info not found,Rating not found,No social proof available,URL not found
Title not found,Brand not found,Discount not found,Price not found,Stock info not found,Rating not found,No social proof available,URL not found
Title not found,Brand not found,Discount not found,Price not found,Stock info not found,Rating not found,No social proof available,URL not found
Title not found,Brand not found,Discount not found,Price not found,Stock info not found,Rating not found,No social proof available,URL not found
Title not found,Brand not found,Discount not found,Price not found,Stock info not found,Rating not found,No social proof available,URL not found
Title not found,Brand not found,Discount not found,Price not found,Stock info not found,Rating not found,No social proof available,URL not found
"47‑84027M, Anti Tear 6 Blade Marine Impeller for Boat Accessories Replacement for Mariner 9.9HP 15HP 9.9C 15C 15K W15",,"₹3,499","1,833",,Rating not found,,https://www.amazon.in/47%E2%80%9184027M-Impeller-Accessories-Replacement-Mariner/dp/B09S32G4H3
Title not found,Brand not found,Discount not found,Price not found,Stock info not found,Rating not found,No social proof available,URL not found
Title not found,Brand not found,Discount not found,Price not found,Stock info not found,Rating not found,No social proof available,URL not found
Title not found,Brand not found,Discount not found,Price not found,Stock info not found,Rating not found,No social proof available,URL not found
Title not found,Brand not found,Discount not found,Price not found,Stock info not found,Rating not found,No social proof available,URL not found
Title not found,Brand not found,Discount not found,Price not found,Stock info not found,Rating not found,No social proof available,URL not found
Title not found,Brand not found,Discount not found,Price not found,Stock info not found,Rating not found,No social proof available,URL not found
Title not found,Brand not found,Discount not found,Price not found,Stock info not found,Rating not found,No social proof available,URL not found
Title not found,Brand not found,Discount not found,Price not found,Stock info not found,Rating not found,No social proof available,URL not found
Title not found,Brand not found,Discount not found,Price not found,Stock info not found,Rating not found,No social proof available,URL not found
Title not found,Brand not found,Discount not found,Price not found,Stock info not found,Rating not found,No social proof available,URL not found
Title not found,Brand not found,Discount not found,Price not found,Stock info not found,Rating not found,No social proof available,URL not found
Title not found,Brand not found,Discount not found,Price not found,Stock info not found,Rating not found,No social proof available,URL not found
Title not found,Brand not found,Discount not found,Price not found,Stock info not found,Rating not found,No social proof available,URL not found
Title not found,Brand not found,Discount not found,Price not found,Stock info not found,Rating not found,No social proof available,URL not found
Title not found,Brand not found,Discount not found,Price not found,Stock info not found,Rating not found,No social proof available,URL not found
Title not found,Brand not found,Discount not found,Price not found,Stock info not found,Rating not found,No social proof available,URL not found
Title not found,Brand not found,Discount not found,Price not found,Stock info not found,Rating not found,No social proof available,URL not found
Title not found,Brand not found,Discount not found,Price not found,Stock info not found,Rating not found,No social proof available,URL not found
Title not found,Brand not found,Discount not found,Price not found,Stock info not found,Rating not found,No social proof available,URL not found
Title not found,Brand not found,Discount not found,Price not found,Stock info not found,Rating not found,No social proof available,URL not found
Title not found,Brand not found,Discount not found,Price not found,Stock info not found,Rating not found,No social proof available,URL not found
Title not found,Brand not found,Discount not found,Price not found,Stock info not found,Rating not found,No social proof available,URL not found
Title not found,Brand not found,Discount not found,Price not found,Stock info not found,Rating not found,No social proof available,URL not found
Title not found,Brand not found,Discount not found,Price not found,Stock info not found,Rating not found,No social proof available,URL not found
Title not found,Brand not found,Discount not found,Price not found,Stock info not found,Rating not found,No social proof available,URL not found
Title not found,Brand not found,Discount not found,Price not found,Stock info not found,Rating not found,No social proof available,URL not found
Title not found,Brand not found,Discount not found,Price not found,Stock info not found,Rating not found,No social proof available,URL not found
Title not found,Brand not found,Discount not found,Price not found,Stock info not found,Rating not found,No social proof available,URL not found
Title not found,Brand not found,Discount not found,Price not found,Stock info not found,Rating not found,No social proof available,URL not found
Title not found,Brand not found,Discount not found,Price not found,Stock info not found,Rating not found,No social proof available,URL not found
Title not found,Brand not found,Discount not found,Price not found,Stock info not found,Rating not found,No social proof available,URL not found
Title not found,Brand not found,Discount not found,Price not found,Stock info not found,Rating not found,No social proof available,URL not found
Title not found,Brand not found,Discount not found,Price not found,Stock info not found,Rating not found,No social proof available,URL not found
Title not found,Brand not found,Discount not found,Price not found,Stock info not found,Rating not found,No social proof available,URL not found
Title not found,Brand not found,Discount not found,Price not found,Stock info not found,Rating not found,No social proof available,URL not found
Title not found,Brand not found,Discount not found,Price not found,Stock info not found,Rating not found,No social proof available,URL not found
Title not found,Brand not found,Discount not found,Price not found,Stock info not found,Rating not found,No social proof available,URL not found
Title not found,Brand not found,Discount not found,Price not found,Stock info not found,Rating not found,No social proof available,URL not found
Title not found,Brand not found,Discount not found,Price not found,Stock info not found,Rating not found,No social proof available,URL not found
Title not found,Brand not found,Discount not found,Price not found,Stock info not found,Rating not found,No social proof available,URL not found
Title not found,Brand not found,Discount not found,Price not found,Stock info not found,Rating not found,No social proof available,URL not found
Title not found,Brand not found,Discount not found,Price not found,Stock info not found,Rating not found,No social proof available,URL not found
Title not found,Brand not found,Discount not found,Price not found,Stock info not found,Rating not found,No social proof available,URL not found
Title not found,Brand not found,Discount not found,Price not found,Stock info not found,Rating not found,No social proof available,URL not found
Title not found,Brand not found,Discount not found,Price not found,Stock info not found,Rating not found,No social proof available,URL not found
Title not found,Brand not found,Discount not found,Price not found,Stock info not found,Rating not found,No social proof available,URL not found
Title not found,Brand not found,Discount not found,Price not found,Stock info not found,Rating not found,No social proof available,URL not found
Title not found,Brand not found,Discount not found,Price not found,Stock info not found,Rating not found,No social proof available,URL not found
Title not found,Brand not found,Discount not found,Price not found,Stock info not found,Rating not found,No social proof available,URL not found
Title not found,Brand not found,Discount not found,Price not found,Stock info not found,Rating not found,No social proof available,URL not found
Title not found,Brand not found,Discount not found,Price not found,Stock info not found,Rating not found,No social proof available,URL not found
Title not found,Brand not found,Discount not found,Price not found,Stock info not found,Rating not found,No social proof available,URL not found
Title not found,Brand not found,Discount not found,Price not found,Stock info not found,Rating not found,No social proof available,URL not found
Title not found,Brand not found,Discount not found,Price not found,Stock info not found,Rating not found,No social proof available,URL not found
Title not found,Brand not found,Discount not found,Price not found,Stock info not found,Rating not found,No social proof available,URL not found
Title not found,Brand not found,Discount not found,Price not found,Stock info not found,Rating not found,No social proof available,URL not found
Title not found,Brand not found,Discount not found,Price not found,Stock info not found,Rating not found,No social proof available,URL not found
Title not found,Brand not found,Discount not found,Price not found,Stock info not found,Rating not found,No social proof available,URL not found
"Label Printer, Thermal Label Printer High Speed Printing Continuous Printing Excellent Structure Save Space Widely Used for POS System for Transportation Label(#1)",,Discount not found,Price not found,Stock info not found,Rating not found,,https://www.amazon.in/Printing-Continuous-Excellent-Structure-Transportation/dp/B09MDLRK34
Title not found,Brand not found,Discount not found,Price not found,Stock info not found,Rating not found,No social proof available,URL not found
Title not found,Brand not found,Discount not found,Price not found,Stock info not found,Rating not found,No social proof available,URL not found
Title not found,Brand not found,Discount not found,Price not found,Stock info not found,Rating not found,No social proof available,URL not found
Title not found,Brand not found,Discount not found,Price not found,Stock info not found,Rating not found,No social proof available,URL not found
Title not found,Brand not found,Discount not found,Price not found,Stock info not found,Rating not found,No social proof available,URL not found
Title not found,Brand not found,Discount not found,Price not found,Stock info not found,Rating not found,No social proof available,URL not found
Title not found,Brand not found,Discount not found,Price not found,Stock info not found,Rating not found,No social proof available,URL not found
Title not found,Brand not found,Discount not found,Price not found,Stock info not found,Rating not found,No social proof available,URL not found
Title not found,Brand not found,Discount not found,Price not found,Stock info not found,Rating not found,No social proof available,URL not found
Title not found,Brand not found,Discount not found,Price not found,Stock info not found,Rating not found,No social proof available,URL not found
Title not found,Brand not found,Discount not found,Price not found,Stock info not found,Rating not found,No social proof available,URL not found
Title not found,Brand not found,Discount not found,Price not found,Stock info not found,Rating not found,No social proof available,URL not found
Title not found,Brand not found,Discount not found,Price not found,Stock info not found,Rating not found,No social proof available,URL not found
Title not found,Brand not found,Discount not found,Price not found,Stock info not found,Rating not found,No social proof available,URL not found
Title not found,Brand not found,Discount not found,Price not found,Stock info not found,Rating not found,No social proof available,URL not found
Title not found,Brand not found,Discount not found,Price not found,Stock info not found,Rating not found,No social proof available,URL not found
Title not found,Brand not found,Discount not found,Price not found,Stock info not found,Rating not found,No social proof available,URL not found
Title not found,Brand not found,Discount not found,Price not found,Stock info not found,Rating not found,No social proof available,URL not found
Title not found,Brand not found,Discount not found,Price not found,Stock info not found,Rating not found,No social proof available,URL not found
Title not found,Brand not found,Discount not found,Price not found,Stock info not found,Rating not found,No social proof available,URL not found
Title not found,Brand not found,Discount not found,Price not found,Stock info not found,Rating not found,No social proof available,URL not found
Title not found,Brand not found,Discount not found,Price not found,Stock info not found,Rating not found,No social proof available,URL not found
Title not found,Brand not found,Discount not found,Price not found,Stock info not found,Rating not found,No social proof available,URL not found
Title not found,Brand not found,Discount not found,Price not found,Stock info not found,Rating not found,No social proof available,URL not found
Title not found,Brand not found,Discount not found,Price not found,Stock info not found,Rating not found,No social proof available,URL not found
Title not found,Brand not found,Discount not found,Price not found,Stock info not found,Rating not found,No social proof available,URL not found
"Drive Unlocked Board, Easy to Use Drive Board Portable for 360",,"₹7,599","3,933",,Rating not found,,https://www.amazon.in/Drive-Unlocked-Board-Easy-Portable/dp/B09L6JZ9XM
Title not found,Brand not found,Discount not found,Price not found,Stock info not found,Rating not found,No social proof available,URL not found
Title not found,Brand not found,Discount not found,Price not found,Stock info not found,Rating not found,No social proof available,URL not found
Title not found,Brand not found,Discount not found,Price not found,Stock info not found,Rating not found,No social proof available,URL not found
Title not found,Brand not found,Discount not found,Price not found,Stock info not found,Rating not found,No social proof available,URL not found
Title not found,Brand not found,Discount not found,Price not found,Stock info not found,Rating not found,No social proof available,URL not found
Title not found,Brand not found,Discount not found,Price not found,Stock info not found,Rating not found,No social proof available,URL not found
Title not found,Brand not found,Discount not found,Price not found,Stock info not found,Rating not found,No social proof available,URL not found
Title not found,Brand not found,Discount not found,Price not found,Stock info not found,Rating not found,No social proof available,URL not found
"GX20072 Deck Blet Compatible with John Deere LA100 LA105 LA110 LA120 LA125 LA135 Replaces M112230 M137547 M86248 GY20570 Deck Drive Belt 1/2"" x 104""",,Discount not found,Price not found,,Rating not found,,https://www.amazon.in/GX20072-Compatible-Replaces-M112230-M137547/dp/B09K427CVX
Title not found,Brand not found,Discount not found,Price not found,Stock info not found,Rating not found,No social proof available,URL not found
Title not found,Brand not found,Discount not found,Price not found,Stock info not found,Rating not found,No social proof available,URL not found
Title not found,Brand not found,Discount not found,Price not found,Stock info not found,Rating not found,No social proof available,URL not found
"3211180 Polaris Drive Belt Heavy Duty CVT Drive Belt for 2014-2021 Polaris RZR XP 1000 & RZR XP4 1000 & RZR 1000 for 2016-2021 RZR 1000S,for 2011-2020 RZR 900 All Models 3211180/3211148/3211172",,Discount not found,Price not found,Stock info not found,3.2  3.2 out of 5 stars  (10),,https://www.amazon.in/3211180-Polaris-2014-2021-2016-2021-2011-2020/dp/B09JC9Q6ZY
Title not found,Brand not found,Discount not found,Price not found,Stock info not found,Rating not found,No social proof available,URL not found
Title not found,Brand not found,Discount not found,Price not found,Stock info not found,Rating not found,No social proof available,URL not found
Title not found,Brand not found,Discount not found,Price not found,Stock info not found,Rating not found,No social proof available,URL not found
Title not found,Brand not found,Discount not found,Price not found,Stock info not found,Rating not found,No social proof available,URL not found
Title not found,Brand not found,Discount not found,Price not found,Stock info not found,Rating not found,No social proof available,URL not found
Title not found,Brand not found,Discount not found,Price not found,Stock info not found,Rating not found,No social proof available,URL not found
Title not found,Brand not found,Discount not found,Price not found,Stock info not found,Rating not found,No social proof available,URL not found
Title not found,Brand not found,Discount not found,Price not found,Stock info not found,Rating not found,No social proof available,URL not found
Title not found,Brand not found,Discount not found,Price not found,Stock info not found,Rating not found,No social proof available,URL not found
Title not found,Brand not found,Discount not found,Price not found,Stock info not found,Rating not found,No social proof available,URL not found
Title not found,Brand not found,Discount not found,Price not found,Stock info not found,Rating not found,No social proof available,URL not found
Title not found,Brand not found,Discount not found,Price not found,Stock info not found,Rating not found,No social proof available,URL not found
Title not found,Brand not found,Discount not found,Price not found,Stock info not found,Rating not found,No social proof available,URL not found
Title not found,Brand not found,Discount not found,Price not found,Stock info not found,Rating not found,No social proof available,URL not found
Title not found,Brand not found,Discount not found,Price not found,Stock info not found,Rating not found,No social proof available,URL not found
Title not found,Brand not found,Discount not found,Price not found,Stock info not found,Rating not found,No social proof available,URL not found
Title not found,Brand not found,Discount not found,Price not found,Stock info not found,Rating not found,No social proof available,URL not found
Title not found,Brand not found,Discount not found,Price not found,Stock info not found,Rating not found,No social proof available,URL not found
Title not found,Brand not found,Discount not found,Price not found,Stock info not found,Rating not found,No social proof available,URL not found
Title not found,Brand not found,Discount not found,Price not found,Stock info not found,Rating not found,No social proof available,URL not found
Title not found,Brand not found,Discount not found,Price not found,Stock info not found,Rating not found,No social proof available,URL not found
Title not found,Brand not found,Discount not found,Price not found,Stock info not found,Rating not found,No social proof available,URL not found
Title not found,Brand not found,Discount not found,Price not found,Stock info not found,Rating not found,No social proof available,URL not found
Title not found,Brand not found,Discount not found,Price not found,Stock info not found,Rating not found,No social proof available,URL not found
Title not found,Brand not found,Discount not found,Price not found,Stock info not found,Rating not found,No social proof available,URL not found
Title not found,Brand not found,Discount not found,Price not found,Stock info not found,Rating not found,No social proof available,URL not found
Title not found,Brand not found,Discount not found,Price not found,Stock info not found,Rating not found,No social proof available,URL not found
Non-Adhesive Thermal Paper Roll 57 * 30mm Receipt P Paper Clear Printing BPA-Free Long-Lasting 10 Years for Pocket Thermal Printer 3 Rolls Compatible with (White) -Layfoo,,"₹7,299","3,666",,,,https://www.amazon.in/Non-Adhesive-Printing-BPA-Free-Long-Lasting-Compatible/dp/B09D7XWC1C
Title not found,Brand not found,Discount not found,Price not found,Stock info not found,Rating not found,No social proof available,URL not found
Title not found,Brand not found,Discount not found,Price not found,Stock info not found,Rating not found,No social proof available,URL not found
Title not found,Brand not found,Discount not found,Price not found,Stock info not found,Rating not found,No social proof available,URL not found
Title not found,Brand not found,Discount not found,Price not found,Stock info not found,Rating not found,No social proof available,URL not found
Title not found,Brand not found,Discount not found,Price not found,Stock info not found,Rating not found,No social proof available,URL not found
Title not found,Brand not found,Discount not found,Price not found,Stock info not found,Rating not found,No social proof available,URL not found
"Printing Tool, Mobile Phone Photo Printer, Cute Text Recognition Thermal Printing Printer for Recording Wrong Questions Error Questions Recorder(Pink)",,"₹7,099","3,526",,,,https://www.amazon.in/Printing-Recognition-Recording-Questions-Recorder/dp/B09B44TS7Z
Title not found,Brand not found,Discount not found,Price not found,Stock info not found,Rating not found,No social proof available,URL not found
2 x Magicard Pronto 100 Printer MD100YMCKO Color Ribbon - YMCKO - 100 Prints with Bodno Software Demo Card,,Discount not found,"37,962",,3.8  3.8 out of 5 stars  (19),,https://www.amazon.in/Magicard-Pronto-Printer-MD100YMCKO-Ribbon/dp/B099MXW5FK
Title not found,Brand not found,Discount not found,Price not found,Stock info not found,Rating not found,No social proof available,URL not found
Title not found,Brand not found,Discount not found,Price not found,Stock info not found,Rating not found,No social proof available,URL not found
"HD Mini Printer Take Photos to Search for Questions, Analyze Wrong Questions, Print Without Ink，Pocket Wrong question Printer",,Discount not found,Price not found,Stock info not found,,,https://www.amazon.in/Printer-Questions-Analyze-Ink%EF%BC%8CPocket-question/dp/B098PYRN8X
Title not found,Brand not found,Discount not found,Price not found,Stock info not found,Rating not found,No social proof available,URL not found
Title not found,Brand not found,Discount not found,Price not found,Stock info not found,Rating not found,No social proof available,URL not found
Title not found,Brand not found,Discount not found,Price not found,Stock info not found,Rating not found,No social proof available,URL not found
Title not found,Brand not found,Discount not found,Price not found,Stock info not found,Rating not found,No social proof available,URL not found
Title not found,Brand not found,Discount not found,Price not found,Stock info not found,Rating not found,No social proof available,URL not found
Title not found,Brand not found,Discount not found,Price not found,Stock info not found,Rating not found,No social proof available,URL not found
Title not found,Brand not found,Discount not found,Price not found,Stock info not found,Rating not found,No social proof available,URL not found
Title not found,Brand not found,Discount not found,Price not found,Stock info not found,Rating not found,No social proof available,URL not found
Title not found,Brand not found,Discount not found,Price not found,Stock info not found,Rating not found,No social proof available,URL not found
Title not found,Brand not found,Discount not found,Price not found,Stock info not found,Rating not found,No social proof available,URL not found
Title not found,Brand not found,Discount not found,Price not found,Stock info not found,Rating not found,No social proof available,URL not found
WERJIA Hard Carrying Case Compatible with Aibecy GOOJPRT/MUNBYN T02 PeriPage Mini Photo Printerï¼Å’Memoking T02 Pocket Printer,,"₹7,464.18","8,934",,Rating not found,,https://www.amazon.in/WERJIA-Carrying-Compatible-PeriPage-Printer%EF%BC%8CMemoking/dp/B093Q5G7TV
Title not found,Brand not found,Discount not found,Price not found,Stock info not found,Rating not found,No social proof available,URL not found
Title not found,Brand not found,Discount not found,Price not found,Stock info not found,Rating not found,No social proof available,URL not found
Title not found,Brand not found,Discount not found,Price not found,Stock info not found,Rating not found,No social proof available,URL not found
Title not found,Brand not found,Discount not found,Price not found,Stock info not found,Rating not found,No social proof available,URL not found
Title not found,Brand not found,Discount not found,Price not found,Stock info not found,Rating not found,No social proof available,URL not found
Title not found,Brand not found,Discount not found,Price not found,Stock info not found,Rating not found,No social proof available,URL not found
"Printer Protective Case, Pocket Printer Protective Shell Pocket Printer Case Printer Accessory Shockproof Travel Protective Case for Peripage Pocket Printer Accessoryï¼Ë†Transparent/Pinkï¼â€°",,Discount not found,Price not found,Stock info not found,5.0  5.0 out of 5 stars  (1),,https://www.amazon.in/Protective-Practical-Exquisite-Transparent-Accessory/dp/B08ZXWQYRM
Title not found,Brand not found,Discount not found,Price not found,Stock info not found,Rating not found,No social proof available,URL not found
RS Pro by Allied 8320264,,"₹29,917.10",Price not found,,Rating not found,,https://www.amazon.in/RS-Pro-by-Allied-8320264/dp/B08Y5R9PGJ
Title not found,Brand not found,Discount not found,Price not found,Stock info not found,Rating not found,No social proof available,URL not found
Title not found,Brand not found,Discount not found,Price not found,Stock info not found,Rating not found,No social proof available,URL not found
Title not found,Brand not found,Discount not found,Price not found,Stock info not found,Rating not found,No social proof available,URL not found
Title not found,Brand not found,Discount not found,Price not found,Stock info not found,Rating not found,No social proof available,URL not found
Title not found,Brand not found,Discount not found,Price not found,Stock info not found,Rating not found,No social proof available,URL not found
Title not found,Brand not found,Discount not found,Price not found,Stock info not found,Rating not found,No social proof available,URL not found
Qnotici Portable Transfer Stencil Machine Mini USB Port Thermal Copier Printer Compatible with Mobile Phone Device and Computer,,Discount not found,Price not found,Stock info not found,Rating not found,,https://www.amazon.in/Portable-Transfer-Stencil-Compatible-Computer/dp/B08WX1Q6LX
Title not found,Brand not found,Discount not found,Price not found,Stock info not found,Rating not found,No social proof available,URL not found
Title not found,Brand not found,Discount not found,Price not found,Stock info not found,Rating not found,No social proof available,URL not found
Title not found,Brand not found,Discount not found,Price not found,Stock info not found,Rating not found,No social proof available,URL not found
Title not found,Brand not found,Discount not found,Price not found,Stock info not found,Rating not found,No social proof available,URL not found
Title not found,Brand not found,Discount not found,Price not found,Stock info not found,Rating not found,No social proof available,URL not found
"Sanyipace Thermal Printer, Mini Pocket Bluetooth Printer, Portable Smart Printer For Photo/Lable/Card/Document/Web Printing, Small Cute Printer For Study Or Daily Work (Pink)",,Discount not found,Price not found,Stock info not found,,,https://www.amazon.in/Sanyipace-Bluetooth-Portable-Document-Printing/dp/B08T74N1ZW
Title not found,Brand not found,Discount not found,Price not found,Stock info not found,Rating not found,No social proof available,URL not found
Title not found,Brand not found,Discount not found,Price not found,Stock info not found,Rating not found,No social proof available,URL not found
Title not found,Brand not found,Discount not found,Price not found,Stock info not found,Rating not found,No social proof available,URL not found
Title not found,Brand not found,Discount not found,Price not found,Stock info not found,Rating not found,No social proof available,URL not found
Title not found,Brand not found,Discount not found,Price not found,Stock info not found,Rating not found,No social proof available,URL not found
Title not found,Brand not found,Discount not found,Price not found,Stock info not found,Rating not found,No social proof available,URL not found
Title not found,Brand not found,Discount not found,Price not found,Stock info not found,Rating not found,No social proof available,URL not found
Title not found,Brand not found,Discount not found,Price not found,Stock info not found,Rating not found,No social proof available,URL not found
Title not found,Brand not found,Discount not found,Price not found,Stock info not found,Rating not found,No social proof available,URL not found
Title not found,Brand not found,Discount not found,Price not found,Stock info not found,Rating not found,No social proof available,URL not found
Title not found,Brand not found,Discount not found,Price not found,Stock info not found,Rating not found,No social proof available,URL not found
"9 pin to USB Dual Atari Joystick, Paddle, and Driving Adapter by iCode, DB9 Ports, Plus Edition",,"₹15,312.85",Price not found,,Rating not found,,https://www.amazon.in/Joystick-Paddle-Driving-Adapter-iCode/dp/B08QGFXH8J
Title not found,Brand not found,Discount not found,Price not found,Stock info not found,Rating not found,No social proof available,URL not found
Title not found,Brand not found,Discount not found,Price not found,Stock info not found,Rating not found,No social proof available,URL not found
Sanyipace PAPERANG P1 Pocket Printer 200 DPI for Study/Work/Fun Portable Wireless HD Thermal Label Printer with 1 Roll White 57mmx30mm Thermal Paper - Pink,,Discount not found,Price not found,Stock info not found,Rating not found,,https://www.amazon.in/Sanyipace-PAPERANG-Portable-Wireless-57mmx30mm/dp/B08QFPLZQX
Title not found,Brand not found,Discount not found,Price not found,Stock info not found,Rating not found,No social proof available,URL not found
Title not found,Brand not found,Discount not found,Price not found,Stock info not found,Rating not found,No social proof available,URL not found
Title not found,Brand not found,Discount not found,Price not found,Stock info not found,Rating not found,No social proof available,URL not found
Title not found,Brand not found,Discount not found,Price not found,Stock info not found,Rating not found,No social proof available,URL not found
Title not found,Brand not found,Discount not found,Price not found,Stock info not found,Rating not found,No social proof available,URL not found
Title not found,Brand not found,Discount not found,Price not found,Stock info not found,Rating not found,No social proof available,URL not found
Title not found,Brand not found,Discount not found,Price not found,Stock info not found,Rating not found,No social proof available,URL not found
Title not found,Brand not found,Discount not found,Price not found,Stock info not found,Rating not found,No social proof available,URL not found
Title not found,Brand not found,Discount not found,Price not found,Stock info not found,Rating not found,No social proof available,URL not found
Title not found,Brand not found,Discount not found,Price not found,Stock info not found,Rating not found,No social proof available,URL not found
Title not found,Brand not found,Discount not found,Price not found,Stock info not found,Rating not found,No social proof available,URL not found
Title not found,Brand not found,Discount not found,Price not found,Stock info not found,Rating not found,No social proof available,URL not found
Title not found,Brand not found,Discount not found,Price not found,Stock info not found,Rating not found,No social proof available,URL not found
Title not found,Brand not found,Discount not found,Price not found,Stock info not found,Rating not found,No social proof available,URL not found
Title not found,Brand not found,Discount not found,Price not found,Stock info not found,Rating not found,No social proof available,URL not found
Title not found,Brand not found,Discount not found,Price not found,Stock info not found,Rating not found,No social proof available,URL not found
Title not found,Brand not found,Discount not found,Price not found,Stock info not found,Rating not found,No social proof available,URL not found
Title not found,Brand not found,Discount not found,Price not found,Stock info not found,Rating not found,No social proof available,URL not found
Title not found,Brand not found,Discount not found,Price not found,Stock info not found,Rating not found,No social proof available,URL not found
Title not found,Brand not found,Discount not found,Price not found,Stock info not found,Rating not found,No social proof available,URL not found
Title not found,Brand not found,Discount not found,Price not found,Stock info not found,Rating not found,No social proof available,URL not found
Title not found,Brand not found,Discount not found,Price not found,Stock info not found,Rating not found,No social proof available,URL not found
Title not found,Brand not found,Discount not found,Price not found,Stock info not found,Rating not found,No social proof available,URL not found
Title not found,Brand not found,Discount not found,Price not found,Stock info not found,Rating not found,No social proof available,URL not found
Title not found,Brand not found,Discount not found,Price not found,Stock info not found,Rating not found,No social proof available,URL not found
Title not found,Brand not found,Discount not found,Price not found,Stock info not found,Rating not found,No social proof available,URL not found
Title not found,Brand not found,Discount not found,Price not found,Stock info not found,Rating not found,No social proof available,URL not found
Title not found,Brand not found,Discount not found,Price not found,Stock info not found,Rating not found,No social proof available,URL not found
Title not found,Brand not found,Discount not found,Price not found,Stock info not found,Rating not found,No social proof available,URL not found
Title not found,Brand not found,Discount not found,Price not found,Stock info not found,Rating not found,No social proof available,URL not found
Title not found,Brand not found,Discount not found,Price not found,Stock info not found,Rating not found,No social proof available,URL not found
Title not found,Brand not found,Discount not found,Price not found,Stock info not found,Rating not found,No social proof available,URL not found
Title not found,Brand not found,Discount not found,Price not found,Stock info not found,Rating not found,No social proof available,URL not found
Title not found,Brand not found,Discount not found,Price not found,Stock info not found,Rating not found,No social proof available,URL not found
Title not found,Brand not found,Discount not found,Price not found,Stock info not found,Rating not found,No social proof available,URL not found
Title not found,Brand not found,Discount not found,Price not found,Stock info not found,Rating not found,No social proof available,URL not found
Title not found,Brand not found,Discount not found,Price not found,Stock info not found,Rating not found,No social proof available,URL not found
Title not found,Brand not found,Discount not found,Price not found,Stock info not found,Rating not found,No social proof available,URL not found
Title not found,Brand not found,Discount not found,Price not found,Stock info not found,Rating not found,No social proof available,URL not found
Title not found,Brand not found,Discount not found,Price not found,Stock info not found,Rating not found,No social proof available,URL not found
Title not found,Brand not found,Discount not found,Price not found,Stock info not found,Rating not found,No social proof available,URL not found
Title not found,Brand not found,Discount not found,Price not found,Stock info not found,Rating not found,No social proof available,URL not found
Title not found,Brand not found,Discount not found,Price not found,Stock info not found,Rating not found,No social proof available,URL not found
Title not found,Brand not found,Discount not found,Price not found,Stock info not found,Rating not found,No social proof available,URL not found
Kit Place Roller for Zebra GK420D GX420D GK430D GX430D ZP450 ZP550 Thermal Label Printer 105934-035,,Discount not found,Price not found,Stock info not found,5.0  5.0 out of 5 stars  (1),,https://www.amazon.in/Roller-GK420D-Thermal-Printer-105934-035/dp/B07YDFTP6C
Title not found,Brand not found,Discount not found,Price not found,Stock info not found,Rating not found,No social proof available,URL not found
Title not found,Brand not found,Discount not found,Price not found,Stock info not found,Rating not found,No social proof available,URL not found
Title not found,Brand not found,Discount not found,Price not found,Stock info not found,Rating not found,No social proof available,URL not found
Title not found,Brand not found,Discount not found,Price not found,Stock info not found,Rating not found,No social proof available,URL not found
Title not found,Brand not found,Discount not found,Price not found,Stock info not found,Rating not found,No social proof available,URL not found
Title not found,Brand not found,Discount not found,Price not found,Stock info not found,Rating not found,No social proof available,URL not found
Title not found,Brand not found,Discount not found,Price not found,Stock info not found,Rating not found,No social proof available,URL not found
Title not found,Brand not found,Discount not found,Price not found,Stock info not found,Rating not found,No social proof available,URL not found
Title not found,Brand not found,Discount not found,Price not found,Stock info not found,Rating not found,No social proof available,URL not found
Title not found,Brand not found,Discount not found,Price not found,Stock info not found,Rating not found,No social proof available,URL not found
Title not found,Brand not found,Discount not found,Price not found,Stock info not found,Rating not found,No social proof available,URL not found
Title not found,Brand not found,Discount not found,Price not found,Stock info not found,Rating not found,No social proof available,URL not found
Title not found,Brand not found,Discount not found,Price not found,Stock info not found,Rating not found,No social proof available,URL not found
Title not found,Brand not found,Discount not found,Price not found,Stock info not found,Rating not found,No social proof available,URL not found
Title not found,Brand not found,Discount not found,Price not found,Stock info not found,Rating not found,No social proof available,URL not found
Title not found,Brand not found,Discount not found,Price not found,Stock info not found,Rating not found,No social proof available,URL not found
Title not found,Brand not found,Discount not found,Price not found,Stock info not found,Rating not found,No social proof available,URL not found
Title not found,Brand not found,Discount not found,Price not found,Stock info not found,Rating not found,No social proof available,URL not found
Compatible 45189-22 45189-5 Main Drive Belt for Zebra 105SL 105SE 110Xi3 140Xi3 220Xi3 170Xi3 Label Printers 203dpi 300dpi,,Discount not found,Price not found,Stock info not found,Rating not found,,https://www.amazon.in/Compatible-Zebra-105SL-105SE-110Xi3/dp/B07VXYJ8KR
Title not found,Brand not found,Discount not found,Price not found,Stock info not found,Rating not found,No social proof available,URL not found
Anysun Portable Mini Pocket Label Sticker Receipt/Photo Printer Compatible with Android iOS Devices Windows System for Men and Women (Pink),,Discount not found,Price not found,Stock info not found,Rating not found,,https://www.amazon.in/Anysun-Portable-Sticker-Photo-Compatible/dp/B07VHL7GGW
Title not found,Brand not found,Discount not found,Price not found,Stock info not found,Rating not found,No social proof available,URL not found
Aluminum Anode Kit for Mercruiser Sterndrive Alpha One Generation II Gen 2 1991 & Up Replaces 888756Q03 Read Product Description for Applications,,Discount not found,"17,420",,4.7  4.7 out of 5 stars  (241),,https://www.amazon.in/Mercruiser-Sterndrive-Generation-Description-Applications/dp/B07S76JSXV
Title not found,Brand not found,Discount not found,Price not found,Stock info not found,Rating not found,No social proof available,URL not found
Festnight BT Printer USB Thermal Receipt Printers Qr Code Barcode Sticker Adhesive Printer 58mm EU Plug,,Discount not found,Price not found,Stock info not found,2.6  2.6 out of 5 stars  (2),,https://www.amazon.in/Festnight-Printer-Thermal-Printers-Adhesive/dp/B07QKXVW5L
Title not found,Brand not found,Discount not found,Price not found,Stock info not found,Rating not found,No social proof available,URL not found
Festnight BT Thermal Printer 58mm Restaurant Retail Receipt Ticket POS Printing for iOS Android Windows,,Discount not found,Price not found,Stock info not found,Rating not found,,https://www.amazon.in/Festnight-Thermal-Printer-Restaurant-Printing/dp/B07QF6GJP1
Title not found,Brand not found,Discount not found,Price not found,Stock info not found,Rating not found,No social proof available,URL not found
Title not found,Brand not found,Discount not found,Price not found,Stock info not found,Rating not found,No social proof available,URL not found
Title not found,Brand not found,Discount not found,Price not found,Stock info not found,Rating not found,No social proof available,URL not found
Title not found,Brand not found,Discount not found,Price not found,Stock info not found,Rating not found,No social proof available,URL not found
Title not found,Brand not found,Discount not found,Price not found,Stock info not found,Rating not found,No social proof available,URL not found
Title not found,Brand not found,Discount not found,Price not found,Stock info not found,Rating not found,No social proof available,URL not found
Title not found,Brand not found,Discount not found,Price not found,Stock info not found,Rating not found,No social proof available,URL not found
Yanzeo 50114601 for OKI Data ML320 ML321 ML321T Turbo Printhead Dot-Matrix Print Head,,Discount not found,Price not found,Stock info not found,4.0  4.0 out of 5 stars  (9),,https://www.amazon.in/Yanzeo-50114601-ML321T-Printhead-Dot-Matrix/dp/B07JWG1BCR
Title not found,Brand not found,Discount not found,Price not found,Stock info not found,Rating not found,No social proof available,URL not found
Title not found,Brand not found,Discount not found,Price not found,Stock info not found,Rating not found,No social proof available,URL not found
Title not found,Brand not found,Discount not found,Price not found,Stock info not found,Rating not found,No social proof available,URL not found
Title not found,Brand not found,Discount not found,Price not found,Stock info not found,Rating not found,No social proof available,URL not found
Title not found,Brand not found,Discount not found,Price not found,Stock info not found,Rating not found,No social proof available,URL not found
Title not found,Brand not found,Discount not found,Price not found,Stock info not found,Rating not found,No social proof available,URL not found
Ranger Tim Holtz Distress Oxide Ink Pad - Mustard Seed,,"₹4,168.22",Price not found,,Rating not found,,https://www.amazon.in/Ranger-Tim-Holtz-Distress-Oxide/dp/B07FFBD8KY
Title not found,Brand not found,Discount not found,Price not found,Stock info not found,Rating not found,No social proof available,URL not found
Kodak Printomatic Instant Camera (Grey) Gift Bundle + Zink Paper (20 Sheets) + Deluxe Case + 7 Fun Sticker Sets + Twin Tip Markers + Photo Album + Hanging Frames + Comfortable Neck Strap,"Visit the store, KODAK    KODAK   Visit the store","₹23,472","21,427",,Rating not found,,https://www.amazon.in/Kodak-Printomatic-Instant-Sticker-Comfortable/dp/B07F9BF4G6
Title not found,Brand not found,Discount not found,Price not found,Stock info not found,Rating not found,No social proof available,URL not found
Title not found,Brand not found,Discount not found,Price not found,Stock info not found,Rating not found,No social proof available,URL not found
Title not found,Brand not found,Discount not found,Price not found,Stock info not found,Rating not found,No social proof available,URL not found
Title not found,Brand not found,Discount not found,Price not found,Stock info not found,Rating not found,No social proof available,URL not found
Title not found,Brand not found,Discount not found,Price not found,Stock info not found,Rating not found,No social proof available,URL not found
Title not found,Brand not found,Discount not found,Price not found,Stock info not found,Rating not found,No social proof available,URL not found
Title not found,Brand not found,Discount not found,Price not found,Stock info not found,Rating not found,No social proof available,URL not found
Title not found,Brand not found,Discount not found,Price not found,Stock info not found,Rating not found,No social proof available,URL not found
Title not found,Brand not found,Discount not found,Price not found,Stock info not found,Rating not found,No social proof available,URL not found
Houseuse 1000 Pcs 18mm x 13mm x 0.3mm Silicone Thermal Insulation Pad Sheet TO-220,,"₹26,399","13,068",,Rating not found,,https://www.amazon.in/Houseuse-0-3mm-Silicone-Thermal-Insulation/dp/B075YTKSXM
Title not found,Brand not found,Discount not found,Price not found,Stock info not found,Rating not found,No social proof available,URL not found
Unique IT soulutions TSC TTP247 Barcode Printer,,Discount not found,Price not found,Stock info not found,Rating not found,,https://www.amazon.in/Unique-Soulutions-TTP247-Barcode-Printer/dp/B0743F48NB
U-Reach CF 1-1 Portable Copier,,Discount not found,Price not found,Stock info not found,5.0  5.0 out of 5 stars  (7),,https://www.amazon.in/U-Reach-CF-1-1-Portable-Copier/dp/B073VVBBQ2
Title not found,Brand not found,Discount not found,Price not found,Stock info not found,Rating not found,No social proof available,URL not found
Title not found,Brand not found,Discount not found,Price not found,Stock info not found,Rating not found,No social proof available,URL not found
Title not found,Brand not found,Discount not found,Price not found,Stock info not found,Rating not found,No social proof available,URL not found
Title not found,Brand not found,Discount not found,Price not found,Stock info not found,Rating not found,No social proof available,URL not found
Title not found,Brand not found,Discount not found,Price not found,Stock info not found,Rating not found,No social proof available,URL not found
Title not found,Brand not found,Discount not found,Price not found,Stock info not found,Rating not found,No social proof available,URL not found
Special Bundle Ranger Tim Holtz Distress Oxide Ink Pad Walnut Stain + Reinker,,"₹6,243","2,772",,Rating not found,,https://www.amazon.in/Special-Bundle-Ranger-Distress-Reinker/dp/B072HK1T1J
Title not found,Brand not found,Discount not found,Price not found,Stock info not found,Rating not found,No social proof available,URL not found
Title not found,Brand not found,Discount not found,Price not found,Stock info not found,Rating not found,No social proof available,URL not found
Title not found,Brand not found,Discount not found,Price not found,Stock info not found,Rating not found,No social proof available,URL not found
Title not found,Brand not found,Discount not found,Price not found,Stock info not found,Rating not found,No social proof available,URL not found
Title not found,Brand not found,Discount not found,Price not found,Stock info not found,Rating not found,No social proof available,URL not found
Title not found,Brand not found,Discount not found,Price not found,Stock info not found,Rating not found,No social proof available,URL not found
Title not found,Brand not found,Discount not found,Price not found,Stock info not found,Rating not found,No social proof available,URL not found
Title not found,Brand not found,Discount not found,Price not found,Stock info not found,Rating not found,No social proof available,URL not found
Title not found,Brand not found,Discount not found,Price not found,Stock info not found,Rating not found,No social proof available,URL not found
Title not found,Brand not found,Discount not found,Price not found,Stock info not found,Rating not found,No social proof available,URL not found
Title not found,Brand not found,Discount not found,Price not found,Stock info not found,Rating not found,No social proof available,URL not found
Title not found,Brand not found,Discount not found,Price not found,Stock info not found,Rating not found,No social proof available,URL not found
Title not found,Brand not found,Discount not found,Price not found,Stock info not found,Rating not found,No social proof available,URL not found
Title not found,Brand not found,Discount not found,Price not found,Stock info not found,Rating not found,No social proof available,URL not found
Title not found,Brand not found,Discount not found,Price not found,Stock info not found,Rating not found,No social proof available,URL not found
Title not found,Brand not found,Discount not found,Price not found,Stock info not found,Rating not found,No social proof available,URL not found
Title not found,Brand not found,Discount not found,Price not found,Stock info not found,Rating not found,No social proof available,URL not found
Title not found,Brand not found,Discount not found,Price not found,Stock info not found,Rating not found,No social proof available,URL not found
Title not found,Brand not found,Discount not found,Price not found,Stock info not found,Rating not found,No social proof available,URL not found
Title not found,Brand not found,Discount not found,Price not found,Stock info not found,Rating not found,No social proof available,URL not found
Title not found,Brand not found,Discount not found,Price not found,Stock info not found,Rating not found,No social proof available,URL not found
Title not found,Brand not found,Discount not found,Price not found,Stock info not found,Rating not found,No social proof available,URL not found
Title not found,Brand not found,Discount not found,Price not found,Stock info not found,Rating not found,No social proof available,URL not found
Title not found,Brand not found,Discount not found,Price not found,Stock info not found,Rating not found,No social proof available,URL not found
Title not found,Brand not found,Discount not found,Price not found,Stock info not found,Rating not found,No social proof available,URL not found
Title not found,Brand not found,Discount not found,Price not found,Stock info not found,Rating not found,No social proof available,URL not found
Title not found,Brand not found,Discount not found,Price not found,Stock info not found,Rating not found,No social proof available,URL not found
Title not found,Brand not found,Discount not found,Price not found,Stock info not found,Rating not found,No social proof available,URL not found
Title not found,Brand not found,Discount not found,Price not found,Stock info not found,Rating not found,No social proof available,URL not found
Title not found,Brand not found,Discount not found,Price not found,Stock info not found,Rating not found,No social proof available,URL not found
Title not found,Brand not found,Discount not found,Price not found,Stock info not found,Rating not found,No social proof available,URL not found
Title not found,Brand not found,Discount not found,Price not found,Stock info not found,Rating not found,No social proof available,URL not found
Title not found,Brand not found,Discount not found,Price not found,Stock info not found,Rating not found,No social proof available,URL not found
Title not found,Brand not found,Discount not found,Price not found,Stock info not found,Rating not found,No social proof available,URL not found
Title not found,Brand not found,Discount not found,Price not found,Stock info not found,Rating not found,No social proof available,URL not found
Title not found,Brand not found,Discount not found,Price not found,Stock info not found,Rating not found,No social proof available,URL not found
Title not found,Brand not found,Discount not found,Price not found,Stock info not found,Rating not found,No social proof available,URL not found
Title not found,Brand not found,Discount not found,Price not found,Stock info not found,Rating not found,No social proof available,URL not found
Title not found,Brand not found,Discount not found,Price not found,Stock info not found,Rating not found,No social proof available,URL not found
Title not found,Brand not found,Discount not found,Price not found,Stock info not found,Rating not found,No social proof available,URL not found
Title not found,Brand not found,Discount not found,Price not found,Stock info not found,Rating not found,No social proof available,URL not found
Title not found,Brand not found,Discount not found,Price not found,Stock info not found,Rating not found,No social proof available,URL not found
Title not found,Brand not found,Discount not found,Price not found,Stock info not found,Rating not found,No social proof available,URL not found
Title not found,Brand not found,Discount not found,Price not found,Stock info not found,Rating not found,No social proof available,URL not found
Title not found,Brand not found,Discount not found,Price not found,Stock info not found,Rating not found,No social proof available,URL not found
Title not found,Brand not found,Discount not found,Price not found,Stock info not found,Rating not found,No social proof available,URL not found
Title not found,Brand not found,Discount not found,Price not found,Stock info not found,Rating not found,No social proof available,URL not found
Title not found,Brand not found,Discount not found,Price not found,Stock info not found,Rating not found,No social proof available,URL not found
Title not found,Brand not found,Discount not found,Price not found,Stock info not found,Rating not found,No social proof available,URL not found
Title not found,Brand not found,Discount not found,Price not found,Stock info not found,Rating not found,No social proof available,URL not found
Title not found,Brand not found,Discount not found,Price not found,Stock info not found,Rating not found,No social proof available,URL not found
Title not found,Brand not found,Discount not found,Price not found,Stock info not found,Rating not found,No social proof available,URL not found
Title not found,Brand not found,Discount not found,Price not found,Stock info not found,Rating not found,No social proof available,URL not found
Title not found,Brand not found,Discount not found,Price not found,Stock info not found,Rating not found,No social proof available,URL not found
Title not found,Brand not found,Discount not found,Price not found,Stock info not found,Rating not found,No social proof available,URL not found
Title not found,Brand not found,Discount not found,Price not found,Stock info not found,Rating not found,No social proof available,URL not found
Title not found,Brand not found,Discount not found,Price not found,Stock info not found,Rating not found,No social proof available,URL not found
Title not found,Brand not found,Discount not found,Price not found,Stock info not found,Rating not found,No social proof available,URL not found
Title not found,Brand not found,Discount not found,Price not found,Stock info not found,Rating not found,No social proof available,URL not found
Title not found,Brand not found,Discount not found,Price not found,Stock info not found,Rating not found,No social proof available,URL not found
Title not found,Brand not found,Discount not found,Price not found,Stock info not found,Rating not found,No social proof available,URL not found
Title not found,Brand not found,Discount not found,Price not found,Stock info not found,Rating not found,No social proof available,URL not found
Title not found,Brand not found,Discount not found,Price not found,Stock info not found,Rating not found,No social proof available,URL not found
Title not found,Brand not found,Discount not found,Price not found,Stock info not found,Rating not found,No social proof available,URL not found
Title not found,Brand not found,Discount not found,Price not found,Stock info not found,Rating not found,No social proof available,URL not found
Title not found,Brand not found,Discount not found,Price not found,Stock info not found,Rating not found,No social proof available,URL not found
Title not found,Brand not found,Discount not found,Price not found,Stock info not found,Rating not found,No social proof available,URL not found
Bodno Evolis Zenius Single Sided ID Card Printer & Complete Supplies Package Bronze Edition ID Software,,Discount not found,Price not found,Stock info not found,3.3  3.3 out of 5 stars  (13),,https://www.amazon.in/Printer-Complete-Supplies-Bodno-Software/dp/B071DVWZGF
Title not found,Brand not found,Discount not found,Price not found,Stock info not found,Rating not found,No social proof available,URL not found
Title not found,Brand not found,Discount not found,Price not found,Stock info not found,Rating not found,No social proof available,URL not found
Title not found,Brand not found,Discount not found,Price not found,Stock info not found,Rating not found,No social proof available,URL not found
Title not found,Brand not found,Discount not found,Price not found,Stock info not found,Rating not found,No social proof available,URL not found
Title not found,Brand not found,Discount not found,Price not found,Stock info not found,Rating not found,No social proof available,URL not found
Title not found,Brand not found,Discount not found,Price not found,Stock info not found,Rating not found,No social proof available,URL not found
Title not found,Brand not found,Discount not found,Price not found,Stock info not found,Rating not found,No social proof available,URL not found
Title not found,Brand not found,Discount not found,Price not found,Stock info not found,Rating not found,No social proof available,URL not found
Title not found,Brand not found,Discount not found,Price not found,Stock info not found,Rating not found,No social proof available,URL not found
Title not found,Brand not found,Discount not found,Price not found,Stock info not found,Rating not found,No social proof available,URL not found
Title not found,Brand not found,Discount not found,Price not found,Stock info not found,Rating not found,No social proof available,URL not found
Title not found,Brand not found,Discount not found,Price not found,Stock info not found,Rating not found,No social proof available,URL not found
Title not found,Brand not found,Discount not found,Price not found,Stock info not found,Rating not found,No social proof available,URL not found
Title not found,Brand not found,Discount not found,Price not found,Stock info not found,Rating not found,No social proof available,URL not found
Title not found,Brand not found,Discount not found,Price not found,Stock info not found,Rating not found,No social proof available,URL not found
Title not found,Brand not found,Discount not found,Price not found,Stock info not found,Rating not found,No social proof available,URL not found
Title not found,Brand not found,Discount not found,Price not found,Stock info not found,Rating not found,No social proof available,URL not found
Title not found,Brand not found,Discount not found,Price not found,Stock info not found,Rating not found,No social proof available,URL not found
Title not found,Brand not found,Discount not found,Price not found,Stock info not found,Rating not found,No social proof available,URL not found
Title not found,Brand not found,Discount not found,Price not found,Stock info not found,Rating not found,No social proof available,URL not found
Title not found,Brand not found,Discount not found,Price not found,Stock info not found,Rating not found,No social proof available,URL not found
Title not found,Brand not found,Discount not found,Price not found,Stock info not found,Rating not found,No social proof available,URL not found
Title not found,Brand not found,Discount not found,Price not found,Stock info not found,Rating not found,No social proof available,URL not found
Title not found,Brand not found,Discount not found,Price not found,Stock info not found,Rating not found,No social proof available,URL not found
Title not found,Brand not found,Discount not found,Price not found,Stock info not found,Rating not found,No social proof available,URL not found
Title not found,Brand not found,Discount not found,Price not found,Stock info not found,Rating not found,No social proof available,URL not found
"NEW UNIVERSAL TYPEWRITER RIBBON SPOOL, BLACK NYLON CLOTH WITH WHITE CORRECTION TAPE; SUPERIOR REPLACEMENT FOR NU-KOTE BW277, PORELON BW277, SEARS 53770, SMITH CORONA SC-20BW-SCM. (GRC T4-NYBW)",,"₹7,249","5,075",,Rating not found,,https://www.amazon.in/General-Ribbon-Company-SC-20BW-SCM-T4-NYBW/dp/B01NCX9BU3
Title not found,Brand not found,Discount not found,Price not found,Stock info not found,Rating not found,No social proof available,URL not found
Title not found,Brand not found,Discount not found,Price not found,Stock info not found,Rating not found,No social proof available,URL not found
YATUNINK 3 Set of CLI-251XL ( 3Cyan + 3Magenta + 3Yellow ) Compatoble for Canon PIXMA iP7220 MX922 MG7520 MG6620 MG6320,,"₹30,047.55",Price not found,,"4.3  4.3 out of 5 stars  (1,257)",,https://www.amazon.in/YATUNINK-CLI-251XL-3Magenta-3Yellow-Compatoble/dp/B01MZ0HGQS
Title not found,Brand not found,Discount not found,Price not found,Stock info not found,Rating not found,No social proof available,URL not found
"New Alternator Compatible With Kubota Compact Tractor B2320DT B2320DTN B2320DWO B2320HSD 23HP Diesel 6A830-59250, 1002114610, 1642764011, 1642764012, APM0003, 40058015",,Discount not found,Price not found,Stock info not found,4.5  4.5 out of 5 stars  (31),,https://www.amazon.in/Alternator-Replacement-Kubota-6A830-59250-1002114610/dp/B01MSVUUEC
Title not found,Brand not found,Discount not found,Price not found,Stock info not found,Rating not found,No social proof available,URL not found
Title not found,Brand not found,Discount not found,Price not found,Stock info not found,Rating not found,No social proof available,URL not found
Title not found,Brand not found,Discount not found,Price not found,Stock info not found,Rating not found,No social proof available,URL not found
Title not found,Brand not found,Discount not found,Price not found,Stock info not found,Rating not found,No social proof available,URL not found
Title not found,Brand not found,Discount not found,Price not found,Stock info not found,Rating not found,No social proof available,URL not found
Title not found,Brand not found,Discount not found,Price not found,Stock info not found,Rating not found,No social proof available,URL not found
Title not found,Brand not found,Discount not found,Price not found,Stock info not found,Rating not found,No social proof available,URL not found
Title not found,Brand not found,Discount not found,Price not found,Stock info not found,Rating not found,No social proof available,URL not found
Title not found,Brand not found,Discount not found,Price not found,Stock info not found,Rating not found,No social proof available,URL not found
Aztech 55X CE255X Compatible For HP 55X CE255X Toner Cartridge For HP LaserJet P3015dn P3010 HP LaserJet P3015x P3015 P3015d P3015n HP Laserjet Pro 500 MFP M521dn M521dw M525dn M525f Printer 2-Pack,,"₹34,704.15","20,226",,Rating not found,,https://www.amazon.in/AZTECH-CE255X-Yield-Cartridge-LaserJet/dp/B01HRRY78O
Title not found,Brand not found,Discount not found,Price not found,Stock info not found,Rating not found,No social proof available,URL not found
Title not found,Brand not found,Discount not found,Price not found,Stock info not found,Rating not found,No social proof available,URL not found
Title not found,Brand not found,Discount not found,Price not found,Stock info not found,Rating not found,No social proof available,URL not found
"2 Pack INK4WORKReplacement Toner Cartridge for Dell E310dw, E514dw, E515dn, E515dw (593-BBKD / P7RMX) High Yield",,"₹9,989","6,988",,4.2  4.2 out of 5 stars,,https://www.amazon.in/INK4WORKReplacement-Cartridge-E310dw-E514dw-593-BBKD/dp/B01G02J7V4
Title not found,Brand not found,Discount not found,Price not found,Stock info not found,Rating not found,No social proof available,URL not found
Title not found,Brand not found,Discount not found,Price not found,Stock info not found,Rating not found,No social proof available,URL not found
Title not found,Brand not found,Discount not found,Price not found,Stock info not found,Rating not found,No social proof available,URL not found
Title not found,Brand not found,Discount not found,Price not found,Stock info not found,Rating not found,No social proof available,URL not found
Title not found,Brand not found,Discount not found,Price not found,Stock info not found,Rating not found,No social proof available,URL not found
Title not found,Brand not found,Discount not found,Price not found,Stock info not found,Rating not found,No social proof available,URL not found
Title not found,Brand not found,Discount not found,Price not found,Stock info not found,Rating not found,No social proof available,URL not found
Title not found,Brand not found,Discount not found,Price not found,Stock info not found,Rating not found,No social proof available,URL not found
Title not found,Brand not found,Discount not found,Price not found,Stock info not found,Rating not found,No social proof available,URL not found
Title not found,Brand not found,Discount not found,Price not found,Stock info not found,Rating not found,No social proof available,URL not found
Title not found,Brand not found,Discount not found,Price not found,Stock info not found,Rating not found,No social proof available,URL not found
Title not found,Brand not found,Discount not found,Price not found,Stock info not found,Rating not found,No social proof available,URL not found
Title not found,Brand not found,Discount not found,Price not found,Stock info not found,Rating not found,No social proof available,URL not found
Title not found,Brand not found,Discount not found,Price not found,Stock info not found,Rating not found,No social proof available,URL not found
Title not found,Brand not found,Discount not found,Price not found,Stock info not found,Rating not found,No social proof available,URL not found
Title not found,Brand not found,Discount not found,Price not found,Stock info not found,Rating not found,No social proof available,URL not found
Title not found,Brand not found,Discount not found,Price not found,Stock info not found,Rating not found,No social proof available,URL not found
Title not found,Brand not found,Discount not found,Price not found,Stock info not found,Rating not found,No social proof available,URL not found
Title not found,Brand not found,Discount not found,Price not found,Stock info not found,Rating not found,No social proof available,URL not found
Title not found,Brand not found,Discount not found,Price not found,Stock info not found,Rating not found,No social proof available,URL not found
Title not found,Brand not found,Discount not found,Price not found,Stock info not found,Rating not found,No social proof available,URL not found
Hero Arts Winter Greens by Lia Ink Pad,,Discount not found,Price not found,,Rating not found,,https://www.amazon.in/Hero-Arts-Winter-Greens-Lia/dp/B014LZ9SWA
"Outdoor Products Watertight Box, Large, Shocking Orange",,Discount not found,Price not found,,4.6  4.6 out of 5 stars,,https://www.amazon.in/Outdoor-Products-Watertight-Shocking-Orange/dp/B011ZB4NLO
Title not found,Brand not found,Discount not found,Price not found,Stock info not found,Rating not found,No social proof available,URL not found
Title not found,Brand not found,Discount not found,Price not found,Stock info not found,Rating not found,No social proof available,URL not found
Title not found,Brand not found,Discount not found,Price not found,Stock info not found,Rating not found,No social proof available,URL not found
Title not found,Brand not found,Discount not found,Price not found,Stock info not found,Rating not found,No social proof available,URL not found
Title not found,Brand not found,Discount not found,Price not found,Stock info not found,Rating not found,No social proof available,URL not found
Title not found,Brand not found,Discount not found,Price not found,Stock info not found,Rating not found,No social proof available,URL not found
Title not found,Brand not found,Discount not found,Price not found,Stock info not found,Rating not found,No social proof available,URL not found
Title not found,Brand not found,Discount not found,Price not found,Stock info not found,Rating not found,No social proof available,URL not found
Title not found,Brand not found,Discount not found,Price not found,Stock info not found,Rating not found,No social proof available,URL not found
"Valuetoner Remanufactured Ink Cartridge Replacement for HP 94 C9350FN C8765WN for Officejet 150 100 H470 9800 7310 7210, Deskjet 460, PSC 1610 2355 (Black, 2 Pack)",,"₹9,422.40","4,807",,4.1  4.1 out of 5 stars  (488),,https://www.amazon.in/Valuetoner-Remanufactured-Cartridge-Replacement-Compatible/dp/B00UTK8JZE
"V7 V7C8773WN Ink for HP printers (Replaces C8773WN, yield of 500 pages)",,Discount not found,Price not found,Stock info not found,Rating not found,,https://www.amazon.in/V7-V7C8773WN-Printers-Replaces-C8773WN/dp/B00TY2QR4I
Title not found,Brand not found,Discount not found,Price not found,Stock info not found,Rating not found,No social proof available,URL not found
Title not found,Brand not found,Discount not found,Price not found,Stock info not found,Rating not found,No social proof available,URL not found
Title not found,Brand not found,Discount not found,Price not found,Stock info not found,Rating not found,No social proof available,URL not found
Title not found,Brand not found,Discount not found,Price not found,Stock info not found,Rating not found,No social proof available,URL not found
Title not found,Brand not found,Discount not found,Price not found,Stock info not found,Rating not found,No social proof available,URL not found
E-Z Ink TM Compatible Toner Cartridge Replacement For Brother TN330 TN360 High Yield 1 Black 2 Toner,,Discount not found,Price not found,Stock info not found,"4.5  4.5 out of 5 stars  (1,676)",,https://www.amazon.in/Z-Ink-Compatible-Cartridge-Replacement/dp/B00T6RWJMU
Title not found,Brand not found,Discount not found,Price not found,Stock info not found,Rating not found,No social proof available,URL not found
Title not found,Brand not found,Discount not found,Price not found,Stock info not found,Rating not found,No social proof available,URL not found
Title not found,Brand not found,Discount not found,Price not found,Stock info not found,Rating not found,No social proof available,URL not found
Title not found,Brand not found,Discount not found,Price not found,Stock info not found,Rating not found,No social proof available,URL not found
Title not found,Brand not found,Discount not found,Price not found,Stock info not found,Rating not found,No social proof available,URL not found
Title not found,Brand not found,Discount not found,Price not found,Stock info not found,Rating not found,No social proof available,URL not found
Title not found,Brand not found,Discount not found,Price not found,Stock info not found,Rating not found,No social proof available,URL not found
Title not found,Brand not found,Discount not found,Price not found,Stock info not found,Rating not found,No social proof available,URL not found
Title not found,Brand not found,Discount not found,Price not found,Stock info not found,Rating not found,No social proof available,URL not found
Title not found,Brand not found,Discount not found,Price not found,Stock info not found,Rating not found,No social proof available,URL not found
Title not found,Brand not found,Discount not found,Price not found,Stock info not found,Rating not found,No social proof available,URL not found
Title not found,Brand not found,Discount not found,Price not found,Stock info not found,Rating not found,No social proof available,URL not found
Title not found,Brand not found,Discount not found,Price not found,Stock info not found,Rating not found,No social proof available,URL not found
Title not found,Brand not found,Discount not found,Price not found,Stock info not found,Rating not found,No social proof available,URL not found
Title not found,Brand not found,Discount not found,Price not found,Stock info not found,Rating not found,No social proof available,URL not found
Title not found,Brand not found,Discount not found,Price not found,Stock info not found,Rating not found,No social proof available,URL not found
Title not found,Brand not found,Discount not found,Price not found,Stock info not found,Rating not found,No social proof available,URL not found
Title not found,Brand not found,Discount not found,Price not found,Stock info not found,Rating not found,No social proof available,URL not found
Title not found,Brand not found,Discount not found,Price not found,Stock info not found,Rating not found,No social proof available,URL not found
Title not found,Brand not found,Discount not found,Price not found,Stock info not found,Rating not found,No social proof available,URL not found
Title not found,Brand not found,Discount not found,Price not found,Stock info not found,Rating not found,No social proof available,URL not found
Title not found,Brand not found,Discount not found,Price not found,Stock info not found,Rating not found,No social proof available,URL not found
Title not found,Brand not found,Discount not found,Price not found,Stock info not found,Rating not found,No social proof available,URL not found
Title not found,Brand not found,Discount not found,Price not found,Stock info not found,Rating not found,No social proof available,URL not found
HI-VISION HI-YIELDS Compatible Toner Cartridge Replacement for Samsung MLT-D116L Black works with M2825DW M2875FD M2875FW M2835DW M2885FW 1 Drum,,"₹12,050","10,955",,4.1  4.1 out of 5 stars  (88),,https://www.amazon.in/HI-VISION-HI-YIELDS-Compatible-Cartridge-Replacement/dp/B00HME69FC
42169702 Okidata Oki 520 521 Op Panel Assy Units With Rev D ml520 ml521 ml520n ml521n,,Discount not found,Price not found,Stock info not found,Rating not found,,https://www.amazon.in/42169702-Okidata-Panel-ml520n-ml521n/dp/B00HFXW3A0
Title not found,Brand not found,Discount not found,Price not found,Stock info not found,Rating not found,No social proof available,URL not found
"LD Remanufactured Replacement for HP 950XL / 950 & 951XL / 951 Set of 4 High Yield Ink Cartridges Includes: 1 Black XL CN045AN, 1 Cyan XL CN046AN, 1 Magenta XL CN047AN, and 1 Yellow XL CN048AN",,"₹10,929","7,648",,4.1  4.1 out of 5 stars  (458),,https://www.amazon.in/Remanufactured-Replacement-Cartridges-CN045AN-CN046AN/dp/B00GMXYTQA
Title not found,Brand not found,Discount not found,Price not found,Stock info not found,Rating not found,No social proof available,URL not found
"ILFORD 2001754 GALERIE Prestige Smooth Pearl - 17 x 22 Inches, 25 Sheets",,Discount not found,Price not found,Stock info not found,4.9  4.9 out of 5 stars  (50),,https://www.amazon.in/ILFORD-GALERIE-Prestige-Smooth-Pearl/dp/B00EZ4JUKI
Title not found,Brand not found,Discount not found,Price not found,Stock info not found,Rating not found,No social proof available,URL not found
Title not found,Brand not found,Discount not found,Price not found,Stock info not found,Rating not found,No social proof available,URL not found
Title not found,Brand not found,Discount not found,Price not found,Stock info not found,Rating not found,No social proof available,URL not found
Title not found,Brand not found,Discount not found,Price not found,Stock info not found,Rating not found,No social proof available,URL not found
Title not found,Brand not found,Discount not found,Price not found,Stock info not found,Rating not found,No social proof available,URL not found
Title not found,Brand not found,Discount not found,Price not found,Stock info not found,Rating not found,No social proof available,URL not found
Title not found,Brand not found,Discount not found,Price not found,Stock info not found,Rating not found,No social proof available,URL not found
Title not found,Brand not found,Discount not found,Price not found,Stock info not found,Rating not found,No social proof available,URL not found
Title not found,Brand not found,Discount not found,Price not found,Stock info not found,Rating not found,No social proof available,URL not found
Title not found,Brand not found,Discount not found,Price not found,Stock info not found,Rating not found,No social proof available,URL not found
Title not found,Brand not found,Discount not found,Price not found,Stock info not found,Rating not found,No social proof available,URL not found
Package of Two Citizen IDP353 IDP3530 IDP3530F IDP3540 and Others Printer Ribbon Purple Compatible,,Discount not found,Price not found,Stock info not found,Rating not found,,https://www.amazon.in/Package-Citizen-IDP3530-IDP3530F-Compatible/dp/B00D4DUYL0
Package of Two Brother SX-14 SX-16 SX-23 SX-4000 ZX-30 and Others Typewriter Ribbon Correctable Compatible,,"₹4,579.34",Price not found,,3.5  3.5 out of 5 stars,,https://www.amazon.in/Package-Brother-Typewriter-Correctable-Compatible/dp/B00D38XCJM
Title not found,Brand not found,Discount not found,Price not found,Stock info not found,Rating not found,No social proof available,URL not found
Title not found,Brand not found,Discount not found,Price not found,Stock info not found,Rating not found,No social proof available,URL not found
Title not found,Brand not found,Discount not found,Price not found,Stock info not found,Rating not found,No social proof available,URL not found
Title not found,Brand not found,Discount not found,Price not found,Stock info not found,Rating not found,No social proof available,URL not found
Title not found,Brand not found,Discount not found,Price not found,Stock info not found,Rating not found,No social proof available,URL not found
Title not found,Brand not found,Discount not found,Price not found,Stock info not found,Rating not found,No social proof available,URL not found
Title not found,Brand not found,Discount not found,Price not found,Stock info not found,Rating not found,No social proof available,URL not found
Title not found,Brand not found,Discount not found,Price not found,Stock info not found,Rating not found,No social proof available,URL not found
Title not found,Brand not found,Discount not found,Price not found,Stock info not found,Rating not found,No social proof available,URL not found
Title not found,Brand not found,Discount not found,Price not found,Stock info not found,Rating not found,No social proof available,URL not found
Title not found,Brand not found,Discount not found,Price not found,Stock info not found,Rating not found,No social proof available,URL not found
Title not found,Brand not found,Discount not found,Price not found,Stock info not found,Rating not found,No social proof available,URL not found
Title not found,Brand not found,Discount not found,Price not found,Stock info not found,Rating not found,No social proof available,URL not found
Title not found,Brand not found,Discount not found,Price not found,Stock info not found,Rating not found,No social proof available,URL not found
Title not found,Brand not found,Discount not found,Price not found,Stock info not found,Rating not found,No social proof available,URL not found
Title not found,Brand not found,Discount not found,Price not found,Stock info not found,Rating not found,No social proof available,URL not found
Title not found,Brand not found,Discount not found,Price not found,Stock info not found,Rating not found,No social proof available,URL not found
Title not found,Brand not found,Discount not found,Price not found,Stock info not found,Rating not found,No social proof available,URL not found
Title not found,Brand not found,Discount not found,Price not found,Stock info not found,Rating not found,No social proof available,URL not found
Title not found,Brand not found,Discount not found,Price not found,Stock info not found,Rating not found,No social proof available,URL not found
Title not found,Brand not found,Discount not found,Price not found,Stock info not found,Rating not found,No social proof available,URL not found
Title not found,Brand not found,Discount not found,Price not found,Stock info not found,Rating not found,No social proof available,URL not found
Title not found,Brand not found,Discount not found,Price not found,Stock info not found,Rating not found,No social proof available,URL not found
"Ranger Tim Holtz Distress Ink Pad, Iced Spruce",,"₹7,546.50",Price not found,,Rating not found,,https://www.amazon.in/Tim-Holtz-Ranger-DIS-32878-Distress/dp/B009RZPQ0I
Title not found,Brand not found,Discount not found,Price not found,Stock info not found,Rating not found,No social proof available,URL not found
Title not found,Brand not found,Discount not found,Price not found,Stock info not found,Rating not found,No social proof available,URL not found
"MSE 02-21-41014 Remanufactured Toner Cartridge, Black",,"₹23,529","16,468",,,,https://www.amazon.in/02-21-41014-Remanufactured-Toner-Cartridge-Black/dp/B009A3KBQ6
Title not found,Brand not found,Discount not found,Price not found,Stock info not found,Rating not found,No social proof available,URL not found
Title not found,Brand not found,Discount not found,Price not found,Stock info not found,Rating not found,No social proof available,URL not found
Title not found,Brand not found,Discount not found,Price not found,Stock info not found,Rating not found,No social proof available,URL not found
Title not found,Brand not found,Discount not found,Price not found,Stock info not found,Rating not found,No social proof available,URL not found
53350302 -N Okidata Tractor Frame Asm Right ML320T ML320TURB ML320TURBO ML321T ML321TURB ML321TURBO ML390T ML390TURBO ML391TURBO ML420 ML,,"₹46,373.89",Price not found,,Rating not found,,https://www.amazon.in/53350302-ML320TURBO-ML321TURBO-ML390TURBO-ML391TURBO/dp/B008EXIWYQ
Title not found,Brand not found,Discount not found,Price not found,Stock info not found,Rating not found,No social proof available,URL not found
Title not found,Brand not found,Discount not found,Price not found,Stock info not found,Rating not found,No social proof available,URL not found
Title not found,Brand not found,Discount not found,Price not found,Stock info not found,Rating not found,No social proof available,URL not found
Title not found,Brand not found,Discount not found,Price not found,Stock info not found,Rating not found,No social proof available,URL not found
Title not found,Brand not found,Discount not found,Price not found,Stock info not found,Rating not found,No social proof available,URL not found
Title not found,Brand not found,Discount not found,Price not found,Stock info not found,Rating not found,No social proof available,URL not found
Title not found,Brand not found,Discount not found,Price not found,Stock info not found,Rating not found,No social proof available,URL not found
Title not found,Brand not found,Discount not found,Price not found,Stock info not found,Rating not found,No social proof available,URL not found
Title not found,Brand not found,Discount not found,Price not found,Stock info not found,Rating not found,No social proof available,URL not found
Title not found,Brand not found,Discount not found,Price not found,Stock info not found,Rating not found,No social proof available,URL not found
Title not found,Brand not found,Discount not found,Price not found,Stock info not found,Rating not found,No social proof available,URL not found
Title not found,Brand not found,Discount not found,Price not found,Stock info not found,Rating not found,No social proof available,URL not found
Title not found,Brand not found,Discount not found,Price not found,Stock info not found,Rating not found,No social proof available,URL not found
Title not found,Brand not found,Discount not found,Price not found,Stock info not found,Rating not found,No social proof available,URL not found
Title not found,Brand not found,Discount not found,Price not found,Stock info not found,Rating not found,No social proof available,URL not found
Title not found,Brand not found,Discount not found,Price not found,Stock info not found,Rating not found,No social proof available,URL not found
Lexmark Standard Yield 150 Black Ink - Advanced Printhead Technology for Enhanced Print Speed and Quality Ink - Compatible with OEM Devices,,Discount not found,Price not found,Stock info not found,4.1  4.1 out of 5 stars  (236),,https://www.amazon.in/Lexmark-Standard-Yield-150-Black/dp/B005MECQ5G
Title not found,Brand not found,Discount not found,Price not found,Stock info not found,Rating not found,No social proof available,URL not found
Title not found,Brand not found,Discount not found,Price not found,Stock info not found,Rating not found,No social proof available,URL not found
Title not found,Brand not found,Discount not found,Price not found,Stock info not found,Rating not found,No social proof available,URL not found
Title not found,Brand not found,Discount not found,Price not found,Stock info not found,Rating not found,No social proof available,URL not found
Title not found,Brand not found,Discount not found,Price not found,Stock info not found,Rating not found,No social proof available,URL not found
Title not found,Brand not found,Discount not found,Price not found,Stock info not found,Rating not found,No social proof available,URL not found
Title not found,Brand not found,Discount not found,Price not found,Stock info not found,Rating not found,No social proof available,URL not found
Title not found,Brand not found,Discount not found,Price not found,Stock info not found,Rating not found,No social proof available,URL not found
Title not found,Brand not found,Discount not found,Price not found,Stock info not found,Rating not found,No social proof available,URL not found
Title not found,Brand not found,Discount not found,Price not found,Stock info not found,Rating not found,No social proof available,URL not found
Title not found,Brand not found,Discount not found,Price not found,Stock info not found,Rating not found,No social proof available,URL not found
Title not found,Brand not found,Discount not found,Price not found,Stock info not found,Rating not found,No social proof available,URL not found
Title not found,Brand not found,Discount not found,Price not found,Stock info not found,Rating not found,No social proof available,URL not found
Title not found,Brand not found,Discount not found,Price not found,Stock info not found,Rating not found,No social proof available,URL not found
"Oki Black Ribbon, 8M Characters (44173403)",,Discount not found,Price not found,Stock info not found,4.5  4.5 out of 5 stars  (25),,https://www.amazon.in/Oki-Black-Ribbon-Characters-44173403/dp/B004KR5C7A
Title not found,Brand not found,Discount not found,Price not found,Stock info not found,Rating not found,No social proof available,URL not found
Title not found,Brand not found,Discount not found,Price not found,Stock info not found,Rating not found,No social proof available,URL not found
Title not found,Brand not found,Discount not found,Price not found,Stock info not found,Rating not found,No social proof available,URL not found
Title not found,Brand not found,Discount not found,Price not found,Stock info not found,Rating not found,No social proof available,URL not found
Title not found,Brand not found,Discount not found,Price not found,Stock info not found,Rating not found,No social proof available,URL not found
Title not found,Brand not found,Discount not found,Price not found,Stock info not found,Rating not found,No social proof available,URL not found
Title not found,Brand not found,Discount not found,Price not found,Stock info not found,Rating not found,No social proof available,URL not found
Title not found,Brand not found,Discount not found,Price not found,Stock info not found,Rating not found,No social proof available,URL not found
Title not found,Brand not found,Discount not found,Price not found,Stock info not found,Rating not found,No social proof available,URL not found
Title not found,Brand not found,Discount not found,Price not found,Stock info not found,Rating not found,No social proof available,URL not found
Title not found,Brand not found,Discount not found,Price not found,Stock info not found,Rating not found,No social proof available,URL not found
Title not found,Brand not found,Discount not found,Price not found,Stock info not found,Rating not found,No social proof available,URL not found
Title not found,Brand not found,Discount not found,Price not found,Stock info not found,Rating not found,No social proof available,URL not found
Title not found,Brand not found,Discount not found,Price not found,Stock info not found,Rating not found,No social proof available,URL not found
Title not found,Brand not found,Discount not found,Price not found,Stock info not found,Rating not found,No social proof available,URL not found
Title not found,Brand not found,Discount not found,Price not found,Stock info not found,Rating not found,No social proof available,URL not found
Title not found,Brand not found,Discount not found,Price not found,Stock info not found,Rating not found,No social proof available,URL not found
Title not found,Brand not found,Discount not found,Price not found,Stock info not found,Rating not found,No social proof available,URL not found
"Lexmark High Yield Photoconductor Kit, 60000 Yield (W850H22G)",,Discount not found,Price not found,Stock info not found,Rating not found,,https://www.amazon.in/Lexmark-Yield-Photoconductor-60000-W850H22G/dp/B002UU46K8
Title not found,Brand not found,Discount not found,Price not found,Stock info not found,Rating not found,No social proof available,URL not found
Title not found,Brand not found,Discount not found,Price not found,Stock info not found,Rating not found,No social proof available,URL not found
Title not found,Brand not found,Discount not found,Price not found,Stock info not found,Rating not found,No social proof available,URL not found
Title not found,Brand not found,Discount not found,Price not found,Stock info not found,Rating not found,No social proof available,URL not found
Title not found,Brand not found,Discount not found,Price not found,Stock info not found,Rating not found,No social proof available,URL not found
Title not found,Brand not found,Discount not found,Price not found,Stock info not found,Rating not found,No social proof available,URL not found
Title not found,Brand not found,Discount not found,Price not found,Stock info not found,Rating not found,No social proof available,URL not found
Title not found,Brand not found,Discount not found,Price not found,Stock info not found,Rating not found,No social proof available,URL not found
Title not found,Brand not found,Discount not found,Price not found,Stock info not found,Rating not found,No social proof available,URL not found
Title not found,Brand not found,Discount not found,Price not found,Stock info not found,Rating not found,No social proof available,URL not found
Title not found,Brand not found,Discount not found,Price not found,Stock info not found,Rating not found,No social proof available,URL not found
Title not found,Brand not found,Discount not found,Price not found,Stock info not found,Rating not found,No social proof available,URL not found
Title not found,Brand not found,Discount not found,Price not found,Stock info not found,Rating not found,No social proof available,URL not found
Title not found,Brand not found,Discount not found,Price not found,Stock info not found,Rating not found,No social proof available,URL not found
Title not found,Brand not found,Discount not found,Price not found,Stock info not found,Rating not found,No social proof available,URL not found
Title not found,Brand not found,Discount not found,Price not found,Stock info not found,Rating not found,No social proof available,URL not found
Title not found,Brand not found,Discount not found,Price not found,Stock info not found,Rating not found,No social proof available,URL not found
Title not found,Brand not found,Discount not found,Price not found,Stock info not found,Rating not found,No social proof available,URL not found
Title not found,Brand not found,Discount not found,Price not found,Stock info not found,Rating not found,No social proof available,URL not found
Title not found,Brand not found,Discount not found,Price not found,Stock info not found,Rating not found,No social proof available,URL not found
Title not found,Brand not found,Discount not found,Price not found,Stock info not found,Rating not found,No social proof available,URL not found
Title not found,Brand not found,Discount not found,Price not found,Stock info not found,Rating not found,No social proof available,URL not found
Title not found,Brand not found,Discount not found,Price not found,Stock info not found,Rating not found,No social proof available,URL not found
Title not found,Brand not found,Discount not found,Price not found,Stock info not found,Rating not found,No social proof available,URL not found
Title not found,Brand not found,Discount not found,Price not found,Stock info not found,Rating not found,No social proof available,URL not found
Title not found,Brand not found,Discount not found,Price not found,Stock info not found,Rating not found,No social proof available,URL not found
Title not found,Brand not found,Discount not found,Price not found,Stock info not found,Rating not found,No social proof available,URL not found
Title not found,Brand not found,Discount not found,Price not found,Stock info not found,Rating not found,No social proof available,URL not found
Title not found,Brand not found,Discount not found,Price not found,Stock info not found,Rating not found,No social proof available,URL not found
Title not found,Brand not found,Discount not found,Price not found,Stock info not found,Rating not found,No social proof available,URL not found
Title not found,Brand not found,Discount not found,Price not found,Stock info not found,Rating not found,No social proof available,URL not found
Title not found,Brand not found,Discount not found,Price not found,Stock info not found,Rating not found,No social proof available,URL not found
Title not found,Brand not found,Discount not found,Price not found,Stock info not found,Rating not found,No social proof available,URL not found
Title not found,Brand not found,Discount not found,Price not found,Stock info not found,Rating not found,No social proof available,URL not found
Title not found,Brand not found,Discount not found,Price not found,Stock info not found,Rating not found,No social proof available,URL not found
Title not found,Brand not found,Discount not found,Price not found,Stock info not found,Rating not found,No social proof available,URL not found
Title not found,Brand not found,Discount not found,Price not found,Stock info not found,Rating not found,No social proof available,URL not found
Title not found,Brand not found,Discount not found,Price not found,Stock info not found,Rating not found,No social proof available,URL not found
Title not found,Brand not found,Discount not found,Price not found,Stock info not found,Rating not found,No social proof available,URL not found
Title not found,Brand not found,Discount not found,Price not found,Stock info not found,Rating not found,No social proof available,URL not found
Title not found,Brand not found,Discount not found,Price not found,Stock info not found,Rating not found,No social proof available,URL not found
Title not found,Brand not found,Discount not found,Price not found,Stock info not found,Rating not found,No social proof available,URL not found
Title not found,Brand not found,Discount not found,Price not found,Stock info not found,Rating not found,No social proof available,URL not found
Smith Corona 17657 Ribbon for Smith Corona 2100 Typewriters,,Discount not found,Price not found,,4.6  4.6 out of 5 stars  (363),,https://www.amazon.in/Smith-Corona-17657-Ribbon-Typewriters/dp/B00006RVRZ
Title not found,Brand not found,Discount not found,Price not found,Stock info not found,Rating not found,No social proof available,URL not found
Title not found,Brand not found,Discount not found,Price not found,Stock info not found,Rating not found,No social proof available,URL not found
Title not found,Brand not found,Discount not found,Price not found,Stock info not found,Rating not found,No social proof available,URL not found
Title not found,Brand not found,Discount not found,Price not found,Stock info not found,Rating not found,No social proof available,URL not found
Title not found,Brand not found,Discount not found,Price not found,Stock info not found,Rating not found,No social proof available,URL not found
Title not found,Brand not found,Discount not found,Price not found,Stock info not found,Rating not found,No social proof available,URL not found
Title not found,Brand not found,Discount not found,Price not found,Stock info not found,Rating not found,No social proof available,URL not found
Title not found,Brand not found,Discount not found,Price not found,Stock info not found,Rating not found,No social proof available,URL not found
Distress Mini Ink Pad-Dried Marigold,,"₹1,299",459,Only 1 left in stock.,5.0  5.0 out of 5 stars  (1),,https://www.amazon.in/Ranger-Holtz-Distress-Dried-Marigold/dp/B00TGP23BY
"Xerox Genuine Xerox Black Toner Cartridge For The Phaser 3260 Or Workcentre 3215/3225, 106R02775",,Discount not found,"11,999",Stock info not found,4.4  4.4 out of 5 stars  (448),,https://www.amazon.in/Genuine-Xerox-Cartridge-WorkCentre-106R02775/dp/B00OE45EF4
"Ranger Adirondack Brights Alcohol Ink, 0.5-Ounce, Mariner-Indigo/Mermaid/Teakwood by Ranger",,"₹2,902","2,643",,Rating not found,,https://www.amazon.in/Ranger-Adirondack-0-5-Ounce-Mariner-Indigo-Teakwood/dp/B00II5ACCK
MAGICARD (EN3) MONOCHROMEBLACK RESIN RIBBON,,"₹5,000","2,700",In stock,4.5  4.5 out of 5 stars,,https://www.amazon.in/MAGICARD-EN3-MONOCHROMEBLACK-RESIN-RIBBON/dp/B008CEZ0RE
Lythan MiniA6 203dpi Thermal Label Printer Inkless Pocket Printer Bluetooth Connection Office Assistant/Life Helper DIY Printing Travel Recorder for iOS/Android/Windows (Blue),,Discount not found,"6,889",Stock info not found,Rating not found,,https://www.amazon.in/Lythan-Bluetooth-Connection-Assistant-Printing/dp/B0BQDV12TC
"OFFNOVA Thermal Label Printer, 200mm/s High Speed 4"" x 6"" USB Shipping Label Printer for Small Business, 203 DPI Commercial Grade, Compatible with Mac OS, Windows, USPS, UPS and More",,"₹38,480.74","1,709",,4.1  4.1 out of 5 stars  (199),,https://www.amazon.in/OFFNOVA-Shipping-Packages-Commercial-Compatible/dp/B09JYJPDWD
"BEISITE Mini Printer, Pocket Printer, Wireless Bluetooth Mobile Printer, Thermal Printer for Picture Photo Label Memo, Paper Printer with USB Cable for Study/Android/iOS Smartphone-Pink",,Discount not found,Price not found,Stock info not found,3.2  3.2 out of 5 stars  (2),,https://www.amazon.in/Printer-Wireless-Bluetooth-Thermal-Smartphone-Pink/dp/B09BR6GMM7
Inkstore DeskJet 2723 All-in-One Printer,,"₹1,599",449,In stock,5.0  5.0 out of 5 stars  (1),,https://www.amazon.in/Inkstore-DeskJet-2723-All-in-One-Printer/dp/B0C9Q7WMJ4
(Anupure)-BYAHUT Manual Ribbon Batch Coding (4 LINE Printing) Machine with ONE Free Ribbon,,Discount not found,Price not found,Stock info not found,5.0  5.0 out of 5 stars  (1),,https://www.amazon.in/Anupure-BYAHUT-Manual-Printing-Machine/dp/B0C2V3WZ8Q
Morel Belt Drive Gear for use in HP Laserjet 1007 1008 1136 1213 1218 1132 1102 1106 1108 m126 m128 Canon 3010 4412 4750 244 249 Printer,,₹499,249,In stock,Rating not found,,https://www.amazon.in/Morel-Drive-Laserjet-Canon-Printer/dp/B0C1K53YP2
"KANAbee IBT Belt (Transfer Belt) for Konica Minolta Photocopier Machine : Bizhub C220,C280,C360, 224e, 284e, 364e","Visit the store, KANABEE    KANABEE   Visit the store","₹10,999","8,875",In stock,Rating not found,,https://www.amazon.in/KANAbee-Transfer-Minolta-Photocopier-Machine/dp/B0BWDKHFRY
AVANT GARDE (TIJ Thermal Inkjet Printer Rubber,"Visit the store, AVANT GARDE    AVANT GARDE   Visit the store",₹749,500,In stock,Rating not found,,https://www.amazon.in/AVANT-GARDE-Thermal-Inkjet-Printer/dp/B0BTDNS7X9
"(Refurbished) Brother HL-L2366DW Monochrome Laser Printer with Wi-fi, Network & Auto Duplex Printing (Black)",Visit the Amazon Renewed Store,Discount not found,Price not found,Stock info not found,4.4  4.4 out of 5 stars  (2),,https://www.amazon.in/Renewed-Brother-HL-L2366DW-Monochrome-Printing/dp/B0BRKVX7RM
STECH Shipping Label Printer 110MM 203dpi(8dot/mm) High Speed Desktop Portable Thermal Printer For Shipping Labels / AMAZON / USPS / FedEx / DHL / Print width/6*4 inch Multiple Size of Shipping / Packaging Labels Printer,,Discount not found,"1,598",Stock info not found,Rating not found,,https://www.amazon.in/Shipping-Printer-Portable-Multiple-Packaging/dp/B0BR5YKVKJ
"FREDDO Microfiber Dust Proof Washable Printer Cover For Laser Shot LBP 2900B Monochrome Laser Printer-Color Oxford Black, Pack of 1 Piece","Visit the store, FREDDO    FREDDO   Visit the store",₹899,599,In stock,Rating not found,,https://www.amazon.in/FREDDO-Microfiber-Proof-Washable-Printer/dp/B0BR3Z248R
SEIBEN XP 502A 58mm Bluetooth + USB Portable Rechargeable Thermal Printer,,Discount not found,"1,899",Stock info not found,4.4  4.4 out of 5 stars  (2),,https://www.amazon.in/SEIBEN-XP-502A-Bluetooth-Rechargeable/dp/B0BG4WTS75
UV INFOTECH Printer Top Cover Compatible With Canon LaserShot LBP 2900 Single Function Monochrome Laser Printer,"Visit the store, UV INFOTECH    UV INFOTECH   Visit the store",₹899,625,In stock,Rating not found,,https://www.amazon.in/UV-INFOTECH-Printer-Compatible-2900/dp/B0BFF1W6WT
"kizma Cleaning kit 100 ml with Brush and Microfibre Cloth for Laptop Desktop Mac, Apple, Smartphones",,Discount not found,Price not found,Stock info not found,Rating not found,,https://www.amazon.in/Cleaning-Microfibre-Laptop-Desktop-Smartphones/dp/B0B51ZMXS6
Pixel DP 1500 2 Inch Billing Printer Without Battery DS,,"₹18,000","12,999",Only 2 left in stock.,Rating not found,,https://www.amazon.in/Pixel-DP-1500-Billing-Services/dp/B0B3XVBQR1
Epson EcoTank Monochrome M15180 A3 Wi-Fi Duplex Multi-Function Ink Tank Printer,Visit the Epson Store,"₹90,000","71,999",Only 2 left in stock.,3.2  3.2 out of 5 stars  (2),,https://www.amazon.in/Epson-EcoTank-Monochrome-Multi-Function-Printer/dp/B0B15LSSN3
AVANT GARDE Handheld 25mm TIJ Thermal Inkjet Printer with Solvent Ink Cartridge.,"Visit the store, AVANT GARDE    AVANT GARDE   Visit the store","₹29,999","24,999",In stock,Rating not found,,https://www.amazon.in/Avant-Garde-Handheld-Printer-25mm/dp/B09X7CHXN6
"HP Laserjet Pro MFP M128Fw Monochrome Laser Printers,Wireless,Print,Copy,Scan,Fax,35-Sheet Adf,Ether",Visit the HP Store,Discount not found,Price not found,Stock info not found,5.0  5.0 out of 5 stars  (1),,https://www.amazon.in/HP-Laserjet-Monochrome-Printers-Wireless/dp/B09VSZ7RTD
HP Color Laserjet Enterprise M480f Multifunction Duplex Printer,Visit the HP Store,Discount not found,Price not found,Stock info not found,4.0  4.0 out of 5 stars  (1),,https://www.amazon.in/HP-Laserjet-Enterprise-M480f-Multifunction/dp/B09TL5FXGM
Dotpot Black Lower Fuser Pressure Roller Compatible for Canon -LBP2900 /L-120 /MF4150/LBP3000/3112/1210 Set of 3,Visit the Dotpot Store,"₹1,999",999,In stock,5.0  5.0 out of 5 stars,,https://www.amazon.in/Dotpot-Pressure-Compatible-LBP2900-LBP3000/dp/B09SPZQ2G9
R P Era 3D Laser Master 2 Pro S2 Laser Engraver | DIY Laser Engraving on Metal with 32-bit Motherboard | 400x400mm Engraving Area (LU2-4-SF),,Discount not found,Price not found,Stock info not found,3.7  3.7 out of 5 stars  (3),,https://www.amazon.in/Era-3D-S2-Motherboard-LU2-4-SF/dp/B09SF9KKPB
Dotpot 1020 MOTER Drive Gear for USE in HP Laserjet 1020 / M1005 / 1018 Canon LBP 2900/3000 Printers,"Visit the store, Dotpot    Dotpot   Visit the store",₹999,299,In stock,Rating not found,,https://www.amazon.in/Dotpot-MOTER-Drive-Laserjet-Printers/dp/B09GRV8BZ8
"Bestow BT-11 Thermal Printer USB - Monochrome Desktop (1 Year Warranty) (3inches),Black,80 mm",,"₹8,000","6,500",Only 2 left in stock.,5.0  5.0 out of 5 stars  (1),,https://www.amazon.in/Bestow-BT-11-Thermal-Printer-USB/dp/B09DD62FRY
GT51 Printhead M0H51A Print Head for HP 310 311 315 415 318 319 410 411 415 418 419 Printer,Visit the HP Store,"₹4,680","2,720",In stock,4.0  4.0 out of 5 stars,,https://www.amazon.in/GT51-Printhead-M0H51A-Print-Printer/dp/B0937BFLSJ
"Top Print Copy Printer DX 2430 Master Roll, Twin Pack",Visit the TOP PRINT Store,"₹1,999","1,499",Only 1 left in stock.,4.6  4.6 out of 5 stars,,https://www.amazon.in/Top-Print-Copy-Printer-Master/dp/B08V8G31KX
"REES52 70PCS 14 Values Three Terminal Positive & Negative Voltage Regulator Transistor Kit T0-220 Package(L7805, L7806, L7808, L7809, L7812, L7815, L7824, L7905, L7906, L7908, L7909, L7912, L7915,",,"₹1,499","1,249",Only 2 left in stock.,Rating not found,,https://www.amazon.in/REES52-Terminal-Positive-Regulator-Transistor/dp/B08RS4LCSK
"80mm x 300Meter - Thermal Transfer Barcode Printer Ribbon Premium Wax For Printer TSC, Zebra, Citzen, Datamax, Thosiba, Sato Etc. (SADHU ROLL INDUSTRIES) (Pack Of 20)",,"₹3,199","2,985",In stock,5.0  5.0 out of 5 stars,,https://www.amazon.in/80mm-300Meter-Thermal-Transfer-INDUSTRIES/dp/B08QGNZ14K
"Phomemo Mini Printer - M02 Portable Handheld Wireless Printer, Compatible with iOS & Android, Thermal Sticker Printer for Work List, Study Note, Journal, Kitchen Classification - Ice Cream Green",Visit the Phomemo Store,"₹9,000","6,499",In stock,4.3  4.3 out of 5 stars  (364),,https://www.amazon.in/Phomemo-Mini-Printer-Compatible-Classification/dp/B08C9NNCQW
"(Refurbished) HP Colour Laser 150nw Wireless Color Laser Printer with Built-in Ethernet and WiFi-Direct, Smallest Color Laser in its Class",Visit the Amazon Renewed Store,Discount not found,Price not found,Stock info not found,,,https://www.amazon.in/HP-Wireless-Ethernet-WiFi-Direct-Smallest/dp/B089QQZJPC
"DEDAKJ AC110V 2-9L/min 30%-90% Machine, DDT-2A",,Discount not found,Price not found,Stock info not found,Rating not found,,https://www.amazon.in/DEDAKJ-AC110V-30-90-Machine-DDT-2A/dp/B086STTX13
UV INFOTECH FUSER Drive Gear Compatible for Hp Laserjet 1010 1015 1012 1018 1020 3015 3020 3030 3052 3055 M1005 LBP2900 3000 (White) Printer,"Visit the store, UV INFOTECH    UV INFOTECH   Visit the store",Discount not found,Price not found,Stock info not found,Rating not found,,https://www.amazon.in/UV-INFOTECH-FUSER-Laserjet-LBP2900/dp/B083ZX8NXV
Top Print Main Motor Metal Gear for Laserjet 1020 M1005 1018 LBP 2900 Pack of 5,Visit the TOP PRINT Store,Discount not found,Price not found,Stock info not found,5.0  5.0 out of 5 stars  (1),,https://www.amazon.in/Top-Print-Motor-Metal-Laserjet/dp/B082B6N4XD
Top Print CCD Scanner Cable for M1005 Laserjet Printer,Visit the TOP PRINT Store,₹699,199,Only 1 left in stock.,1.6  1.6 out of 5 stars  (3),,https://www.amazon.in/Top-Print-Scanner-Cable-M1005/dp/B0824W52VB
"8 Pieces Replacement Part Reservoir Tank Valve Rubber Gasket for Water Flossers, Washer Reservoir Plug Compatible With Waterpik WP100, WP900, WP112, WP250, WP300, Ultra, Nano, Traveler, VAVA, H2o",,"₹7,199","2,035",,4.6  4.6 out of 5 stars  (344),,https://www.amazon.in/Replacement-Reservoir-Flossers-Compatible-Waterpik/dp/B0814SLPW9
"Rays 1010 1020 Lower Pressure Roller Compatible with LJ Printer HP 1010 / M1005 / 1015/1018 / 1020/3015 / 3020/3030 & Canon LBP 2900/120 / MF4150 (Black or Red, Pack of 5)",,Discount not found,Price not found,Stock info not found,Rating not found,,https://www.amazon.in/Rays-Pressure-Roller-Compatible-Printer/dp/B07YXQ14FT
ABS ONE SOURCE MX-235AV(O) Developer for Sharp AR-5618/5620/M202D Original ONLY,,Discount not found,Price not found,Stock info not found,4.5  4.5 out of 5 stars  (3),,https://www.amazon.in/Sharp-MX-235AV-Developer-5618-M202D/dp/B07VQH3Z9H
Epson Workforce DS-970 Sheetfed Scanner - 600 dpi Optical - 30-bit Color - 30-bit Grayscale - 85 pp,Visit the Epson Store,"₹76,999","56,999",Only 1 left in stock.,2.6  2.6 out of 5 stars  (6),,https://www.amazon.in/Epson-Workforce-DS-970-Sheetfed-Scanner/dp/B07PYYRG52
Yukonics- Scan Head Bracket Scanner Gear with Motor (Old Model) for Use in HP M1005MFP,,Discount not found,Price not found,Stock info not found,Rating not found,,https://www.amazon.in/Yukonics-Bracket-Scanner-Motor-M1005MFP/dp/B07NFYGH8F
PRINTECH CLUCH Drive Gear for Use in HP Laser Jet Pro 1007/1108/1136/1213/1218/1102/1106 Canon 3108/MF 3010/6018 Printer Accessories (Black),Visit the PRINTECH Store,Discount not found,Price not found,Stock info not found,2.6  2.6 out of 5 stars,,https://www.amazon.in/Printech-CLUCH-1007-Printer-Accessories/dp/B07N4Q1HTH
Chipped Sapphire - Distress Oxides Ink Pad,,"₹3,094.98",Price not found,,4.8  4.8 out of 5 stars,,https://www.amazon.in/Chipped-Sapphire-Distress-Oxides-Ink/dp/B07JF681QX
WeP Solutions WeP TH400 Plus,"Visit the store, WeP    WeP   Visit the store",Discount not found,Price not found,Stock info not found,Rating not found,,https://www.amazon.in/WeP-Solutions-TH400-Plus/dp/B07J4TS19X
Laserjet M1005 MFP Scan Head Bracket Scanner Gear,,Discount not found,Price not found,Stock info not found,Rating not found,,https://www.amazon.in/Laserjet-M1005-Scan-Bracket-Scanner/dp/B07G1CFTPN
Ranger Tim Holtz Bundle of 12 Distress Oxide Ink Pads - Summer 2018 Colors,,"₹23,797.80","9,016",,Rating not found,,https://www.amazon.in/Tim-Holtz-Ranger-Ink-Distress/dp/B07FP2BKVX
"Infinity Infocom 80mm Thermal Printer, Barcode Reader, GST Invoicing, Inventory, Barcode Software",,Discount not found,Price not found,Stock info not found,2.0  2.0 out of 5 stars  (3),,https://www.amazon.in/Infinity-Infocom-Invoicing-Inventory-Software/dp/B078Q7KDCV
"MOREL GI790 Ink Compatible for Canon G1000, G2000, G3000, G4000 Inkjet Printer Color Black",,₹399,199,In stock,5.0  5.0 out of 5 stars  (1),,https://www.amazon.in/GI790-Compatible-Canon-Inkjet-Printer/dp/B0789BZ2ZF
Ranger RGRTDO.56362 THoltz Distress OxidesLipstick,,₹999,593,Only 2 left in stock.,4.4  4.4 out of 5 stars  (2),,https://www.amazon.in/Ranger-RGRTDO-56362-THoltz-Distress-OxidesLipstick/dp/B06X6JD2B1
Ranger RGRTDO.56324 THoltz Distress Oxides Walnut,,₹999,703,In stock,Rating not found,,https://www.amazon.in/Ranger-RGRTDO-56324-THoltz-Distress-Oxides/dp/B06VW78185
Xprinter XP-58IIH-BT High Speed 58MM Bluetooth & USB Thermal Receipt Printer(Black) for Android/iOS/Windows,,"₹10,999","9,999",Only 1 left in stock.,3.4  3.4 out of 5 stars  (7),,https://www.amazon.in/Xprinter-XP-58IIH-BT-Bluetooth-Thermal-Receipt/dp/B01MUCE28H
"3DInnovations 0.4 mm Extruder Nozzle for 3D Printer, Compatible with MK7, MK8 and M6 Threaded extruder.","Visit the store, 3DINNOVATIONS    3DINNOVATIONS   Visit the store",₹299,260,In stock,Rating not found,,https://www.amazon.in/3D-Innovations-CHPSS507-Extruder-Compatible/dp/B01II4JQ9U
PremiumAV Maya Thermal Receipt Printer Color Black USB Port 58mm POS Printer Low Noise,Visit the PremiumAV Store,"₹4,999","4,214",Only 1 left in stock.,,,https://www.amazon.in/PremiumAV-Thermal-Receipt-Printer-Color/dp/B01HID61FE
Brother HL-L6200DW Duplex WiFi Wireless Monochrome Laser Printer 50PPM Large Paper Capacity,Visit the Brother Store,Discount not found,"22,299",Stock info not found,"4.4  4.4 out of 5 stars  (1,606)",,https://www.amazon.in/Brother-HL-L6200DW-Wireless-Monochrome-Capacity/dp/B01824JTWK
Canon Image Runner 2006n Printer,"Visit the store, Canon    Canon   Visit the store",Discount not found,"19,499",Stock info not found,Rating not found,,https://www.amazon.in/Canon-Image-Runner-2006n-Printer/dp/B014KPJ470
Tim Holtz Distress Mini Ink KI,,"₹7,599","2,036",,4.6  4.6 out of 5 stars  (3),,https://www.amazon.in/Tim-Holtz-Distress-Mini-Ink/dp/B00YTEYIJM
TVS MSP 355 Printer (136 Column),,Discount not found,"5,899",Stock info not found,2.0  2.0 out of 5 stars  (1),,https://www.amazon.in/TVS-MSP-355-Printer-Column/dp/B00NSGQ28W
Canon DR-M160II Document Scanner,"Visit the store, Canon    Canon   Visit the store",Discount not found,"13,499",Stock info not found,Rating not found,,https://www.amazon.in/Canon-DR-M160II-Document-Scanner/dp/B00KGHWUBY
Ricoh RSP-300DN Monochrome Laser Printer,"Visit the store, Ricoh    Ricoh   Visit the store",Discount not found,"22,299",Stock info not found,Rating not found,,https://www.amazon.in/Ricoh-RSP-300DN-Monochrome-Laser-Printer/dp/B0072ODA5E
HP Color Laserjet Professional CP5225DN Printer,Visit the HP Store,Discount not found,"13,249",Stock info not found,3.6  3.6 out of 5 stars  (54),,https://www.amazon.in/HP-LaserJet-Professional-CP5225dn-Printer/dp/B004433XCQ
"Printer Print Head, Fast Clear ABS Accurate Printhead for L380",,Discount not found,299,Stock info not found,Rating not found,,https://www.amazon.in/Printer-Print-Clear-Accurate-Printhead/dp/B0BQWVF6WV
"Sany Mini Printer, Pocket Printer, Wireless Bluetooth Mobile Printer, Thermal Printer for Picture Photo Label Memo, Paper Printer with USB Cable for Study/Android/iOS Smartphone - Pink",,Discount not found,Price not found,Stock info not found,,,https://www.amazon.in/Printer-Wireless-Bluetooth-Thermal-Smartphone-Pink/dp/B09BQNNY4V
"Sanyipace Mini Printer for Phone, Pocket Photo Printer,Bluetooth Portable Thermal Printer for Photo,QR Code, List, Small Printer Compatible with iOS/Android/Windows/Mac (Pink)",,Discount not found,Price not found,Stock info not found,1.9  1.9 out of 5 stars  (3),,https://www.amazon.in/Mini-Printer-Phone-Bluetooth-Compatible/dp/B097PFZBQ8
Sanyipace PAPERANG P1 Pocket Mini Printer Bluetooth Phone Connection Wireless Thermal Printer Compatible with Android iOS（White）,,Discount not found,Price not found,Stock info not found,5.0  5.0 out of 5 stars  (1),,https://www.amazon.in/Sanyipace-P1-Connection-Compatible-iOS%EF%BC%88White%EF%BC%89/dp/B08YJSVL4S
79867M Main Drive Belt for Zebra ZT410 ZT420 Thermal Printer Transfer Belt 300dpi P/N 20005,,"₹6,600","3,542",,Rating not found,,https://www.amazon.in/ZT410-Thermal-Printer-Transfer-300dpi/dp/B08S77W1SG
Levoty HD Bluetooth Thermal Portable Mini Cute Pocket Photo Label Sticker Receipt Printer for iPhone Android PC Windows (Bule),,Discount not found,Price not found,Stock info not found,4.1  4.1 out of 5 stars  (2),,https://www.amazon.in/Levoty-Bluetooth-Thermal-Portable-Mini/dp/B08C7LP3TD
79866M Main Drive Belt for Zebra ZM400 ZM600 Thermal Barcode Printer 203dpi,,"₹5,300","5,265",,Rating not found,,https://www.amazon.in/ZM400-ZM600-Thermal-Barcode-203dpi/dp/B083K6RN8R
CQ890-60238 CQ890-67108 for HP Designjet T120 T520 T730 T830 T130 T530 Floating Cutter Assembly,,"₹27,017.25",Price not found,,Rating not found,,https://www.amazon.in/CQ890-60238-CQ890-67108-Designjet-Floating-Assembly/dp/B07HDDP4WD
Anleo Hard Travel Case Fits Canon PIXMA iP110 Wireless Mobile Printer with Battery,,Discount not found,Price not found,Stock info not found,Rating not found,,https://www.amazon.in/Travel-Wireless-Mobile-Printer-Battery/dp/B07CZ6N4QF
"Arkscan 2054A Thermal Shipping Label Printer to Print UPS USPS FedEx Shipping Labels, w/Free Software for Design & Print Barcode Label & Other Contents, Windows Only",,Discount not found,Price not found,,4.6  4.6 out of 5 stars,,https://www.amazon.in/Arkscan-2054A-Shipping-Software-Contents/dp/B072N3S7LV
Datacard 534000-003 YMCKT Color Ribbon,,"₹47,260.20","30,717",,2.7  2.7 out of 5 stars  (4),,https://www.amazon.in/Datacard-534000-003-YMCKT-Color-Ribbon/dp/B00A8B2FB8
New Upgraded Handheld Inkjet Printer with High Resolution Print Quality Inkjet Printer Digital Logo Date Number Tij Printing Machine,,Discount not found,"11,874",Stock info not found,4.4  4.4 out of 5 stars  (9),,https://www.amazon.in/Upgraded-Handheld-Cartridge-Resolution-Printing/dp/B0CL4MCGSK
"idev Compatible Toner Cartridge Replacement for Canon 125 (3484B001AA) 1 Black Toner Compatible with ImageClass LBP6000, LBP6030w, MF3010 Printer",,"₹6,930","4,399",In stock,Rating not found,,https://www.amazon.in/idev-Compatible-Replacement-ImageClass-LBP6000/dp/B0CKZ2J69J
"AVANT GARDE Mini Conveyor Belt Printing on Small Commodities Applicable for Industries Such as Food,Beverage,Electronic Components,Cosmetic,Pharmaceutical,Automobiles(Only Conveyor)","Visit the store, AVANT GARDE    AVANT GARDE   Visit the store","₹35,000","24,000",In stock,Rating not found,,https://www.amazon.in/AVANT-GARDE-Commodities-Pharmaceutical-Automobiles/dp/B0CKXZ7YHS
"(Refurbished) HP Laserjet 1188w Compact Monochrome Multifunction Printer with Direct Wi-Fi (Print, Scan, Copy)",Visit the Amazon Renewed Store,Discount not found,Price not found,Stock info not found,1.0  1.0 out of 5 stars  (1),,https://www.amazon.in/Refurbished-HP-Laserjet-Monochrome-Multifunction/dp/B0CKXTZ81C
HP Smart Tank 580 AIO WiFi Colour Printer with 1 Extra Black Ink Bottle (Upto 12000 Black & 6000 Col,Visit the HP Store,Discount not found,Price not found,Stock info not found,Rating not found,,https://www.amazon.in/HP-Smart-Colour-Printer-Bottle/dp/B0CKT8G1GQ
HP Smart Tank 589 AIO WiFi Color Printer (Upto 6000 Black and 6000 Colour Pages of Ink in The Box).,Visit the HP Store,Discount not found,Price not found,Stock info not found,Rating not found,,https://www.amazon.in/HP-Printer-Included-Magenta-Original/dp/B0CKT8DNZS
HP Smart Tank 580 AIO WiFi Colour Printer with 1 Extra Black Ink Bottle (Upto 12000 Black & 6000 Col,Visit the HP Store,Discount not found,"11,499",Stock info not found,Rating not found,,https://www.amazon.in/HP-Smart-Colour-Printer-Bottle/dp/B0CKT81L3S
HP Smart Tank 580 AIO WiFi Colour Printer with 1 Extra Black Ink Bottle (Upto 12000 Black & 6000 Col,Visit the HP Store,Discount not found,Price not found,Stock info not found,,,https://www.amazon.in/HP-Smart-Colour-Printer-Bottle/dp/B0CKT7YD2S
HP Smart Tank 589 AIO WiFi Color Printer (Upto 6000 Black and 6000 Colour Pages of Ink in The Box).,Visit the HP Store,Discount not found,Price not found,Stock info not found,,,https://www.amazon.in/HP-Wireless-Resistance-Keyboard-Technology/dp/B0CKT7YCKJ
HP Smart Tank 589 AIO WiFi Color Printer (Upto 6000 Black and 6000 Colour Pages of Ink in The Box).,Visit the HP Store,Discount not found,Price not found,Stock info not found,Rating not found,,https://www.amazon.in/HP-Colour-Printer-Included-Original/dp/B0CKT7HPM2
HP Smart Tank 589 AIO WiFi Color Printer (Upto 6000 Black and 6000 Colour Pages of Ink in The Box).,Visit the HP Store,Discount not found,"11,499",Stock info not found,Rating not found,,https://www.amazon.in/HP-Colour-Printer-Included-Original/dp/B0CKT7HJTN
HP Smart Tank 580 AIO WiFi Colour Printer with 1 Extra Black Ink Bottle (Upto 12000 Black & 6000 Col,Visit the HP Store,Discount not found,Price not found,Stock info not found,5.0  5.0 out of 5 stars  (2),,https://www.amazon.in/HP-Smart-Colour-Printer-Bottle/dp/B0CKT6YM1L
HP Smart Tank 580 AIO WiFi Colour Printer with 1 Extra Black Ink Bottle (Upto 12000 Black & 6000 Col,Visit the HP Store,Discount not found,828,Stock info not found,2.5  2.5 out of 5 stars  (2),,https://www.amazon.in/HP-Smart-Colour-Printer-Bottle/dp/B0CKT6F9P6
HP Smart Tank 589 AIO WiFi Color Printer (Upto 6000 Black and 6000 Colour Pages of Ink in The Box).,Visit the HP Store,Discount not found,Price not found,Stock info not found,Rating not found,,https://www.amazon.in/HP-Colour-Printer-Included-Original/dp/B0CKT61M59
"INNONIX 110A / W1112A Cartridge Compatible with HP 110A / W1112A Toner Cartridge for use in Laser 108, HP Laser 108, 108a, 108w, 136, 136a, 136w, 136nw, 138, 138pnw, 138fnw Printers",,"₹4,000",799,In stock,Rating not found,,https://www.amazon.in/INNONIX-Cartridge-Compatible-Laser-138fnw/dp/B0CKLNYZ9X
CLUB BOLLYWOOD® 2in1 Bluetooth 5.0 Transmitter Adapter Audio Receiver PC Speaker Headphone | USB Bluetooth Adapters/Dongles,"Visit the store, CLUB BOLLYWOOD    CLUB BOLLYWOOD   Visit the store","₹6,561","3,309",,Rating not found,,https://www.amazon.in/CLUB-BOLLYWOOD%C2%AE-Bluetooth-Transmitter-Headphone/dp/B0CKHRK3H6
CLUB BOLLYWOOD® Premium Nozzle Assembly Extruder for Adventurer 3 3D Printer Spare Parts | Parts & Accessories | Parts & Accessories | Parts & Accessories | Parts & Accessories,"Visit the store, CLUB BOLLYWOOD    CLUB BOLLYWOOD   Visit the store","₹11,319","5,708",,Rating not found,,https://www.amazon.in/CLUB-BOLLYWOOD%C2%AE-Assembly-Adventurer-Accessories/dp/B0CKHR8JBQ
CLUB BOLLYWOOD® NGFF(M.2) to USB 3.0 Adapter with SIM Card Slot for WWAN/LTE/4G Module | Drive Cables & Adapters | Drive Cables & Adapters | Drive Cables & Adapters | Drive Cables & Adapters,"Visit the store, CLUB BOLLYWOOD    CLUB BOLLYWOOD   Visit the store",Discount not found,Price not found,Stock info not found,Rating not found,,https://www.amazon.in/CLUB-BOLLYWOOD%C2%AE-Adapter-Module-Adapters/dp/B0CKHR749S
CLUB BOLLYWOOD® Printer Printhead Printer Head Replacement for Canon IP8500 I9950 Pro9000 | Print Heads | Print Heads | Print Heads | Printer & Scanner Parts & Accs,Visit the CLUB BOLLYWOOD Store,Discount not found,Price not found,Stock info not found,,,https://www.amazon.in/CLUB-BOLLYWOOD%C2%AE-Printer-Printhead-Replacement/dp/B0CKHR2CDH
CLUB BOLLYWOOD® 1 Piece Resin Tank Vat Resin Vat with FEP Film For Creality LD-002R 3D | Parts & Accessories | Parts & Accessories | Parts & Accessories | Parts & Accessories,"Visit the store, CLUB BOLLYWOOD    CLUB BOLLYWOOD   Visit the store",Discount not found,Price not found,Stock info not found,Rating not found,,https://www.amazon.in/CLUB-BOLLYWOOD%C2%AE-Creality-LD-002R-Accessories/dp/B0CKHQP65B
CLUB BOLLYWOOD® Pei Spring Steel Sheet Plate 377x370mm for Ender 5 Plus No Magnetic Sheet | Parts & Accessories | Parts & Accessories | Parts & Accessories | Parts & Accessories,,Discount not found,Price not found,Stock info not found,Rating not found,,https://www.amazon.in/CLUB-BOLLYWOOD%C2%AE-377x370mm-Magnetic-Accessories/dp/B0CKHQLC8W
CLUB BOLLYWOOD® Wireless WiFi Audio Receiver Wr320 3.5mm for Home Bluetooth V4.0 Receiver | USB Bluetooth Adapters/Dongles,"Visit the store, CLUB BOLLYWOOD    CLUB BOLLYWOOD   Visit the store",Discount not found,Price not found,Stock info not found,Rating not found,,https://www.amazon.in/CLUB-BOLLYWOOD%C2%AE-Wireless-Receiver-Bluetooth/dp/B0CKHQBHVC
CLUB BOLLYWOOD® Cable Management Box Cord Organizer Desk Cord Organizer L 14.8x5.63x4.84inch | Cable Ties & Organizers | Cable Ties & Organizers | Cable Ties & Organizers | Cable Ties & Organizers,"Visit the store, CLUB BOLLYWOOD    CLUB BOLLYWOOD   Visit the store","₹13,952","7,036",,Rating not found,,https://www.amazon.in/CLUB-BOLLYWOOD%C2%AE-Management-14-8x5-63x4-84inch-Organizers/dp/B0CKHQ4G7M
CLUB BOLLYWOOD® Cable Management Box Cord Organizer Desk Cord Organizer M 11.4x5.63x4.84inch | Cable Ties & Organizers | Cable Ties & Organizers | Cable Ties & Organizers | Cable Ties & Organizers,"Visit the store, CLUB BOLLYWOOD    CLUB BOLLYWOOD   Visit the store","₹11,803","5,952",,Rating not found,,https://www.amazon.in/CLUB-BOLLYWOOD%C2%AE-Management-11-4x5-63x4-84inch-Organizers/dp/B0CKHQ1L9H
CLUB BOLLYWOOD® Print Head Printhead for Canon IX3000 IX4000 IX5000 i560 Printer | Print Heads | Print Heads | Print Heads | Printer & Scanner Parts & Accs,"Visit the store, CLUB BOLLYWOOD    CLUB BOLLYWOOD   Visit the store",Discount not found,Price not found,Stock info not found,Rating not found,,https://www.amazon.in/CLUB-BOLLYWOOD%C2%AE-Printhead-Printer-Scanner/dp/B0CKHQ1L8J
"CLUB BOLLYWOOD® A4 Copying Paper 8.3 x 11.7"" Smooth 500 Count for Home Office Reports Memos 70g"" | Printer Paper | Printer Paper | Printer Paper | Printer Ink Toner & Paper","Visit the store, CLUB BOLLYWOOD    CLUB BOLLYWOOD   Visit the store","₹11,222","5,659",,Rating not found,,https://www.amazon.in/CLUB-BOLLYWOOD%C2%AE-Copying-Reports-Printer/dp/B0CKHPXHQZ
CLUB BOLLYWOOD® Cable Management Box Cord Organizer Cord Box Storage Large Size Color 2 | Cable Ties & Organizers | Cable Ties & Organizers | Cable Ties & Organizers | Cable Ties & Organizers,Visit the CLUB BOLLYWOOD Store,"₹9,520","4,801",,,,https://www.amazon.in/CLUB-BOLLYWOOD%C2%AE-Management-Organizer-Organizers/dp/B0CKHPX8VK
CLUB BOLLYWOOD® Silicone Heater Pad for 3D Printer 220V 600W Printer Accessories 280mmx280mm | Parts & Accessories | Parts & Accessories | Parts & Accessories | Parts & Accessories,"Visit the store, CLUB BOLLYWOOD    CLUB BOLLYWOOD   Visit the store","₹10,786","5,439",,Rating not found,,https://www.amazon.in/CLUB-BOLLYWOOD%C2%AE-Silicone-Accessories-280mmx280mm/dp/B0CKHPVHPR
CLUB BOLLYWOOD® Under Desk Hanging Mainframe Box Hanger Adjustable Holder for Computer White | Monitor Mounts & Stands | Monitor Mounts & Stands | Monitor Mounts & Stands | Monitor Mounts & Stands,"Visit the store, CLUB BOLLYWOOD    CLUB BOLLYWOOD   Visit the store","₹17,536","8,844",,Rating not found,,https://www.amazon.in/CLUB-BOLLYWOOD%C2%AE-Mainframe-Adjustable-Computer/dp/B0CKHPQ8YJ
CLUB BOLLYWOOD® Metal CNC Hollow Gantry Lightweight Hardware Aluminum Alloy Functional Frame | Parts & Accessories | Parts & Accessories | Parts & Accessories | Parts & Accessories,"Visit the store, CLUB BOLLYWOOD    CLUB BOLLYWOOD   Visit the store","₹6,588","3,322",,Rating not found,,https://www.amazon.in/CLUB-BOLLYWOOD%C2%AE-Lightweight-Functional-Accessories/dp/B0CKHPPY8P
CLUB BOLLYWOOD® Pei Spring Steel Sheet Plate 377x370mm for Ender 5 Plus With Magnetic Sheet | Parts & Accessories | Parts & Accessories | Parts & Accessories | Parts & Accessories,"Visit the store, CLUB BOLLYWOOD    CLUB BOLLYWOOD   Visit the store","₹16,747","8,446",,Rating not found,,https://www.amazon.in/CLUB-BOLLYWOOD%C2%AE-377x370mm-Magnetic-Accessories/dp/B0CKHPL81X
CLUB BOLLYWOOD® Mini ERB Board Control Board 91x35mm Feeder Board 3D Printer Parts | Parts & Accessories | Parts & Accessories | Parts & Accessories | Parts & Accessories,"Visit the store, CLUB BOLLYWOOD    CLUB BOLLYWOOD   Visit the store","₹6,174","3,114",,Rating not found,,https://www.amazon.in/CLUB-BOLLYWOOD%C2%AE-Control-91x35mm-Accessories/dp/B0CKHPJS7B
CLUB BOLLYWOOD® 230x150mm Dual Side Pei Steel Sheet Plate Parts 3D Printing for Creator Pro With Magnet | Parts & Accessories | Parts & Accessories | Parts & Accessories | Parts & Accessories,"Visit the store, CLUB BOLLYWOOD    CLUB BOLLYWOOD   Visit the store","₹9,926","5,005",,Rating not found,,https://www.amazon.in/CLUB-BOLLYWOOD%C2%AE-230x150mm-Printing-Accessories/dp/B0CKHPH4JS
CLUB BOLLYWOOD® Printing Pen Handheld Printer Mini Tattoo Printer Only Cartridge Black | Printers | Printers | Printers | Printers,"Visit the store, CLUB BOLLYWOOD    CLUB BOLLYWOOD   Visit the store",Discount not found,Price not found,Stock info not found,Rating not found,,https://www.amazon.in/CLUB-BOLLYWOOD%C2%AE-Printing-Handheld-Cartridge/dp/B0CKHPGMLT
CLUB BOLLYWOOD® CSR8675 Bluetooth 5.0 Board Receiver PCM5102A APTX HD I2S DAC Decoder | USB Bluetooth Adapters/Dongles,"Visit the store, CLUB BOLLYWOOD    CLUB BOLLYWOOD   Visit the store","₹13,475","6,795",,Rating not found,,https://www.amazon.in/CLUB-BOLLYWOOD%C2%AE-Bluetooth-Receiver-PCM5102A/dp/B0CKHPDXGN
CLUB BOLLYWOOD® Under Desk Cable Organizer Sturdy Desk Cable Tray for Bedrooms Restaurants black | Cable Ties & Organizers,"Visit the store, CLUB BOLLYWOOD    CLUB BOLLYWOOD   Visit the store",Discount not found,Price not found,Stock info not found,Rating not found,,https://www.amazon.in/CLUB-BOLLYWOOD%C2%AE-Organizer-Restaurants-Organizers/dp/B0CKHP2873
CLUB BOLLYWOOD® Einsy Rambo Clone 1.1b Mainboard for Prusa i3 MK3S TMC2130 Stepper Drivers | Parts & Accessories | Parts & Accessories | Parts & Accessories | Parts & Accessories,"Visit the store, CLUB BOLLYWOOD    CLUB BOLLYWOOD   Visit the store","₹27,751","13,996",,Rating not found,,https://www.amazon.in/CLUB-BOLLYWOOD%C2%AE-Mainboard-TMC2130-Accessories/dp/B0CKHNR6G9
"CLUB BOLLYWOOD® A4 Copying Paper 8.3 x 11.7"" Smooth 500 Count for Home Office Reports Memos 80g"" | Printer Paper | Printer Paper | Printer Paper | Printer Ink Toner & Paper",Visit the CLUB BOLLYWOOD Store,Discount not found,Price not found,Stock info not found,,,https://www.amazon.in/CLUB-BOLLYWOOD%C2%AE-Copying-Reports-Printer/dp/B0CKHNQXCY
CLUB BOLLYWOOD® Aluminum HiFi Audio Stand Feet Adjustable Speaker Record Player Silver 4Pcs | Rackmount Cabinets & Frames | Rackmount Cabinets & Frames | Rackmount Cabinets & Frames,"Visit the store, CLUB BOLLYWOOD    CLUB BOLLYWOOD   Visit the store",Discount not found,Price not found,Stock info not found,Rating not found,,https://www.amazon.in/CLUB-BOLLYWOOD%C2%AE-Aluminum-Adjustable-Rackmount/dp/B0CKHNQX7M
CLUB BOLLYWOOD® Bluetooth 5.0 Transmitter and Receiver Optical Aux RCA Audio Adapter Black | USB Bluetooth Adapters/Dongles,Visit the CLUB BOLLYWOOD Store,"₹9,769","4,926",,,,https://www.amazon.in/CLUB-BOLLYWOOD%C2%AE-Bluetooth-Transmitter-Receiver/dp/B0CKHNQGXC
"CLUB BOLLYWOOD® Portable Smallest Mobile Color Printer WiFi USB Gift Printer, Removable Ink | Printers | Printers | Printers | Printers","Visit the store, CLUB BOLLYWOOD    CLUB BOLLYWOOD   Visit the store","₹32,221","15,788",In stock,Rating not found,,https://www.amazon.in/CLUB-BOLLYWOOD%C2%AE-Portable-Smallest-Removable/dp/B0CKHNNWD8
CLUB BOLLYWOOD® Wire Management Tray Desk Cord Organizer Sturdy for Offices Study Rooms | Cable Ties & Organizers | Cable Ties & Organizers | Cable Ties & Organizers | Cable Ties & Organizers,"Visit the store, CLUB BOLLYWOOD    CLUB BOLLYWOOD   Visit the store","₹11,427","5,763",,Rating not found,,https://www.amazon.in/CLUB-BOLLYWOOD%C2%AE-Management-Organizer-Organizers/dp/B0CKHNLB9S
CLUB BOLLYWOOD® Fiber Optic FTTH Tool Kit FTTH Assembly Fiber Termination Tool Kit with Cutter Optical Power Meter Visual Fault Locator Finder Cable Cutter Stripper | Optical Fiber Cables,"Visit the store, CLUB BOLLYWOOD    CLUB BOLLYWOOD   Visit the store","₹16,000","8,069",,Rating not found,,https://www.amazon.in/CLUB-BOLLYWOOD%C2%AE-Assembly-Termination-Stripper/dp/B0CKHNJV3X
CLUB BOLLYWOOD® 952/955 Printhead for Office-Jet Pro 7740/8210/8216 8725 8710 8730 Plastic | Print Heads | Print Heads | Print Heads | Printer & Scanner Parts & Accs,"Visit the store, CLUB BOLLYWOOD    CLUB BOLLYWOOD   Visit the store","₹16,788","8,466",,Rating not found,,https://www.amazon.in/CLUB-BOLLYWOOD%C2%AE-Printhead-Office-Jet-Plastic/dp/B0CKHNDRV2
CLUB BOLLYWOOD® GT2 Timing Belt Pulley Kit Motion Parts for Voron V2.4 3D Printer Supplies | Parts & Accessories | Parts & Accessories | Parts & Accessories | Parts & Accessories,"Visit the store, CLUB BOLLYWOOD    CLUB BOLLYWOOD   Visit the store",Discount not found,Price not found,Stock info not found,Rating not found,,https://www.amazon.in/CLUB-BOLLYWOOD%C2%AE-Printer-Supplies-Accessories/dp/B0CKHMW9VS
CLUB BOLLYWOOD® Printer Head For HP officejet Pro 950 8100 8600 8610 8620 8110 8615 Printer | Print Heads | Print Heads | Print Heads | Printer & Scanner Parts & Accs,"Visit the store, CLUB BOLLYWOOD    CLUB BOLLYWOOD   Visit the store","₹21,595","10,887",,Rating not found,,https://www.amazon.in/CLUB-BOLLYWOOD%C2%AE-Printer-officejet-Scanner/dp/B0CKHMMJ2B
CLUB BOLLYWOOD® Printer Head for HP Officejet 950 8100 8600 8610 8620 8650 Professional | Print Heads | Print Heads | Print Heads | Printer & Scanner Parts & Accs,"Visit the store, CLUB BOLLYWOOD    CLUB BOLLYWOOD   Visit the store","₹14,113","7,117",,Rating not found,,https://www.amazon.in/CLUB-BOLLYWOOD%C2%AE-Printer-Officejet-Professional/dp/B0CKHMMHXS
Title not found,Brand not found,Discount not found,Price not found,Stock info not found,Rating not found,No social proof available,URL not found
"CLUB BOLLYWOOD® Universal Kids Learning Book Arm Stand Stable Rotate for Kitchen School Desk | Mounts, Stands & Holders","Visit the store, CLUB BOLLYWOOD    CLUB BOLLYWOOD   Visit the store",Discount not found,Price not found,Stock info not found,Rating not found,,https://www.amazon.in/CLUB-BOLLYWOOD%C2%AE-Universal-Learning-Kitchen/dp/B0CKHM2T8S
Title not found,Brand not found,Discount not found,Price not found,Stock info not found,Rating not found,No social proof available,URL not found
Barcode Printer,,Discount not found,Price not found,Stock info not found,Rating not found,,https://www.amazon.in/Generic-244-PRO-203-DPI/dp/B0CK8DGN2B
Fujifilm Instax Wide Link Goodness Box- Grey,Visit the Fujifilm Store,"₹29,999","23,999",In stock,5.0  5.0 out of 5 stars  (1),,https://www.amazon.in/Fujifilm-Instax-Wide-Link-Goodness/dp/B0CJXYDJL7
Fujifilm Instax Wide Link Goodness Box- White,Visit the Fujifilm Store,"₹29,999","23,999",Only 2 left in stock.,5.0  5.0 out of 5 stars,,https://www.amazon.in/Fujifilm-Instax-Wide-Goodness-White/dp/B0CJXY28TW
Fujifilm Instax Wide Link Starter Kit- Gray,Visit the Fujifilm Store,"₹22,999","17,999",Only 1 left in stock.,5.0  5.0 out of 5 stars  (1),,https://www.amazon.in/Fujifilm-Instax-Wide-Link-Starter/dp/B0CJXXZBCB
Fujifilm Instax Square Link Starter Kit - Midnight Green,Visit the Fujifilm Store,"₹21,999","15,499",In stock,5.0  5.0 out of 5 stars  (2),,https://www.amazon.in/Fujifilm-Instax-Square-Link-Starter/dp/B0CJXXBKZY
Fujifilm Instax Wide Link Starter Kit- White,Visit the Fujifilm Store,"₹22,999","17,999",In stock,5.0  5.0 out of 5 stars,,https://www.amazon.in/Fujifilm-Instax-Wide-Starter-White/dp/B0CJXWYR74
Fujifilm Instax Square Link Goodness Box - Midnight Green,Visit the Fujifilm Store,"₹28,999","21,499",Only 1 left in stock.,Rating not found,,https://www.amazon.in/Fujifilm-Instax-Square-Link-Goodness/dp/B0CJXVLVDF
Fujifilm Instax Mini Link 2 Starter Kit - Soft Pink,Visit the Fujifilm Store,Discount not found,"18,999",Stock info not found,4.5  4.5 out of 5 stars  (2),,https://www.amazon.in/Fujifilm-Instax-Mini-Link-Starter/dp/B0CJVKSBS5
Fujifilm Instax Mini Link 2 Goodness Box - Clay White,Visit the Fujifilm Store,"₹20,999","17,854",Only 1 left in stock.,5.0  5.0 out of 5 stars  (1),,https://www.amazon.in/Fujifilm-Instax-Mini-Link-Goodness/dp/B0CJVK21L1
Xelora Business Solutions 50.8mm Handheld TIJ Thermal Inkjet Printer with Ultra Premium Solvent Cartridge,,Discount not found,Price not found,Stock info not found,Rating not found,,https://www.amazon.in/Business-Solutions-Handheld-Thermal-Cartridge/dp/B0CJVJPJN8
Xelora Business Solutions 12.7mm Handheld TIJ Thermal Inkjet Printer with Ultra Premium Solvent Cartridge,,Discount not found,Price not found,Stock info not found,Rating not found,,https://www.amazon.in/Business-Solutions-Handheld-Thermal-Cartridge/dp/B0CJVJ8957
Xelora Business Solutions 12.7mm Handheld TIJ Thermal Inkjet Printer with Premium Solvent Cartridge,,Discount not found,"5,899",Stock info not found,5.0  5.0 out of 5 stars  (2),,https://www.amazon.in/Business-Solutions-Handheld-Thermal-Cartridge/dp/B0CJVJ5JVZ
Fujifilm Instax Mini Link 2 Starter Kit - Clay White,Visit the Fujifilm Store,Discount not found,"18,999",Stock info not found,3.0  3.0 out of 5 stars  (1),,https://www.amazon.in/Fujifilm-Instax-Mini-Link-Starter/dp/B0CJVHK35M
Xelora Business Solutions 50.8mm Handheld TIJ Thermal Inkjet Printer with Standard Ink Cartridge,,Discount not found,Price not found,Stock info not found,,,https://www.amazon.in/Business-Solutions-Handheld-Standard-Cartridge/dp/B0CJVHGZ9P
Xelora Business Solutions 25.4mm Handheld TIJ Thermal Inkjet Printer with Premium Solvent Cartridge,,Discount not found,Price not found,Stock info not found,Rating not found,,https://www.amazon.in/Business-Solutions-Handheld-Thermal-Cartridge/dp/B0CJVH5HG9
Xelora Business Solutions 50.8mm Handheld TIJ Thermal Inkjet Printer with Premium Solvent Cartridge,,Discount not found,"5,899",Stock info not found,Rating not found,,https://www.amazon.in/Business-Solutions-Handheld-Thermal-Cartridge/dp/B0CJVH3CGM
Xelora Business Solutions 25.4mm Handheld TIJ Thermal Inkjet Printer with Ultra Premium Solvent Cartridge,,Discount not found,Price not found,Stock info not found,Rating not found,,https://www.amazon.in/Business-Solutions-Handheld-Thermal-Cartridge/dp/B0CJVGQLMN
Xelora Business Solutions 12.7mm Handheld TIJ Thermal Inkjet Printer with HP2590 Cartridge,,Discount not found,Price not found,Stock info not found,Rating not found,,https://www.amazon.in/Business-Solutions-Handheld-Thermal-Cartridge/dp/B0CJVGMCNF
(Refurbished) Epson M1120 EcoTank Monochrome Wi-Fi Ink Tank Printer,Visit the Amazon Renewed Store,Discount not found,Price not found,Stock info not found,Rating not found,,https://www.amazon.in/Refurbished-Epson-EcoTank-Monochrome-Printer/dp/B0CJTWLJ89
Developer Compatible for Xerox 5855/5865/5875/5890/5735/5745/5755/5775/5735/5745/5755/5775/5632/5635/5638/5645/5655/5665 Printer Pack of 1 (1 KG),,Discount not found,Price not found,Stock info not found,Rating not found,,https://www.amazon.in/Developer-Compatible-Xerox-5855-Printer/dp/B0CJRDWYK6
12A Drum,,Discount not found,Price not found,Stock info not found,Rating not found,,https://www.amazon.in/Generic-12A-Drum/dp/B0CJQD2LWN
88A Drum,,Discount not found,Price not found,Stock info not found,Rating not found,,https://www.amazon.in/Generic-88A-Drum/dp/B0CJQC19CB
HP 1008 Lower Pressure Roller for USE in HP Laserjet 1002 1005 1006 1007 1008 1009 M1136 M1132 1136 1132 1213 1216 M1120 M1522 M1505 M1506 Canon LBP3018 3108 Printer,,Discount not found,Price not found,Stock info not found,Rating not found,,https://www.amazon.in/Pressure-Roller-Laserjet-LBP3018-Printer/dp/B0CJQ16L74
R.G - RITZY GADGETS Mbrush Portable Mini Inkjet Printer Wireless Connection Logo Tattoo Mini Machine for Multi-Purpose Printing Gift Cards Provided,Visit the R.G - RITZY GADGETS Store,Discount not found,"11,999",Stock info not found,5.0  5.0 out of 5 stars  (2),,https://www.amazon.in/R-G-Portable-Wireless-Connection-Multi-Purpose/dp/B0CCNJZZTR
"(Refurbished) HP Laserjet MFP M233dw Printer: Print, Copy, Scan, Fastest Two-Sided Printing, Lightning Print Speed of 30ppm(Letter)/29ppm(A4), Self Reset Dual Band WiFi",Visit the Amazon Renewed Store,Discount not found,Price not found,Stock info not found,Rating not found,,https://www.amazon.in/Refurbished-HP-Laserjet-M233dw-Printer/dp/B0CJLPH4DW
Generic HP 1005 Printer Scanner TOP Cover,,Discount not found,Price not found,Stock info not found,,,https://www.amazon.in/Generic-HP-1005-Printer-Scanner/dp/B0CJKMSG5J
Spinxx Scanner Top Cover for Use in Hp M1005 Laserjet Printer,,Discount not found,Price not found,Stock info not found,Rating not found,,https://www.amazon.in/Spinxx-Scanner-Top-Cover-Laserjet/dp/B0CJJL61P5
Laser Printer,,Discount not found,Price not found,Stock info not found,Rating not found,,https://www.amazon.in/Generic-cvr01-Laser-Printer/dp/B0CJFV6NN1
AVANT GARDE 25mm(Model No-T290E-ON) Automatic Online Industrial Batch Coding Printer with Embedded Operating System,Visit the AVANT GARDE Store,"₹1,10,000","60,000",In stock,,,https://www.amazon.in/AVANT-GARDE-No-T290E-Automatic-Industrial/dp/B0CJFRC1TC
Radiance Business Solutions 12.7mm Handheld TIJ Thermal Inkjet Printer with Premium Solvent Cartridge,,Discount not found,"5,899",Stock info not found,Rating not found,,https://www.amazon.in/Radiance-Business-Solutions-Handheld-Cartridge/dp/B0CJ9JSPNN
Radiance Business Solutions 12.7mm Handheld TIJ Thermal Inkjet Printer with Premium Solvent Cartridge,,Discount not found,"5,899",Stock info not found,Rating not found,,https://www.amazon.in/Radiance-Business-Solutions-Handheld-Cartridge/dp/B0CJ9JSPNN
Avant GARDE12.7mm(Model No-T210E) New Handheld Industrial Thermal Inkjet Printer with 7650mAh Battery|Handheld Online Dual use|Calculate Printing Cost in Real time,"Visit the store, AVANT GARDE    AVANT GARDE   Visit the store","₹1,00,000","58,000",In stock,Rating not found,,https://www.amazon.in/GARDE12-7mm-No-T210E-Handheld-Industrial-Calculate/dp/B0CJ9GH3ZJ
AVANT GARDE Handheld Inkjet Printer (25.4mm Head + 7550 mAh Battery (T230E)),"Visit the store, AVANT GARDE    AVANT GARDE   Visit the store","₹1,11,000","70,000",In stock,Rating not found,,https://www.amazon.in/AVANT-GARDE-Handheld-Printer-Battery/dp/B0CJ9GFK3S
"AVANT GARDE 25mm Model no-G400 E More Professional,Reliable,Flexible,Smarter Handheld Thermal Inkjet Printer","Visit the store, AVANT GARDE    AVANT GARDE   Visit the store","₹90,000","49,999",In stock,Rating not found,,https://www.amazon.in/AVANT-GARDE-Professional-Reliable-Flexible/dp/B0CJ8WWQ9S
"AVANT GARDE 12.7mm Model No-G200 E Industrial Inkjet Printer with More Reliable,Professional,Powerful and Smarter Printer Parameters|Cortex-A7 1.2GHz Industrial Grade Dual-core Processor","Visit the store, AVANT GARDE    AVANT GARDE   Visit the store","₹80,000","50,000",Only 1 left in stock.,Rating not found,,https://www.amazon.in/AVANT-GARDE-Industrial-Professional-Parameters/dp/B0CJ8WV11L
"AVANT GARDE 12.7mm Model No-G200 E Industrial Inkjet Printer with More Reliable,Professional,Powerful and Smarter Printer Parameters|Cortex-A7 1.2GHz Industrial Grade Dual-core Processor","Visit the store, AVANT GARDE    AVANT GARDE   Visit the store","₹80,000","50,000",Only 1 left in stock.,Rating not found,,https://www.amazon.in/AVANT-GARDE-Industrial-Professional-Parameters/dp/B0CJ8WV11L
"King online HP 1020 FUSER Film for USE in HP Laserjet P1007, P1008, P1106, P1108, 1020, 1005, 1136, 1213NF, LBP 2900 Printer (Pack 10)",,Discount not found,Price not found,Stock info not found,Rating not found,,https://www.amazon.in/Online-FUSER-Laserjet-1213NF-Printer/dp/B0CJ369V33
King Online 1005 CLUCH Drive Gear for USE in HP Laserjet M1005 / 1018/1020 / 1022/3055 / 1319/3015 Canon-LBP 2900/4320 / 4350 Printer|ALOKJHYAU-53,,Discount not found,Price not found,Stock info not found,Rating not found,,https://www.amazon.in/Online-Laserjet-Canon-LBP-Printer-ALOKJHYAU-53/dp/B0CJ35RK4P
King online Black Lower Fuser Pressure Roller Compatible for Canon -LBP2900 /L-120 /MF4150/LBP3000/3112/1210,,Discount not found,Price not found,Stock info not found,Rating not found,,https://www.amazon.in/Online-Pressure-Compatible-LBP2900-LBP3000/dp/B0CJ35M1WD
King Online Laserjet/PHOTOCOPIER Grease for All Laser Printers|ALOKJHYAU-29,,Discount not found,Price not found,Stock info not found,Rating not found,,https://www.amazon.in/Online-Laserjet-PHOTOCOPIER-Printers-ALOKJHYAU-29/dp/B0CJ35F826
Canon MAXIFY GX3072 All in One WiFi Inktank Printer with 2 Additional Black Ink Bottles (Upto 6000 Mono Prints per Bottle and 14000 Colour Prints),"Visit the store, Canon    Canon   Visit the store",Discount not found,"13,499",Stock info not found,Rating not found,,https://www.amazon.in/Canon-Inktank-Printer-Additional-Bottles/dp/B0CHW4FHQZ
SAZ DEKOR Plotter Blade Holder + 45 Degree Blades For CB09 Graphtec Cutting Plotter,"Visit the store, SAZ DEKOR    SAZ DEKOR   Visit the store","₹2,899","2,169",,Rating not found,,https://www.amazon.in/SAZ-DEKOR-Plotter-Graphtec-Cutting/dp/B0CHSCPHPQ
"HipponixTech Timing Belt Compatible with Epson M110,M200,M205",,Discount not found,Price not found,Stock info not found,5.0  5.0 out of 5 stars  (1),,https://www.amazon.in/HipponixTech-Timing-Belt-Compatible-M200/dp/B0CHQHK6X3
"AVANT GARDE 12.7mm Handheld TIJ Printer with Ultra Premium Black Cartridge|Print Logo,OR Code,Barcode,Text,Batch Number,Time,Mrp & Expiry Date","Visit the store, AVANT GARDE    AVANT GARDE   Visit the store","₹40,000","16,500",In stock,Rating not found,,https://www.amazon.in/AVANT-GARDE-Handheld-Printer-Cartridge/dp/B0CHPD9F38
GR Techno Hose Reel Drum,,Discount not found,Price not found,Stock info not found,Rating not found,,https://www.amazon.in/GR-Techno-Hose-Reel-Drum/dp/B0CHPB7ZHF
(Refurbished) Brother HL-L2361DN Monochrome Laser Printer with Auto Duplex Printing & Network,Visit the Amazon Renewed Store,Discount not found,Price not found,Stock info not found,Rating not found,,https://www.amazon.in/Refurbished-Brother-HL-L2361DN-Monochrome-Printing/dp/B0CHKSMHZS
HipponixTech Top Cover Fuser Jali for Hp Laserjet 1018/1020 /1020 Plus (White),,₹999,499,In stock,Rating not found,,https://www.amazon.in/HipponixTech-Hp-Laserjet-1018-1020/dp/B0CHFSWJV7
Rescue COMPUTECH Laser Printer M30A,,Discount not found,Price not found,Stock info not found,Rating not found,,https://www.amazon.in/Rescue-COMPUTECH-Laser-Printer-M30A/dp/B0CHFSVX77
"HipponixTech Top Cover for HP Laserjet P1007,P1008,M1102,1106,1108 Printer",,₹999,499,In stock,Rating not found,,https://www.amazon.in/HipponixTech-Cover-Laserjet-P1007-Printer/dp/B0CHFQXTNS
Rescue COMPUTECH Laser Printer P1108,,Discount not found,Price not found,Stock info not found,Rating not found,,https://www.amazon.in/Rescue-COMPUTECH-Laser-Printer-P1108/dp/B0CHFNV3D9
Graphene Conductive Ink/Paste (WGP30) (500 Gram),"Visit the store, adnano Technologies    adnano Technologies   Visit the store",Discount not found,"3,000",In stock,Rating not found,,https://www.amazon.in/Ad-Nano-Water-Based-Graphene-Conductive/dp/B0CHF23X14
"AVANT GARDE BIS Approved12.7mm Handheld Batch Coding Machine for Printing Manufacturing,Expiry,Use Before Date,Lot Number,Barcode,Logo,QR Code",Visit the AVANT GARDE Store,"₹27,999","23,999",In stock,,,https://www.amazon.in/AVANT-GARDE-Approved12-7mm-Handheld-Manufacturing/dp/B0CH9WY6Z3
2GT-6mm Timing Belt For 3D Printer,,₹599,399,Only 1 left in stock.,Rating not found,,https://www.amazon.in/2GT-6mm-Timing-Belt-3D-Printer/dp/B0CGZRDKCJ
King Online 1005 CLUCH Drive Gear for USE in HP Laserjet M1005 / 1018/1020 / 1022/3055 / 1319/3015 Canon-LBP 2900/4320 / 4350 Printer,,Discount not found,Price not found,Stock info not found,Rating not found,,https://www.amazon.in/Online-CLUCH-Laserjet-Canon-LBP-Printer/dp/B0CGTXCSCK
Title not found,Brand not found,Discount not found,Price not found,Stock info not found,Rating not found,No social proof available,URL not found
DeskJet 2723 All-in-One Printer,,"₹1,599",395,In stock,Rating not found,,https://www.amazon.in/Printify-7A-WSLA-FMTD-DeskJet-All-in-One-Printer/dp/B0CGR1Y6RZ
MILAAN Plotter Blade Holder + 45 Degree Blades For CB09 Graphtec Cutting Plotter,,Discount not found,Price not found,Stock info not found,Rating not found,,https://www.amazon.in/MILAAN-Plotter-Holder-Graphtec-Cutting/dp/B0CGQ2HJGJ
LM8LUU 8mm Bushing Longer Linear Ball Bearing For 3D Printer,,₹499,399,Only 1 left in stock.,Rating not found,,https://www.amazon.in/LM8LUU-Bushing-Longer-Bearing-Printer/dp/B0CGNFM1P4
Title not found,Brand not found,Discount not found,Price not found,Stock info not found,Rating not found,No social proof available,URL not found
TECHFUEL ‎IR 3300 Drum Cleaning Blade,,Discount not found,Price not found,Stock info not found,Rating not found,,https://www.amazon.in/TECHFUEL-3300-Drum-Cleaning-Blade/dp/B0CGD7Q61J
TECHFUEL ‎IR 2870 Drum Cleaning Blade | Printer Blade,,Discount not found,Price not found,Stock info not found,Rating not found,,https://www.amazon.in/TECHFUEL-2870-Cleaning-Blade-Printer/dp/B0CGD74GLB
Meadawgs® Kayak Canoe Pulley Block + 6 Pad Eyes&12 Screws with Nuts Anchor Trolley Kit,,Discount not found,Price not found,Stock info not found,,,https://www.amazon.in/Meadawgs%C2%AE-Pulley-Screws-Anchor-Trolley/dp/B0CGD5H4XQ
GAH New Replacement Plotter Carriage Belt for HP DesignJet T1100 2100 610 Q5669-60673,,"₹3,460","1,687",,Rating not found,,https://www.amazon.in/Replacement-Plotter-Carriage-DesignJet-Q5669-60673/dp/B0CGBQS96C
Title not found,Brand not found,Discount not found,Price not found,Stock info not found,Rating not found,No social proof available,URL not found
Title not found,Brand not found,Discount not found,Price not found,Stock info not found,Rating not found,No social proof available,URL not found
Evolis Asmi PVC Id Card Printer,,Discount not found,Price not found,Stock info not found,2.0  2.0 out of 5 stars,,https://www.amazon.in/Evolis-Asmi-PVC-Card-Printer/dp/B0CG4G2B72
Title not found,Brand not found,Discount not found,Price not found,Stock info not found,Rating not found,No social proof available,URL not found
Shilpent Graphene Conductive Ink (Water Based)(Pack of 25 ML),,"₹4,779","3,386",In stock,2.3  2.3 out of 5 stars  (15),,https://www.amazon.in/Shilpent-Graphene-Conductive-Ink-25/dp/B0CG3ND8MC
"LENVII LV-390 USB Thermal Printer 4""x6"" Shipping Label Printer | Thermal Label Stickers Printer for Printer Barcode Express Delivery Label | Barcode Label Printer Compatible with Windows,Mac,Amazon,FK","Visit the store, LENVII    LENVII   Visit the store",Discount not found,"6,750",Stock info not found,Rating not found,,https://www.amazon.in/LENVII-LV-390-Shipping-Stickers-Compatible/dp/B0CG145G8K
Title not found,Brand not found,Discount not found,Price not found,Stock info not found,Rating not found,No social proof available,URL not found
Title not found,Brand not found,Discount not found,Price not found,Stock info not found,Rating not found,No social proof available,URL not found
Title not found,Brand not found,Discount not found,Price not found,Stock info not found,Rating not found,No social proof available,URL not found
Title not found,Brand not found,Discount not found,Price not found,Stock info not found,Rating not found,No social proof available,URL not found
Title not found,Brand not found,Discount not found,Price not found,Stock info not found,Rating not found,No social proof available,URL not found
Title not found,Brand not found,Discount not found,Price not found,Stock info not found,Rating not found,No social proof available,URL not found
"King Online IBT Belt (Transfer Belt) for Konica Minolta Photocopier Machine Bizhub C224, C284, C364, C454, C554",,Discount not found,Price not found,Stock info not found,Rating not found,,https://www.amazon.in/Online-Transfer-Minolta-Photocopier-Machine/dp/B0CFX7JYJ7
King Online IBT Belt (Transfer Belt) for Konica Minolta Photocopier Machine,,Discount not found,Price not found,Stock info not found,Rating not found,,https://www.amazon.in/Online-Transfer-Minolta-Photocopier-Machine/dp/B0CFX7DHSH
Title not found,Brand not found,Discount not found,Price not found,Stock info not found,Rating not found,No social proof available,URL not found
King Online Developer for USE in RICOH AFICIO MP 2010/2030 / 2031/2050 / 2550/2551 / 2003/2503 Printer and Copier Color Cyan,,Discount not found,Price not found,Stock info not found,,,https://www.amazon.in/Online-Developer-AFICIO-Printer-Copier/dp/B0CFWV4S9M
King Online Developer for USE in RICOH AFICIO MP 2010/2030 / 2031/2050 / 2550/2551 / 2003/2503 Printer and Copier Color MAJENTA,,Discount not found,Price not found,Stock info not found,,,https://www.amazon.in/Online-Developer-AFICIO-Printer-MAJENTA/dp/B0CFWPP1XC
Spinxx Cartridge Doctor Blade for use in for Laserjet 36A / 35A / 78A / 88A Canon 328 and 925 (2 PIC),,Discount not found,Price not found,Stock info not found,Rating not found,,https://www.amazon.in/Spinxx-Cartridge-Doctor-Blade-Laserjet/dp/B0CFVGCQLB
King Online 12A PCR for use in HP 12A for HP Laserjet 1010 M1005 1015 1018 1020 3015 3020 3030 LBP2900 120 MF4150 Printer Cartridge Pack 10,,Discount not found,Price not found,Stock info not found,Rating not found,,https://www.amazon.in/Online-Laserjet-LBP2900-Printer-Cartridge/dp/B0CFSK5HYV
Title not found,Brand not found,Discount not found,Price not found,Stock info not found,Rating not found,No social proof available,URL not found
"King Online 12A Pressure Roller for use in Hp Laserjet 1010, 1022, 1015, 1018, 1020, 1022, 1022n, 3020, 3030, 3050, 3052, 3055, M 1005, M 1319f / Canon Lbp-2900, 303 Pack of 5",,Discount not found,Price not found,Stock info not found,Rating not found,,https://www.amazon.in/Online-Pressure-Roller-Laserjet-Lbp-2900/dp/B0CFS3WZP2
Title not found,Brand not found,Discount not found,Price not found,Stock info not found,Rating not found,No social proof available,URL not found
Title not found,Brand not found,Discount not found,Price not found,Stock info not found,Rating not found,No social proof available,URL not found
King Online 256A Chip Compatible for HP Laser Jet MFP M436n/436nda Printers,,Discount not found,Price not found,Stock info not found,Rating not found,,https://www.amazon.in/Online-Compatible-Laser-436nda-Printers/dp/B0CFNS3CQW
Title not found,Brand not found,Discount not found,Price not found,Stock info not found,Rating not found,No social proof available,URL not found
Title not found,Brand not found,Discount not found,Price not found,Stock info not found,Rating not found,No social proof available,URL not found
Title not found,Brand not found,Discount not found,Price not found,Stock info not found,Rating not found,No social proof available,URL not found
Title not found,Brand not found,Discount not found,Price not found,Stock info not found,Rating not found,No social proof available,URL not found
1010 FUSER Drive Gear for USE in HP Laserjet 1010/1020 / 1018/3020 / 3030/3015 / M1005 Canon LBP-2900/3000 Printers,,Discount not found,Price not found,Stock info not found,,,https://www.amazon.in/FUSER-Drive-Laserjet-LBP-2900-Printers/dp/B0CFGBNQSQ
Title not found,Brand not found,Discount not found,Price not found,Stock info not found,Rating not found,No social proof available,URL not found
Title not found,Brand not found,Discount not found,Price not found,Stock info not found,Rating not found,No social proof available,URL not found
Title not found,Brand not found,Discount not found,Price not found,Stock info not found,Rating not found,No social proof available,URL not found
Canon MAXIFY GX4070 All in One WiFi Inktank Printer with FAX (Upto 6000 Mono Prints and 14000 Colour Prints) for Office,"Visit the store, Canon    Canon   Visit the store","₹54,800","33,999",Only 2 left in stock.,Rating not found,,https://www.amazon.in/Canon-MAXIFY-GX4070-Inktank-Printer/dp/B0CDWSHN51
Title not found,Brand not found,Discount not found,Price not found,Stock info not found,Rating not found,No social proof available,URL not found
Title not found,Brand not found,Discount not found,Price not found,Stock info not found,Rating not found,No social proof available,URL not found
Title not found,Brand not found,Discount not found,Price not found,Stock info not found,Rating not found,No social proof available,URL not found
Title not found,Brand not found,Discount not found,Price not found,Stock info not found,Rating not found,No social proof available,URL not found
Title not found,Brand not found,Discount not found,Price not found,Stock info not found,Rating not found,No social proof available,URL not found
Title not found,Brand not found,Discount not found,Price not found,Stock info not found,Rating not found,No social proof available,URL not found
Title not found,Brand not found,Discount not found,Price not found,Stock info not found,Rating not found,No social proof available,URL not found
Title not found,Brand not found,Discount not found,Price not found,Stock info not found,Rating not found,No social proof available,URL not found
Title not found,Brand not found,Discount not found,Price not found,Stock info not found,Rating not found,No social proof available,URL not found
Title not found,Brand not found,Discount not found,Price not found,Stock info not found,Rating not found,No social proof available,URL not found
Title not found,Brand not found,Discount not found,Price not found,Stock info not found,Rating not found,No social proof available,URL not found
Title not found,Brand not found,Discount not found,Price not found,Stock info not found,Rating not found,No social proof available,URL not found
Title not found,Brand not found,Discount not found,Price not found,Stock info not found,Rating not found,No social proof available,URL not found
Title not found,Brand not found,Discount not found,Price not found,Stock info not found,Rating not found,No social proof available,URL not found
Title not found,Brand not found,Discount not found,Price not found,Stock info not found,Rating not found,No social proof available,URL not found
Title not found,Brand not found,Discount not found,Price not found,Stock info not found,Rating not found,No social proof available,URL not found
Title not found,Brand not found,Discount not found,Price not found,Stock info not found,Rating not found,No social proof available,URL not found
"HRC Life Display/Control Panel Cable,10 Pin for Use in H.P DeskJet GT 5810 Printer",,₹499,299,In stock,5.0  5.0 out of 5 stars,,https://www.amazon.in/HRC-Life-Display-Control-DeskJet/dp/B0CCXVFQ61
Title not found,Brand not found,Discount not found,Price not found,Stock info not found,Rating not found,No social proof available,URL not found
Title not found,Brand not found,Discount not found,Price not found,Stock info not found,Rating not found,No social proof available,URL not found
Title not found,Brand not found,Discount not found,Price not found,Stock info not found,Rating not found,No social proof available,URL not found
Title not found,Brand not found,Discount not found,Price not found,Stock info not found,Rating not found,No social proof available,URL not found
Title not found,Brand not found,Discount not found,Price not found,Stock info not found,Rating not found,No social proof available,URL not found
Title not found,Brand not found,Discount not found,Price not found,Stock info not found,Rating not found,No social proof available,URL not found
Title not found,Brand not found,Discount not found,Price not found,Stock info not found,Rating not found,No social proof available,URL not found
Title not found,Brand not found,Discount not found,Price not found,Stock info not found,Rating not found,No social proof available,URL not found
Title not found,Brand not found,Discount not found,Price not found,Stock info not found,Rating not found,No social proof available,URL not found
Title not found,Brand not found,Discount not found,Price not found,Stock info not found,Rating not found,No social proof available,URL not found
Title not found,Brand not found,Discount not found,Price not found,Stock info not found,Rating not found,No social proof available,URL not found
Title not found,Brand not found,Discount not found,Price not found,Stock info not found,Rating not found,No social proof available,URL not found
Title not found,Brand not found,Discount not found,Price not found,Stock info not found,Rating not found,No social proof available,URL not found
Title not found,Brand not found,Discount not found,Price not found,Stock info not found,Rating not found,No social proof available,URL not found
Title not found,Brand not found,Discount not found,Price not found,Stock info not found,Rating not found,No social proof available,URL not found
Title not found,Brand not found,Discount not found,Price not found,Stock info not found,Rating not found,No social proof available,URL not found
Title not found,Brand not found,Discount not found,Price not found,Stock info not found,Rating not found,No social proof available,URL not found
Title not found,Brand not found,Discount not found,Price not found,Stock info not found,Rating not found,No social proof available,URL not found
Title not found,Brand not found,Discount not found,Price not found,Stock info not found,Rating not found,No social proof available,URL not found
Title not found,Brand not found,Discount not found,Price not found,Stock info not found,Rating not found,No social proof available,URL not found
Zeereko Generic DIP IC MC14078BCP (2 Per/Lot),,Discount not found,Price not found,Stock info not found,,,https://www.amazon.in/Zeereko-Generic-DIP-MC14078BCP-Lot/dp/B0CCDT42P6
Title not found,Brand not found,Discount not found,Price not found,Stock info not found,Rating not found,No social proof available,URL not found
Title not found,Brand not found,Discount not found,Price not found,Stock info not found,Rating not found,No social proof available,URL not found
Title not found,Brand not found,Discount not found,Price not found,Stock info not found,Rating not found,No social proof available,URL not found
Title not found,Brand not found,Discount not found,Price not found,Stock info not found,Rating not found,No social proof available,URL not found
Title not found,Brand not found,Discount not found,Price not found,Stock info not found,Rating not found,No social proof available,URL not found
Title not found,Brand not found,Discount not found,Price not found,Stock info not found,Rating not found,No social proof available,URL not found
Title not found,Brand not found,Discount not found,Price not found,Stock info not found,Rating not found,No social proof available,URL not found
Title not found,Brand not found,Discount not found,Price not found,Stock info not found,Rating not found,No social proof available,URL not found
Title not found,Brand not found,Discount not found,Price not found,Stock info not found,Rating not found,No social proof available,URL not found
Title not found,Brand not found,Discount not found,Price not found,Stock info not found,Rating not found,No social proof available,URL not found
Title not found,Brand not found,Discount not found,Price not found,Stock info not found,Rating not found,No social proof available,URL not found
Title not found,Brand not found,Discount not found,Price not found,Stock info not found,Rating not found,No social proof available,URL not found
Title not found,Brand not found,Discount not found,Price not found,Stock info not found,Rating not found,No social proof available,URL not found
Title not found,Brand not found,Discount not found,Price not found,Stock info not found,Rating not found,No social proof available,URL not found
KANABEE CHIP for USE in RICOH SP300 DN Printer Pack of 2,"Visit the store, KANABEE    KANABEE   Visit the store",₹999,599,In stock,Rating not found,,https://www.amazon.in/KANABEE-CHIP-RICOH-SP300-Printer/dp/B0CB3R95FS
Title not found,Brand not found,Discount not found,Price not found,Stock info not found,Rating not found,No social proof available,URL not found
Title not found,Brand not found,Discount not found,Price not found,Stock info not found,Rating not found,No social proof available,URL not found
Title not found,Brand not found,Discount not found,Price not found,Stock info not found,Rating not found,No social proof available,URL not found
Title not found,Brand not found,Discount not found,Price not found,Stock info not found,Rating not found,No social proof available,URL not found
Title not found,Brand not found,Discount not found,Price not found,Stock info not found,Rating not found,No social proof available,URL not found
Title not found,Brand not found,Discount not found,Price not found,Stock info not found,Rating not found,No social proof available,URL not found
Title not found,Brand not found,Discount not found,Price not found,Stock info not found,Rating not found,No social proof available,URL not found
Title not found,Brand not found,Discount not found,Price not found,Stock info not found,Rating not found,No social proof available,URL not found
Title not found,Brand not found,Discount not found,Price not found,Stock info not found,Rating not found,No social proof available,URL not found
Title not found,Brand not found,Discount not found,Price not found,Stock info not found,Rating not found,No social proof available,URL not found
Title not found,Brand not found,Discount not found,Price not found,Stock info not found,Rating not found,No social proof available,URL not found
Title not found,Brand not found,Discount not found,Price not found,Stock info not found,Rating not found,No social proof available,URL not found
"(Refurbished) Canon PIXMA G2770 All-in-one (Print, Scan, Copy) Inktank Printer",Visit the Amazon Renewed Store,Discount not found,Price not found,Stock info not found,Rating not found,,https://www.amazon.in/Refurbished-Canon-PIXMA-Inktank-Printer/dp/B0C9JJ14JJ
Title not found,Brand not found,Discount not found,Price not found,Stock info not found,Rating not found,No social proof available,URL not found
Title not found,Brand not found,Discount not found,Price not found,Stock info not found,Rating not found,No social proof available,URL not found
Title not found,Brand not found,Discount not found,Price not found,Stock info not found,Rating not found,No social proof available,URL not found
Title not found,Brand not found,Discount not found,Price not found,Stock info not found,Rating not found,No social proof available,URL not found
"Handheld Inkjet Printer Smart Portable Quick-Drying Inkjet Printer with 4.3 Inch Touch Screen High Definition Label Printer for Trademark, Logo, Graphic, Date Coder, Label, QR Code Print",,Discount not found,Price not found,Stock info not found,Rating not found,,https://www.amazon.in/Handheld-Portable-Quick-Drying-Definition-Trademark/dp/B0C96LF7HT
Title not found,Brand not found,Discount not found,Price not found,Stock info not found,Rating not found,No social proof available,URL not found
Title not found,Brand not found,Discount not found,Price not found,Stock info not found,Rating not found,No social proof available,URL not found
Title not found,Brand not found,Discount not found,Price not found,Stock info not found,Rating not found,No social proof available,URL not found
Title not found,Brand not found,Discount not found,Price not found,Stock info not found,Rating not found,No social proof available,URL not found
Title not found,Brand not found,Discount not found,Price not found,Stock info not found,Rating not found,No social proof available,URL not found
Title not found,Brand not found,Discount not found,Price not found,Stock info not found,Rating not found,No social proof available,URL not found
Title not found,Brand not found,Discount not found,Price not found,Stock info not found,Rating not found,No social proof available,URL not found
Title not found,Brand not found,Discount not found,Price not found,Stock info not found,Rating not found,No social proof available,URL not found
Title not found,Brand not found,Discount not found,Price not found,Stock info not found,Rating not found,No social proof available,URL not found
Title not found,Brand not found,Discount not found,Price not found,Stock info not found,Rating not found,No social proof available,URL not found
Title not found,Brand not found,Discount not found,Price not found,Stock info not found,Rating not found,No social proof available,URL not found
Title not found,Brand not found,Discount not found,Price not found,Stock info not found,Rating not found,No social proof available,URL not found
Title not found,Brand not found,Discount not found,Price not found,Stock info not found,Rating not found,No social proof available,URL not found
"KANABEE CA91 Black and CA92 Color Printer Head for Canon G1001, G2000, G2010, G3000, G3010, G4000 Printers - Bundle Combo","Visit the store, KANABEE    KANABEE   Visit the store",Discount not found,"3,999",In stock,Rating not found,,https://www.amazon.in/KANABEE-Black-Printer-Head-Printers/dp/B0C89DTVTX
Title not found,Brand not found,Discount not found,Price not found,Stock info not found,Rating not found,No social proof available,URL not found
Title not found,Brand not found,Discount not found,Price not found,Stock info not found,Rating not found,No social proof available,URL not found
"DCode Thermal Tranfer/Direct Thermal Printer (DC423Pro- 104mm, 4inch) USB Interface Thermal Transfer Printing 203dpi 1D, 2D Barcode Printer",Visit the DCode Store,"₹18,999","12,999",Only 2 left in stock.,5.0  5.0 out of 5 stars  (1),,https://www.amazon.in/DCode-DC423Pro-Interface-Transfer-Printing/dp/B0C7R83RNV
Title not found,Brand not found,Discount not found,Price not found,Stock info not found,Rating not found,No social proof available,URL not found
Title not found,Brand not found,Discount not found,Price not found,Stock info not found,Rating not found,No social proof available,URL not found
Title not found,Brand not found,Discount not found,Price not found,Stock info not found,Rating not found,No social proof available,URL not found
Title not found,Brand not found,Discount not found,Price not found,Stock info not found,Rating not found,No social proof available,URL not found
Title not found,Brand not found,Discount not found,Price not found,Stock info not found,Rating not found,No social proof available,URL not found
KANABEE Tk4109 Opc Drum Cleaning Blade Pcr Charger for Km1800 Taskalfa 1800 1801 2200 2201 2010 2011 2210 2211,Visit the KANABEE Store,"₹2,999","2,299",In stock,,,https://www.amazon.in/KANABEE-Cleaning-Pcr-Charger-Taskalfa/dp/B0C7QRKZWV
Title not found,Brand not found,Discount not found,Price not found,Stock info not found,Rating not found,No social proof available,URL not found
Title not found,Brand not found,Discount not found,Price not found,Stock info not found,Rating not found,No social proof available,URL not found
Hellaro DX 2430 B4 Master Roll for Ricoh Copy Printer (White) - (Pack Of 1BOX),"Visit the store, HELLARO    HELLARO   Visit the store","₹4,500","1,999",In stock,Rating not found,,https://www.amazon.in/Hellaro-Master-Ricoh-Printer-White/dp/B0C77H4NCH
Title not found,Brand not found,Discount not found,Price not found,Stock info not found,Rating not found,No social proof available,URL not found
Title not found,Brand not found,Discount not found,Price not found,Stock info not found,Rating not found,No social proof available,URL not found
Title not found,Brand not found,Discount not found,Price not found,Stock info not found,Rating not found,No social proof available,URL not found
KANABEE MLT-D119S DR Blade for USE in Samsung ML-1610 1615 1620 1625 ML- 2010 2015 202 2510 2570 2571 SCX-4321 4521 Printer,Visit the KANABEE Store,"₹1,099",499,In stock,,,https://www.amazon.in/KANABEE-MLT-D119S-Blade-Samsung-SCX-4321/dp/B0C6Y9KCD3
Title not found,Brand not found,Discount not found,Price not found,Stock info not found,Rating not found,No social proof available,URL not found
Title not found,Brand not found,Discount not found,Price not found,Stock info not found,Rating not found,No social proof available,URL not found
Title not found,Brand not found,Discount not found,Price not found,Stock info not found,Rating not found,No social proof available,URL not found
Title not found,Brand not found,Discount not found,Price not found,Stock info not found,Rating not found,No social proof available,URL not found
Title not found,Brand not found,Discount not found,Price not found,Stock info not found,Rating not found,No social proof available,URL not found
Title not found,Brand not found,Discount not found,Price not found,Stock info not found,Rating not found,No social proof available,URL not found
Title not found,Brand not found,Discount not found,Price not found,Stock info not found,Rating not found,No social proof available,URL not found
Title not found,Brand not found,Discount not found,Price not found,Stock info not found,Rating not found,No social proof available,URL not found
Title not found,Brand not found,Discount not found,Price not found,Stock info not found,Rating not found,No social proof available,URL not found
Title not found,Brand not found,Discount not found,Price not found,Stock info not found,Rating not found,No social proof available,URL not found
Title not found,Brand not found,Discount not found,Price not found,Stock info not found,Rating not found,No social proof available,URL not found
Title not found,Brand not found,Discount not found,Price not found,Stock info not found,Rating not found,No social proof available,URL not found
Title not found,Brand not found,Discount not found,Price not found,Stock info not found,Rating not found,No social proof available,URL not found
Title not found,Brand not found,Discount not found,Price not found,Stock info not found,Rating not found,No social proof available,URL not found
Title not found,Brand not found,Discount not found,Price not found,Stock info not found,Rating not found,No social proof available,URL not found
Title not found,Brand not found,Discount not found,Price not found,Stock info not found,Rating not found,No social proof available,URL not found
Title not found,Brand not found,Discount not found,Price not found,Stock info not found,Rating not found,No social proof available,URL not found
Title not found,Brand not found,Discount not found,Price not found,Stock info not found,Rating not found,No social proof available,URL not found
Title not found,Brand not found,Discount not found,Price not found,Stock info not found,Rating not found,No social proof available,URL not found
Title not found,Brand not found,Discount not found,Price not found,Stock info not found,Rating not found,No social proof available,URL not found
Title not found,Brand not found,Discount not found,Price not found,Stock info not found,Rating not found,No social proof available,URL not found
Title not found,Brand not found,Discount not found,Price not found,Stock info not found,Rating not found,No social proof available,URL not found
Title not found,Brand not found,Discount not found,Price not found,Stock info not found,Rating not found,No social proof available,URL not found
Title not found,Brand not found,Discount not found,Price not found,Stock info not found,Rating not found,No social proof available,URL not found
Title not found,Brand not found,Discount not found,Price not found,Stock info not found,Rating not found,No social proof available,URL not found
Title not found,Brand not found,Discount not found,Price not found,Stock info not found,Rating not found,No social proof available,URL not found
Title not found,Brand not found,Discount not found,Price not found,Stock info not found,Rating not found,No social proof available,URL not found
Title not found,Brand not found,Discount not found,Price not found,Stock info not found,Rating not found,No social proof available,URL not found
Title not found,Brand not found,Discount not found,Price not found,Stock info not found,Rating not found,No social proof available,URL not found
Title not found,Brand not found,Discount not found,Price not found,Stock info not found,Rating not found,No social proof available,URL not found
Title not found,Brand not found,Discount not found,Price not found,Stock info not found,Rating not found,No social proof available,URL not found
Title not found,Brand not found,Discount not found,Price not found,Stock info not found,Rating not found,No social proof available,URL not found
Title not found,Brand not found,Discount not found,Price not found,Stock info not found,Rating not found,No social proof available,URL not found
Title not found,Brand not found,Discount not found,Price not found,Stock info not found,Rating not found,No social proof available,URL not found
Title not found,Brand not found,Discount not found,Price not found,Stock info not found,Rating not found,No social proof available,URL not found
Title not found,Brand not found,Discount not found,Price not found,Stock info not found,Rating not found,No social proof available,URL not found
Title not found,Brand not found,Discount not found,Price not found,Stock info not found,Rating not found,No social proof available,URL not found
Title not found,Brand not found,Discount not found,Price not found,Stock info not found,Rating not found,No social proof available,URL not found
Title not found,Brand not found,Discount not found,Price not found,Stock info not found,Rating not found,No social proof available,URL not found
Title not found,Brand not found,Discount not found,Price not found,Stock info not found,Rating not found,No social proof available,URL not found
Title not found,Brand not found,Discount not found,Price not found,Stock info not found,Rating not found,No social proof available,URL not found
Title not found,Brand not found,Discount not found,Price not found,Stock info not found,Rating not found,No social proof available,URL not found
Title not found,Brand not found,Discount not found,Price not found,Stock info not found,Rating not found,No social proof available,URL not found
Title not found,Brand not found,Discount not found,Price not found,Stock info not found,Rating not found,No social proof available,URL not found
Title not found,Brand not found,Discount not found,Price not found,Stock info not found,Rating not found,No social proof available,URL not found
Title not found,Brand not found,Discount not found,Price not found,Stock info not found,Rating not found,No social proof available,URL not found
Title not found,Brand not found,Discount not found,Price not found,Stock info not found,Rating not found,No social proof available,URL not found
Title not found,Brand not found,Discount not found,Price not found,Stock info not found,Rating not found,No social proof available,URL not found
Title not found,Brand not found,Discount not found,Price not found,Stock info not found,Rating not found,No social proof available,URL not found
Title not found,Brand not found,Discount not found,Price not found,Stock info not found,Rating not found,No social proof available,URL not found
Title not found,Brand not found,Discount not found,Price not found,Stock info not found,Rating not found,No social proof available,URL not found
Title not found,Brand not found,Discount not found,Price not found,Stock info not found,Rating not found,No social proof available,URL not found
Title not found,Brand not found,Discount not found,Price not found,Stock info not found,Rating not found,No social proof available,URL not found
Title not found,Brand not found,Discount not found,Price not found,Stock info not found,Rating not found,No social proof available,URL not found
Title not found,Brand not found,Discount not found,Price not found,Stock info not found,Rating not found,No social proof available,URL not found
Title not found,Brand not found,Discount not found,Price not found,Stock info not found,Rating not found,No social proof available,URL not found
Title not found,Brand not found,Discount not found,Price not found,Stock info not found,Rating not found,No social proof available,URL not found
Title not found,Brand not found,Discount not found,Price not found,Stock info not found,Rating not found,No social proof available,URL not found
Title not found,Brand not found,Discount not found,Price not found,Stock info not found,Rating not found,No social proof available,URL not found
Title not found,Brand not found,Discount not found,Price not found,Stock info not found,Rating not found,No social proof available,URL not found
Title not found,Brand not found,Discount not found,Price not found,Stock info not found,Rating not found,No social proof available,URL not found
Title not found,Brand not found,Discount not found,Price not found,Stock info not found,Rating not found,No social proof available,URL not found
Title not found,Brand not found,Discount not found,Price not found,Stock info not found,Rating not found,No social proof available,URL not found
HipponixTech CCD Scanner Motor Old Model for HP Laserjet M1005 Printer,,Discount not found,"13,499",Stock info not found,Rating not found,,https://www.amazon.in/HipponixTech-Scanner-Motor-Laserjet-Printer/dp/B0BX4GTK6K
Title not found,Brand not found,Discount not found,Price not found,Stock info not found,Rating not found,No social proof available,URL not found
Title not found,Brand not found,Discount not found,Price not found,Stock info not found,Rating not found,No social proof available,URL not found
Title not found,Brand not found,Discount not found,Price not found,Stock info not found,Rating not found,No social proof available,URL not found
Title not found,Brand not found,Discount not found,Price not found,Stock info not found,Rating not found,No social proof available,URL not found
Title not found,Brand not found,Discount not found,Price not found,Stock info not found,Rating not found,No social proof available,URL not found
Title not found,Brand not found,Discount not found,Price not found,Stock info not found,Rating not found,No social proof available,URL not found
Canon imageClass MF752Cdw All in One Colour WiFi 33ppm Laser Printer with Duplex,Visit the Canon Store,"₹99,000","89,990",,,,https://www.amazon.in/Canon-imageClass-MF752Cdw-Colour-Printer/dp/B0BVF2ZBQS
Title not found,Brand not found,Discount not found,Price not found,Stock info not found,Rating not found,No social proof available,URL not found
Title not found,Brand not found,Discount not found,Price not found,Stock info not found,Rating not found,No social proof available,URL not found
Title not found,Brand not found,Discount not found,Price not found,Stock info not found,Rating not found,No social proof available,URL not found
Title not found,Brand not found,Discount not found,Price not found,Stock info not found,Rating not found,No social proof available,URL not found
Title not found,Brand not found,Discount not found,Price not found,Stock info not found,Rating not found,No social proof available,URL not found
Laserjet/PHOTOCOPIER Grease for All Laser Printers,,₹750,325,In stock,Rating not found,,https://www.amazon.in/Laserjet-PHOTOCOPIER-Grease-Laser-Printers/dp/B0BSH7XDHG
Title not found,Brand not found,Discount not found,Price not found,Stock info not found,Rating not found,No social proof available,URL not found
Title not found,Brand not found,Discount not found,Price not found,Stock info not found,Rating not found,No social proof available,URL not found
Title not found,Brand not found,Discount not found,Price not found,Stock info not found,Rating not found,No social proof available,URL not found
Title not found,Brand not found,Discount not found,Price not found,Stock info not found,Rating not found,No social proof available,URL not found
AVANT GARDE Handheld 12.7mm Thermal Inkjet Printer with Yellow Premium Solvent Ink Cartridge,"Visit the store, AVANT GARDE    AVANT GARDE   Visit the store","₹27,999","24,999",In stock,Rating not found,,https://www.amazon.in/AVANT-GARDE-Handheld-Thermal-Cartridge/dp/B0BRL3H3P8
Title not found,Brand not found,Discount not found,Price not found,Stock info not found,Rating not found,No social proof available,URL not found
AVANT GARDE Handheld 12.7mm Thermal Inkjet Printer with Blue Premium Solvent Ink Cartridge,"Visit the store, AVANT GARDE    AVANT GARDE   Visit the store","₹30,000","24,999",In stock,Rating not found,,https://www.amazon.in/AVANT-GARDE-Handheld-Thermal-Cartridge/dp/B0BRKYZW4V
Title not found,Brand not found,Discount not found,Price not found,Stock info not found,Rating not found,No social proof available,URL not found
CALANDIS Screen Printing Squeegee Applying Ink Transfer Rubber Soft for Printing 4Cm X 5Cm,"Visit the store, CALANDIS    CALANDIS   Visit the store",Discount not found,Price not found,Stock info not found,Rating not found,,https://www.amazon.in/CALANDIS-Printing-Squeegee-Applying-Transfer/dp/B0BRKWFSW6
Title not found,Brand not found,Discount not found,Price not found,Stock info not found,Rating not found,No social proof available,URL not found
Title not found,Brand not found,Discount not found,Price not found,Stock info not found,Rating not found,No social proof available,URL not found
Title not found,Brand not found,Discount not found,Price not found,Stock info not found,Rating not found,No social proof available,URL not found
Title not found,Brand not found,Discount not found,Price not found,Stock info not found,Rating not found,No social proof available,URL not found
Title not found,Brand not found,Discount not found,Price not found,Stock info not found,Rating not found,No social proof available,URL not found
Title not found,Brand not found,Discount not found,Price not found,Stock info not found,Rating not found,No social proof available,URL not found
Title not found,Brand not found,Discount not found,Price not found,Stock info not found,Rating not found,No social proof available,URL not found
Title not found,Brand not found,Discount not found,Price not found,Stock info not found,Rating not found,No social proof available,URL not found
Title not found,Brand not found,Discount not found,Price not found,Stock info not found,Rating not found,No social proof available,URL not found
Title not found,Brand not found,Discount not found,Price not found,Stock info not found,Rating not found,No social proof available,URL not found
Title not found,Brand not found,Discount not found,Price not found,Stock info not found,Rating not found,No social proof available,URL not found
Title not found,Brand not found,Discount not found,Price not found,Stock info not found,Rating not found,No social proof available,URL not found
Title not found,Brand not found,Discount not found,Price not found,Stock info not found,Rating not found,No social proof available,URL not found
Title not found,Brand not found,Discount not found,Price not found,Stock info not found,Rating not found,No social proof available,URL not found
Title not found,Brand not found,Discount not found,Price not found,Stock info not found,Rating not found,No social proof available,URL not found
CALANDIS 1 Set 1.96X1.57X0.78Inches Fuser Handle Printer Accessory for Hp 1320,"Visit the store, CALANDIS    CALANDIS   Visit the store",Discount not found,Price not found,Stock info not found,Rating not found,,https://www.amazon.in/CALANDIS-1-96X1-57X0-78Inches-Handle-Printer-Accessory/dp/B0BQVYW9JX
Title not found,Brand not found,Discount not found,Price not found,Stock info not found,Rating not found,No social proof available,URL not found
Title not found,Brand not found,Discount not found,Price not found,Stock info not found,Rating not found,No social proof available,URL not found
CALANDIS® Plotter Trailing Cable for Hp Designjet 500 800 815 820 B0 42Inch C7770-60274 Printer Parts & Accessories,"Visit the store, CALANDIS    CALANDIS   Visit the store",Discount not found,Price not found,Stock info not found,Rating not found,,https://www.amazon.in/CALANDIS-Trailing-Designjet-C7770-60274-Accessories/dp/B0BQVS5Q87
Title not found,Brand not found,Discount not found,Price not found,Stock info not found,Rating not found,No social proof available,URL not found
Title not found,Brand not found,Discount not found,Price not found,Stock info not found,Rating not found,No social proof available,URL not found
Title not found,Brand not found,Discount not found,Price not found,Stock info not found,Rating not found,No social proof available,URL not found
Title not found,Brand not found,Discount not found,Price not found,Stock info not found,Rating not found,No social proof available,URL not found
Title not found,Brand not found,Discount not found,Price not found,Stock info not found,Rating not found,No social proof available,URL not found
Title not found,Brand not found,Discount not found,Price not found,Stock info not found,Rating not found,No social proof available,URL not found
Title not found,Brand not found,Discount not found,Price not found,Stock info not found,Rating not found,No social proof available,URL not found
Title not found,Brand not found,Discount not found,Price not found,Stock info not found,Rating not found,No social proof available,URL not found
Title not found,Brand not found,Discount not found,Price not found,Stock info not found,Rating not found,No social proof available,URL not found
Title not found,Brand not found,Discount not found,Price not found,Stock info not found,Rating not found,No social proof available,URL not found
Title not found,Brand not found,Discount not found,Price not found,Stock info not found,Rating not found,No social proof available,URL not found
Title not found,Brand not found,Discount not found,Price not found,Stock info not found,Rating not found,No social proof available,URL not found
Title not found,Brand not found,Discount not found,Price not found,Stock info not found,Rating not found,No social proof available,URL not found
Title not found,Brand not found,Discount not found,Price not found,Stock info not found,Rating not found,No social proof available,URL not found
Title not found,Brand not found,Discount not found,Price not found,Stock info not found,Rating not found,No social proof available,URL not found
CALANDIS Printer Fuser Drive Gear Repair Part Ru7-0291-000 for Hp M600 Series,"Visit the store, CALANDIS    CALANDIS   Visit the store",Discount not found,Price not found,Stock info not found,Rating not found,,https://www.amazon.in/CALANDIS-Printer-Fuser-Repair-Ru7-0291-000/dp/B0BN8J29DP
Title not found,Brand not found,Discount not found,Price not found,Stock info not found,Rating not found,No social proof available,URL not found
Title not found,Brand not found,Discount not found,Price not found,Stock info not found,Rating not found,No social proof available,URL not found
